INSERT INTO PORTOWN.PP_PRAC (ID,FNAME,MNAME,LNAME,XNAME,"degree",SEX,DOB,SSN,EMAIL,SALUTATION,LABEL_CLUSTER_ID,PRAC_TYPE_ID,NARRATIVE) VALUES
	 (781089,'Alidad','M','Zadeh',NULL,'DO','M',TIMESTAMP'1971-08-20 00:00:00',NULL,NULL,'Dr.',1,NULL,NULL);

INSERT INTO PORTOWN.PP_ADDR (ID,"type",ADDR1,ADDR2,CITY_ID,COUNTY_ID,ZIP,PLUS4,ADDR3,POSTAL_CODE,COUNTRY_ID,START_DATE,END_DATE,LATITUDE,LONGITUDE,UGLY_ADDR1,UGLY_ADDR2,COUNTY_FIPS,LATITUDE7,LONGITUDE7) VALUES
	 (2957294,'CRED_CORRESPONDENCE','605 W H St','Ste 110',2187,842,'92227','2250',NULL,NULL,1,TIMESTAMP'2015-02-26 00:00:00',TIMESTAMP'2018-08-22 00:00:00',32.977,-115.553,'605 W H St','Ste 110','06025',32.976772,-115.552788),
	 (10952627,'MAILING','13000 Deerfield Pkwy','Ste 100',13248,635,'30004','6118',NULL,NULL,1,TIMESTAMP'2023-05-01 00:00:00',TIMESTAMP'4000-01-01 00:00:00',34.097,-84.268,'13000 Deerfield Pkwy','Ste 100','13121',34.096626,-84.267883),
	 (11480992,'CRED_CORRESPONDENCE','516 W Aten Rd','Ste 2',9689,842,'92251','9805',NULL,NULL,1,TIMESTAMP'2023-10-05 00:00:00',TIMESTAMP'4000-01-01 00:00:00',32.827,-115.581,'516 W Aten RD','Ste 2','06025',32.827091,-115.581329);

INSERT INTO PORTOWN.PP_PHONES (ID,"type",AREACODE,EXCHANGE,NUM,EXTENSION,"FOREIGN",COUNTRY_CODE,FOREIGN_PHONE) VALUES
	 (13933636,'PHONE','760','355','7748',NULL,'N',1,NULL),
	 (2613428,'PHONE','760','344','7976',NULL,'N',1,NULL),
	 (2613429,'FAX','760','344','7106',NULL,'N',1,NULL),
	 (13933637,'FAX','760','355','7731',NULL,'N',1,NULL);

INSERT INTO PORTOWN.PP_ADDR_PHONES (ADDRESS_ID,PHONE_ID) VALUES
	 (2957294,2613428),
	 (2957294,2613429),
	 (11480992,13933636),
	 (11480992,13933637);

INSERT INTO PORTOWN.PP_PRAC_ADDR (PRAC_ID,ADDRESS_ID) VALUES
	 (781089,2957294),
	 (781089,10952627),
	 (781089,11480992);

-- Already inserted
-- INSERT INTO PORTOWN.PP_ADDR (ID,"type",ADDR1,ADDR2,CITY_ID,COUNTY_ID,ZIP,PLUS4,ADDR3,POSTAL_CODE,COUNTRY_ID,START_DATE,END_DATE,LATITUDE,LONGITUDE,UGLY_ADDR1,UGLY_ADDR2,COUNTY_FIPS,LATITUDE7,LONGITUDE7) VALUES
--      (4682051,'MAIN','1600 S Imperial Ave','Ste 10',6101,842,'92243','4242',NULL,NULL,1,TIMESTAMP'1800-01-01 00:00:00',TIMESTAMP'4000-01-01 00:00:00',32.779,-115.57,'1600 S Imperial Ave','Ste 10','06025',32.778805,-115.57048),
-- 	 (4716795,'MAIN','1600 S Imperial Ave','Ste 3',6101,842,'92243','4242',NULL,NULL,1,TIMESTAMP'1800-01-01 00:00:00',TIMESTAMP'4000-01-01 00:00:00',32.779,-115.57,'1600 S Imperial Ave','Ste 3','06025',32.778805,-115.57048);

-- Already inserted
-- INSERT INTO PORTOWN.PP_PROV_TIN_LOC (ID,TIN_ID,ADDRESS_ID,NAME,"PRIMARY",PRINT_SUPPRESS,OFFICE_MGR,TRAIN,BUS,TRANSIT_ROUTE,HANDICAP,LABEL_CLUSTER_ID,PROV_TIN_PRC_CONT_ID) VALUES
--      (3505479,1794145,4682051,'DIRECT NETWORK: IMPERIAL','N',NULL,NULL,NULL,NULL,NULL,NULL,1,NULL),
-- 	 (3540000,1794145,4716795,'DIRECT NETWORK: IMPERIAL','N',NULL,NULL,NULL,NULL,NULL,NULL,1,NULL);


INSERT INTO PORTOWN.PP_PRAC_LOC (PRAC_ID,PROV_ID,LOC_ID,"PRIMARY",PRINT_SUPPRESS,START_DATE,END_DATE,LABEL_CLUSTER_ID) VALUES
	 (781089,2278167,3505479,NULL,'N',TIMESTAMP'2015-01-01 00:00:00',TIMESTAMP'4000-01-01 00:00:00',1),
	 (781089,2278167,3540000,NULL,'N',TIMESTAMP'2015-01-01 00:00:00',TIMESTAMP'4000-01-01 00:00:00',1);

INSERT INTO PORTOWN.PP_PRAC_NET_CYCLE (ID,PRAC_ID,NET_ID,START_DATE,END_DATE,STATUS,LABEL_CLUSTER_ID) VALUES
	 (8135195,781089,4179,TIMESTAMP'2017-01-01 00:00:00',TIMESTAMP'4000-01-01 00:00:00','Par',1),
	 (8507756,781089,5256,TIMESTAMP'2016-02-01 00:00:00',TIMESTAMP'2022-12-31 00:00:00','Par',1),
	 (9749059,781089,4945,TIMESTAMP'2017-07-01 00:00:00',TIMESTAMP'4000-01-01 00:00:00','Par',1),
	 (12121280,781089,8219,TIMESTAMP'2015-01-01 00:00:00',TIMESTAMP'4000-01-01 00:00:00','Par',1),
	 (12121285,781089,8237,TIMESTAMP'2015-01-01 00:00:00',TIMESTAMP'4000-01-01 00:00:00','Par',1),
	 (12121289,781089,8238,TIMESTAMP'2015-01-01 00:00:00',TIMESTAMP'4000-01-01 00:00:00','Par',1),
	 (12121293,781089,8239,TIMESTAMP'2015-01-01 00:00:00',TIMESTAMP'4000-01-01 00:00:00','Par',1),
	 (12121297,781089,8243,TIMESTAMP'2015-01-01 00:00:00',TIMESTAMP'4000-01-01 00:00:00','Par',1),
	 (12121301,781089,8245,TIMESTAMP'2015-01-01 00:00:00',TIMESTAMP'4000-01-01 00:00:00','Par',1),
	 (12121306,781089,8246,TIMESTAMP'2015-01-01 00:00:00',TIMESTAMP'4000-01-01 00:00:00','Par',1);
INSERT INTO PORTOWN.PP_PRAC_NET_CYCLE (ID,PRAC_ID,NET_ID,START_DATE,END_DATE,STATUS,LABEL_CLUSTER_ID) VALUES
	 (14293422,781089,8242,TIMESTAMP'2015-01-01 00:00:00',TIMESTAMP'4000-01-01 00:00:00','Par',1),
	 (14293446,781089,9716,TIMESTAMP'2015-01-01 00:00:00',TIMESTAMP'2023-12-31 00:00:00','Par',1),
	 (25947957,781089,8236,TIMESTAMP'2024-04-01 00:00:00',TIMESTAMP'4000-01-01 00:00:00','Par',1),
	 (25948031,781089,8248,TIMESTAMP'2024-04-01 00:00:00',TIMESTAMP'4000-01-01 00:00:00','Par',1);

INSERT INTO PORTOWN.PP_PRAC_NET_LOC_CYCLE (ID,PRAC_ID,PROV_ID,LOC_ID,PRAC_NET_CYCLE_ID,START_DATE,END_DATE,"PRIMARY",LABEL_CLUSTER_ID) VALUES
	 (12290268,781089,2278167,3540000,8135195,TIMESTAMP'2017-01-01 00:00:00',TIMESTAMP'4000-01-01 00:00:00','N',1),
	 (12388998,781089,2278167,3505479,8135195,TIMESTAMP'2017-01-01 00:00:00',TIMESTAMP'4000-01-01 00:00:00','Y',1),
	 (13317717,781089,2278167,3540000,8507756,TIMESTAMP'2016-02-01 00:00:00',TIMESTAMP'2022-12-31 00:00:00','N',1),
	 (24059494,781089,2278167,3505479,12121289,TIMESTAMP'2015-01-01 00:00:00',TIMESTAMP'2025-01-31 00:00:00','Y',1),
	 (13478845,781089,2278167,3505479,8507756,TIMESTAMP'2016-02-01 00:00:00',TIMESTAMP'2022-12-31 00:00:00','Y',1),
	 (16919243,781089,2278167,3505479,9749059,TIMESTAMP'2016-02-01 00:00:00',TIMESTAMP'4000-01-01 00:00:00','Y',1),
	 (16919246,781089,2278167,3540000,9749059,TIMESTAMP'2016-02-01 00:00:00',TIMESTAMP'4000-01-01 00:00:00','N',1),
	 (24059483,781089,2278167,3505479,12121280,TIMESTAMP'2015-01-01 00:00:00',TIMESTAMP'2025-01-31 00:00:00','Y',1),
	 (24059488,781089,2278167,3540000,12121280,TIMESTAMP'2015-01-01 00:00:00',TIMESTAMP'4000-01-01 00:00:00','N',1),
	 (24059489,781089,2278167,3505479,12121285,TIMESTAMP'2015-01-01 00:00:00',TIMESTAMP'2025-01-31 00:00:00','Y',1);
INSERT INTO PORTOWN.PP_PRAC_NET_LOC_CYCLE (ID,PRAC_ID,PROV_ID,LOC_ID,PRAC_NET_CYCLE_ID,START_DATE,END_DATE,"PRIMARY",LABEL_CLUSTER_ID) VALUES
	 (24059493,781089,2278167,3540000,12121285,TIMESTAMP'2015-01-01 00:00:00',TIMESTAMP'4000-01-01 00:00:00','N',1),
	 (24059516,781089,2278167,3540000,12121289,TIMESTAMP'2015-01-01 00:00:00',TIMESTAMP'4000-01-01 00:00:00','N',1),
	 (24059519,781089,2278167,3505479,12121293,TIMESTAMP'2015-01-01 00:00:00',TIMESTAMP'2025-01-31 00:00:00','Y',1),
	 (24059522,781089,2278167,3540000,12121293,TIMESTAMP'2015-01-01 00:00:00',TIMESTAMP'4000-01-01 00:00:00','N',1),
	 (24059524,781089,2278167,3505479,12121297,TIMESTAMP'2015-01-01 00:00:00',TIMESTAMP'2025-01-31 00:00:00','Y',1),
	 (24059526,781089,2278167,3540000,12121297,TIMESTAMP'2015-01-01 00:00:00',TIMESTAMP'4000-01-01 00:00:00','N',1),
	 (24059529,781089,2278167,3505479,12121301,TIMESTAMP'2015-01-01 00:00:00',TIMESTAMP'2025-01-31 00:00:00','Y',1),
	 (24059532,781089,2278167,3540000,12121301,TIMESTAMP'2015-01-01 00:00:00',TIMESTAMP'4000-01-01 00:00:00','N',1),
	 (24059555,781089,2278167,3505479,12121306,TIMESTAMP'2015-01-01 00:00:00',TIMESTAMP'2025-01-31 00:00:00','Y',1),
	 (24059558,781089,2278167,3540000,12121306,TIMESTAMP'2015-01-01 00:00:00',TIMESTAMP'4000-01-01 00:00:00','N',1);
INSERT INTO PORTOWN.PP_PRAC_NET_LOC_CYCLE (ID,PRAC_ID,PROV_ID,LOC_ID,PRAC_NET_CYCLE_ID,START_DATE,END_DATE,"PRIMARY",LABEL_CLUSTER_ID) VALUES
	 (86270002,781089,2278167,3540000,25948031,TIMESTAMP'2024-09-01 00:00:00',TIMESTAMP'4000-01-01 00:00:00','N',1),
	 (33137236,781089,2278167,3505479,14293422,TIMESTAMP'2015-01-01 00:00:00',TIMESTAMP'2025-01-31 00:00:00','Y',1),
	 (33137240,781089,2278167,3540000,14293422,TIMESTAMP'2015-01-01 00:00:00',TIMESTAMP'4000-01-01 00:00:00','N',1),
	 (33137243,781089,2278167,3505479,14293446,TIMESTAMP'2015-01-01 00:00:00',TIMESTAMP'2023-12-31 00:00:00','Y',1),
	 (33137245,781089,2278167,3540000,14293446,TIMESTAMP'2015-01-01 00:00:00',TIMESTAMP'2023-12-31 00:00:00','N',1),
	 (86269999,781089,2278167,3505479,25947957,TIMESTAMP'2024-09-01 00:00:00',TIMESTAMP'2025-01-31 00:00:00','N',1),
	 (86270000,781089,2278167,3540000,25947957,TIMESTAMP'2024-09-01 00:00:00',TIMESTAMP'4000-01-01 00:00:00','N',1),
	 (86270001,781089,2278167,3505479,25948031,TIMESTAMP'2024-09-01 00:00:00',TIMESTAMP'2025-01-31 00:00:00','N',1);

INSERT INTO PORTOWN.PP_PRAC_ATTRIB (ID,PRAC_ID,ATTRIBUTE_ID) VALUES
	 (3028626,781089,501),
	 (4209137,781089,100043),
	 (4251650,781089,100084),
	 (3234653,781089,100085),
	 (47799445,781089,100085),
	 (7853191,781089,101619),
	 (15648903,781089,103279);

INSERT INTO PORTOWN.PP_PRAC_ATTRIB_VALUES (ID,PRAC_ATTRIBUTE_ID,FIELD_ID,VALUE,VALUE_DATE,VALUE_NUMBER,LABEL_CLUSTER_ID) VALUES
	 (4860865,3028626,704,'01/01/4000',TIMESTAMP'4000-01-01 00:00:00',NULL,1),
	 (4860866,3028626,702,'Type 1',NULL,NULL,1),
	 (4860867,3028626,701,'1013154400',NULL,1013154400,1),
	 (4860868,3028626,703,'04/19/2024',TIMESTAMP'2024-04-19 00:00:00',NULL,1),
	 (6927669,4209137,100242,'NA',NULL,NULL,1),
	 (6995146,4251650,100301,'BJ906X',NULL,NULL,1),
	 (5327909,3234653,100303,'OH',NULL,NULL,1),
	 (5327910,3234653,100302,'9111115',NULL,NULL,1),
	 (90393676,47799445,100302,'1013154400',NULL,NULL,1),
	 (90393677,47799445,100303,'CA',NULL,NULL,1);
INSERT INTO PORTOWN.PP_PRAC_ATTRIB_VALUES (ID,PRAC_ATTRIBUTE_ID,FIELD_ID,VALUE,VALUE_DATE,VALUE_NUMBER,LABEL_CLUSTER_ID) VALUES
	 (90393678,47799445,104755,'02-24-2009',TIMESTAMP'2009-02-24 00:00:00',NULL,1),
	 (12666186,7853191,102449,'N',NULL,NULL,1),
	 (26693664,15648903,105838,'P154132',NULL,NULL,1);

INSERT INTO PORTOWN.PP_PRAC_LOC_ATTRIB (ID,PRAC_ID,PROV_ID,LOC_ID,ATTRIBUTE_ID) VALUES
	 (46268631,781089,2278167,3505479,107097),
	 (46287887,781089,2278167,3540000,107097);

INSERT INTO PORTOWN.PP_PRAC_LOC_ATTRIB_VALUES (ID,PRAC_LOC_ATTRIBUTE_ID,FIELD_ID,VALUE,VALUE_DATE,VALUE_NUMBER,LABEL_CLUSTER_ID) VALUES
	 (111315291,46268631,111635,'Y',NULL,NULL,1),
	 (111315292,46268631,111636,'Internal Medicine',NULL,NULL,1),
	 (111345636,46287887,111635,'Y',NULL,NULL,1),
	 (111345637,46287887,111636,'Internal Medicine',NULL,NULL,1);
