INSERT INTO PORTOWN.PP_PROV_TIN (ID,NAME,"TYPE",TIN,LABEL_CLUSTER_ID) VALUES
	 (10826,'South Shore Hospital',NULL,'04-2769210',1);

INSERT INTO PORTOWN.PP_ADDR (ID,"TYPE",ADDR1,ADDR2,CITY_ID,COUNTY_ID,ZIP,PLUS4,ADDR3,POSTAL_CODE,COUNTRY_ID,START_DATE,END_DATE,LATITUDE,LONGITUDE,UGLY_ADDR1,UGLY_ADDR2,COUNTY_FIPS,LATITUDE7,LONGITUDE7) VALUES
	 (420431,'BILLING','PO Box 360',NULL,19629,1242,'02190','0003',NULL,NULL,1,TIMESTAMP'2009-07-01 00:00:00',TIMESTAMP'4000-01-01 00:00:00',42.174,-70.953,'PO Box 360',NULL,'25021',42.173771,-70.952644);

INSERT INTO PORTOWN.PP_PROV (ID,TIN_ID,ADDRESS_ID,SPEC_ID,SUB_PROV_CODE,NAME,NAME_USAGE,MEDICARE_NO,PROV_TYPE_ID,LABEL_CLUSTER_ID) VALUES
	 (10963,10826,420431,1944,NULL,'South Shore Hospital','P','220100',104,1);

INSERT INTO PORTOWN.PP_ADDR (ID,"TYPE",ADDR1,ADDR2,CITY_ID,COUNTY_ID,ZIP,PLUS4,ADDR3,POSTAL_CODE,COUNTRY_ID,START_DATE,END_DATE,LATITUDE,LONGITUDE,UGLY_ADDR1,UGLY_ADDR2,COUNTY_FIPS,LATITUDE7,LONGITUDE7) VALUES
	 (25763,'MAIN','55 Fogg Rd',NULL,19629,1242,'02190','2432',NULL,NULL,1,TIMESTAMP'2009-06-11 00:00:00',TIMESTAMP'4000-01-01 00:00:00',42.176,-70.954,'55 Fogg RD',NULL,'25021',42.175716,-70.954216),
	 (4457213,'MAILING','141 Longwater Dr','Ste 201',14970,1377,'02061','1621',NULL,NULL,1,TIMESTAMP'1800-01-01 00:00:00',TIMESTAMP'4000-01-01 00:00:00',42.159,-70.877,'141 Longwater Dr','Ste 201','25023',42.158604,-70.877495);

INSERT INTO PORTOWN.PP_PROV_ADDR (PROV_ID,ADDRESS_ID) VALUES
	 (10963,25763),
	 (10963,4457213);

INSERT INTO PORTOWN.PP_PHONES (ID,"TYPE",AREACODE,EXCHANGE,NUM,EXTENSION,"FOREIGN",COUNTRY_CODE,FOREIGN_PHONE) VALUES
	 (4454813,'PHONE','781','792','4136',NULL,'N',1,NULL);

INSERT INTO PORTOWN.PP_ADDR_PHONES (ADDRESS_ID,PHONE_ID) VALUES
	 (4457213,4454813);

INSERT INTO PORTOWN.PP_PROV_ATTRIB (ID,PROV_ID,ATTRIBUTE_ID) VALUES
	 (15546,10963,502),
	 (3937975,10963,100011),
	 (21334620,10963,100011),
	 (22347002,10963,100011),
	 (48091845,10963,100011),
	 (48261667,10963,100011),
	 (49868897,10963,100011),
	 (49882510,10963,100011),
	 (49884452,10963,100011),
	 (15548,10963,100053);
INSERT INTO PORTOWN.PP_PROV_ATTRIB (ID,PROV_ID,ATTRIBUTE_ID) VALUES
	 (9251258,10963,100073),
	 (15551,10963,100088),
	 (15552,10963,100089),
	 (15554,10963,100090),
	 (15553,10963,100091),
	 (15550,10963,100114),
	 (7961996,10963,100640),
	 (7962021,10963,100640),
	 (7962022,10963,100640),
	 (7962023,10963,100640);
INSERT INTO PORTOWN.PP_PROV_ATTRIB (ID,PROV_ID,ATTRIBUTE_ID) VALUES
	 (7962024,10963,100640),
	 (7962025,10963,100640),
	 (7962028,10963,100640),
	 (7962029,10963,100640),
	 (7962030,10963,100640),
	 (7962031,10963,100640),
	 (7962032,10963,100640),
	 (7962096,10963,100640),
	 (7962097,10963,100640),
	 (7962098,10963,100640);

INSERT INTO PORTOWN.PP_PROV_ATTRIB_VALUES (ID,PROV_ATTRIBUTE_ID,FIELD_ID,VALUE,VALUE_DATE,VALUE_NUMBER,LABEL_CLUSTER_ID) VALUES
	 (16141,15546,707,'Type 2',NULL,NULL,1),
	 (16142,15546,706,'1134227606',NULL,1134227606,1),
	 (16143,15546,708,'06/11/2009',TIMESTAMP'2009-06-11 00:00:00',NULL,1),
	 (4760192,3937975,100477,'FL',NULL,NULL,1),
	 (4760193,3937975,100094,'115370100',NULL,NULL,1),
	 (64996367,3937975,18958,'Active',NULL,NULL,1),
	 (64996368,3937975,104756,'09/19/2021',TIMESTAMP'2021-09-19 00:00:00',NULL,1),
	 (64996369,3937975,103215,'12/31/2299',TIMESTAMP'2299-12-31 00:00:00',NULL,1),
	 (26940248,21334620,100477,NULL,NULL,NULL,1),
	 (26940249,21334620,100094,NULL,NULL,NULL,1);
INSERT INTO PORTOWN.PP_PROV_ATTRIB_VALUES (ID,PROV_ATTRIBUTE_ID,FIELD_ID,VALUE,VALUE_DATE,VALUE_NUMBER,LABEL_CLUSTER_ID) VALUES
	 (65000195,21334620,18958,NULL,NULL,NULL,1),
	 (65000196,21334620,104756,NULL,NULL,NULL,1),
	 (65000197,21334620,103215,NULL,NULL,NULL,1),
	 (28348218,22347002,104756,NULL,NULL,NULL,1),
	 (28348219,22347002,100477,NULL,NULL,NULL,1),
	 (28348220,22347002,100094,NULL,NULL,NULL,1),
	 (28348221,22347002,103215,NULL,NULL,NULL,1),
	 (55968765,22347002,18958,NULL,NULL,NULL,1),
	 (62495589,48091845,100477,NULL,NULL,NULL,1),
	 (65007213,48091845,100094,NULL,NULL,NULL,1);
INSERT INTO PORTOWN.PP_PROV_ATTRIB_VALUES (ID,PROV_ATTRIBUTE_ID,FIELD_ID,VALUE,VALUE_DATE,VALUE_NUMBER,LABEL_CLUSTER_ID) VALUES
	 (65007214,48091845,18958,NULL,NULL,NULL,1),
	 (65007215,48091845,104756,NULL,NULL,NULL,1),
	 (65007216,48091845,103215,NULL,NULL,NULL,1),
	 (65007797,48261667,18958,NULL,NULL,NULL,1),
	 (65007798,48261667,104756,NULL,NULL,NULL,1),
	 (65007799,48261667,103215,NULL,NULL,NULL,1),
	 (62777420,48261667,100094,NULL,NULL,NULL,1),
	 (62777421,48261667,100477,NULL,NULL,NULL,1),
	 (65094469,49868897,100094,'0814079',NULL,NULL,1),
	 (65094470,49868897,100477,'OH',NULL,NULL,1);
INSERT INTO PORTOWN.PP_PROV_ATTRIB_VALUES (ID,PROV_ATTRIBUTE_ID,FIELD_ID,VALUE,VALUE_DATE,VALUE_NUMBER,LABEL_CLUSTER_ID) VALUES
	 (65119407,49882510,100094,'1001426',NULL,NULL,1),
	 (65119408,49882510,100477,'MA',NULL,NULL,1),
	 (65123750,49884452,100094,'1001426',NULL,NULL,1),
	 (65123751,49884452,100477,'MA',NULL,NULL,1),
	 (16146,15548,100264,'MA',NULL,NULL,1),
	 (9590189,15548,100263,'2107',NULL,NULL,1),
	 (9590209,15548,100678,'03-09-2013',TIMESTAMP'2013-03-09 00:00:00',NULL,1),
	 (9590210,15548,100679,'03-08-2015',TIMESTAMP'2015-03-08 00:00:00',NULL,1),
	 (11202104,9251258,100283,'220100',NULL,NULL,1),
	 (16149,15551,100312,'N',NULL,NULL,1);
INSERT INTO PORTOWN.PP_PROV_ATTRIB_VALUES (ID,PROV_ATTRIBUTE_ID,FIELD_ID,VALUE,VALUE_DATE,VALUE_NUMBER,LABEL_CLUSTER_ID) VALUES
	 (9590283,15551,100313,'08-18-2012',TIMESTAMP'2012-08-18 00:00:00',NULL,1),
	 (9590284,15551,103141,'08-18-2015',TIMESTAMP'2015-08-18 00:00:00',NULL,1),
	 (16150,15552,100314,'N',NULL,NULL,1),
	 (16152,15554,100316,'N',NULL,NULL,1),
	 (16151,15553,100318,'N',NULL,NULL,1),
	 (16148,15550,100348,'HO',NULL,NULL,1),
	 (9590369,7961996,101140,'Y',NULL,NULL,1),
	 (9590398,7961996,101141,'01-13-2014',TIMESTAMP'2014-01-13 00:00:00',NULL,1),
	 (9590399,7961996,102915,'03-01-2017',TIMESTAMP'2017-03-01 00:00:00',NULL,1),
	 (9590400,7962021,101140,'Y',NULL,NULL,1);
INSERT INTO PORTOWN.PP_PROV_ATTRIB_VALUES (ID,PROV_ATTRIBUTE_ID,FIELD_ID,VALUE,VALUE_DATE,VALUE_NUMBER,LABEL_CLUSTER_ID) VALUES
	 (9590401,7962021,101141,'12-26-2012',TIMESTAMP'2012-12-26 00:00:00',NULL,1),
	 (9590402,7962021,102915,'03-17-2016',TIMESTAMP'2016-03-17 00:00:00',NULL,1),
	 (9590403,7962022,101140,'Y',NULL,NULL,1),
	 (9590404,7962022,101141,'01-08-2013',TIMESTAMP'2013-01-08 00:00:00',NULL,1),
	 (9590405,7962022,102915,'03-17-2016',TIMESTAMP'2016-03-17 00:00:00',NULL,1),
	 (9590470,7962023,101140,'Y',NULL,NULL,1),
	 (9590471,7962023,101141,'04-29-2013',TIMESTAMP'2013-04-29 00:00:00',NULL,1),
	 (9590472,7962023,102915,'07-17-2016',TIMESTAMP'2016-07-17 00:00:00',NULL,1),
	 (9590473,7962024,101140,'Y',NULL,NULL,1),
	 (9590474,7962024,101141,'03-12-2012',TIMESTAMP'2012-03-12 00:00:00',NULL,1);
INSERT INTO PORTOWN.PP_PROV_ATTRIB_VALUES (ID,PROV_ATTRIBUTE_ID,FIELD_ID,VALUE,VALUE_DATE,VALUE_NUMBER,LABEL_CLUSTER_ID) VALUES
	 (9590475,7962024,102915,'03-12-2015',TIMESTAMP'2015-03-12 00:00:00',NULL,1),
	 (9590480,7962025,101140,'Y',NULL,NULL,1),
	 (9590481,7962025,101141,'05-24-2013',TIMESTAMP'2013-05-24 00:00:00',NULL,1),
	 (9590482,7962025,102915,'08-16-2016',TIMESTAMP'2016-08-16 00:00:00',NULL,1),
	 (9590483,7962028,101140,'Y',NULL,NULL,1),
	 (9590484,7962028,101141,'08-22-2012',TIMESTAMP'2012-08-22 00:00:00',NULL,1),
	 (9590485,7962028,102915,'08-22-2015',TIMESTAMP'2015-08-22 00:00:00',NULL,1),
	 (9590486,7962029,101140,'Y',NULL,NULL,1),
	 (9590487,7962029,101141,'07-13-2013',TIMESTAMP'2013-07-13 00:00:00',NULL,1),
	 (9590488,7962029,102915,'07-13-2016',TIMESTAMP'2016-07-13 00:00:00',NULL,1);
INSERT INTO PORTOWN.PP_PROV_ATTRIB_VALUES (ID,PROV_ATTRIBUTE_ID,FIELD_ID,VALUE,VALUE_DATE,VALUE_NUMBER,LABEL_CLUSTER_ID) VALUES
	 (9590509,7962030,101140,'Y',NULL,NULL,1),
	 (9590510,7962030,101141,'07-13-2013',TIMESTAMP'2013-07-13 00:00:00',NULL,1),
	 (9590511,7962030,102915,'07-13-2016',TIMESTAMP'2016-07-13 00:00:00',NULL,1),
	 (9590512,7962031,101140,'Y',NULL,NULL,1),
	 (9590513,7962031,101141,'11-22-2013',TIMESTAMP'2013-11-22 00:00:00',NULL,1),
	 (9590514,7962031,102915,'11-22-2016',TIMESTAMP'2016-11-22 00:00:00',NULL,1),
	 (9590515,7962032,101140,'Y',NULL,NULL,1),
	 (9590516,7962032,101141,'11-22-2013',TIMESTAMP'2013-11-22 00:00:00',NULL,1),
	 (9590517,7962032,102915,'11-22-2016',TIMESTAMP'2016-11-22 00:00:00',NULL,1),
	 (9590569,7962096,101140,'Y',NULL,NULL,1);
INSERT INTO PORTOWN.PP_PROV_ATTRIB_VALUES (ID,PROV_ATTRIBUTE_ID,FIELD_ID,VALUE,VALUE_DATE,VALUE_NUMBER,LABEL_CLUSTER_ID) VALUES
	 (9590570,7962096,101141,'03-15-2012',TIMESTAMP'2012-03-15 00:00:00',NULL,1),
	 (9590571,7962096,102915,'03-15-2015',TIMESTAMP'2015-03-15 00:00:00',NULL,1),
	 (9590572,7962097,101140,'Y',NULL,NULL,1),
	 (9590573,7962097,101141,'11-09-2011',TIMESTAMP'2011-11-09 00:00:00',NULL,1),
	 (9590574,7962097,102915,'11-09-2014',TIMESTAMP'2014-11-09 00:00:00',NULL,1),
	 (9590575,7962098,101140,'Y',NULL,NULL,1),
	 (9590576,7962098,101141,'09-30-2011',TIMESTAMP'2011-09-30 00:00:00',NULL,1),
	 (9590577,7962098,102915,'09-30-2014',TIMESTAMP'2014-09-30 00:00:00',NULL,1);

INSERT INTO PORTOWN.PP_PROV_TIN_LOC (ID,TIN_ID,ADDRESS_ID,NAME,"PRIMARY",PRINT_SUPPRESS,OFFICE_MGR,TRAIN,BUS,TRANSIT_ROUTE,HANDICAP,LABEL_CLUSTER_ID,PROV_TIN_PRC_CONT_ID) VALUES
	 (1863951,10826,2610592,'South Shore Hospital','N','Y',NULL,'N','N',NULL,'Y',1,NULL),
	 (1863909,10826,2610508,'Cohasset Imaging Services','N','Y',NULL,'N','N',NULL,'Y',1,NULL),
	 (1864010,10826,2610649,'The Boutique','N','Y',NULL,'N','N',NULL,'Y',1,NULL),
	 (1864049,10826,2610688,'South Shore Hospital','N','Y',NULL,'N','N',NULL,'Y',1,NULL),
	 (5818473,10826,7408747,'South Shore Hospital','N','N',NULL,'N','N',NULL,'N',1,NULL),
	 (1863949,10826,2610588,'South Shore Hospital','N','Y',NULL,'N','N',NULL,'Y',1,NULL),
	 (3106765,10826,4178655,'South Shore Hospital','N','Y',NULL,'N','N',NULL,'Y',1,NULL),
	 (1864009,10826,2610648,'Center for Orthopedics Spine and Sports Medicine','N','Y',NULL,'N','N',NULL,'Y',1,NULL);

INSERT INTO PORTOWN.PP_ADDR (ID,"TYPE",ADDR1,ADDR2,CITY_ID,COUNTY_ID,ZIP,PLUS4,ADDR3,POSTAL_CODE,COUNTRY_ID,START_DATE,END_DATE,LATITUDE,LONGITUDE,UGLY_ADDR1,UGLY_ADDR2,COUNTY_FIPS,LATITUDE7,LONGITUDE7) VALUES
	 (2610649,'MAIN','101 Columbian St',NULL,19629,1242,'02190','1601',NULL,NULL,1,TIMESTAMP'1800-01-01 00:00:00',TIMESTAMP'4000-01-01 00:00:00',42.177,-70.955,'101 Columbian St',NULL,'25021',42.177109,-70.954987),
	 (4178655,'MAIN','55 Fogg Rd',NULL,19629,1242,'02190','2432',NULL,NULL,1,TIMESTAMP'1800-01-01 00:00:00',TIMESTAMP'4000-01-01 00:00:00',42.176,-70.954,'55 Fogg RD',NULL,'25021',42.175716,-70.954216),
	 (2610508,'MAIN','233 Chief Justice Cushing Hwy',NULL,3986,1242,'02025','1301',NULL,NULL,1,TIMESTAMP'1800-01-01 00:00:00',TIMESTAMP'4000-01-01 00:00:00',42.24,-70.829,'233 Chief Justice Cushing Hwy',NULL,'25021',42.24025,-70.82877),
	 (2610588,'MAIN','797 Main St',NULL,19629,1242,'02190','1623',NULL,NULL,1,TIMESTAMP'1800-01-01 00:00:00',TIMESTAMP'4000-01-01 00:00:00',42.178,-70.956,'797 Main St',NULL,'25021',42.17815,-70.955978),
	 (7408747,'MAIN','30 Reservoir Park Dr',NULL,17695,1377,'02370','1055',NULL,NULL,1,TIMESTAMP'1800-01-01 00:00:00',TIMESTAMP'4000-01-01 00:00:00',42.161,-70.906,'30 Reservoir PARK DR',NULL,'25023',42.160599,-70.905739),
	 (2610592,'MAIN','101 Columbian St','Ste 101',19629,1242,'02190','1601',NULL,NULL,1,TIMESTAMP'1800-01-01 00:00:00',TIMESTAMP'4000-01-01 00:00:00',42.177,-70.955,'101 Columbian St','Ste 101','25021',42.177109,-70.954987),
	 (2610648,'MAIN','2 Pond Park Road',NULL,19629,1242,'02190',NULL,NULL,NULL,1,TIMESTAMP'1800-01-01 00:00:00',TIMESTAMP'4000-01-01 00:00:00',42.171,-70.95,'2 Pond PARK RD',NULL,'25021',42.17129,-70.94959),
	 (2610688,'MAIN','90 Libbey Industrial Pkwy',NULL,5932,1242,'02189','3129',NULL,NULL,1,TIMESTAMP'1800-01-01 00:00:00',TIMESTAMP'4000-01-01 00:00:00',42.195,-70.945,'90 Libbey Industrial Pkwy',NULL,'25021',42.194576,-70.945366);

INSERT INTO PORTOWN.PP_PHONES (ID,"TYPE",AREACODE,EXCHANGE,NUM,EXTENSION,"FOREIGN",COUNTRY_CODE,FOREIGN_PHONE) VALUES
	 (2295438,'PHONE','781','624','4950',NULL,'N',1,NULL),
	 (2295340,'FAX','781','383','9192',NULL,'N',1,NULL),
	 (2295419,'PHONE','781','624','2880',NULL,'N',1,NULL),
	 (8134062,'PHONE','781','624','7070',NULL,'N',1,NULL),
	 (2295339,'PHONE','781','383','8190',NULL,'N',1,NULL),
	 (2295420,'PHONE','781','624','8789',NULL,'N',1,NULL),
	 (4018598,'PHONE','781','624','8636',NULL,'N',1,NULL),
	 (2295378,'PHONE','781','624','8940',NULL,'N',1,NULL),
	 (2295380,'PHONE','781','624','4545',NULL,'N',1,NULL);

INSERT INTO PORTOWN.PP_ADDR_PHONES (ADDRESS_ID,PHONE_ID) VALUES
	 (2610649,2295420),
	 (4178655,4018598),
	 (2610508,2295339),
	 (2610508,2295340),
	 (2610588,2295378),
	 (7408747,8134062),
	 (2610592,2295380),
	 (2610648,2295419),
	 (2610688,2295438);

INSERT INTO PORTOWN.PP_PROV_LOC (PROV_ID,LOC_ID,NAME_USAGE,"PRIMARY",START_DATE,END_DATE,PRINT_SUPPRESS,LABEL_CLUSTER_ID) VALUES
	 (10963,1863909,'C','N',TIMESTAMP'2004-01-01 00:00:00',TIMESTAMP'4000-01-01 00:00:00','Y',1),
	 (10963,1863949,'C','N',TIMESTAMP'2004-01-01 00:00:00',TIMESTAMP'4000-01-01 00:00:00','Y',1),
	 (10963,1863951,'C','N',TIMESTAMP'2004-01-01 00:00:00',TIMESTAMP'4000-01-01 00:00:00','Y',1),
	 (10963,1864009,'C','N',TIMESTAMP'2004-01-01 00:00:00',TIMESTAMP'4000-01-01 00:00:00','Y',1),
	 (10963,1864010,'C','N',TIMESTAMP'2004-01-01 00:00:00',TIMESTAMP'4000-01-01 00:00:00','Y',1),
	 (10963,1864049,'C','N',TIMESTAMP'2004-01-01 00:00:00',TIMESTAMP'4000-01-01 00:00:00','Y',1),
	 (10963,3106765,'L','N',TIMESTAMP'2004-01-01 00:00:00',TIMESTAMP'4000-01-01 00:00:00','N',1),
	 (10963,5818473,'C','N',TIMESTAMP'2015-01-01 00:00:00',TIMESTAMP'4000-01-01 00:00:00','N',1);

INSERT INTO PORTOWN.PP_PROV_NET_CYCLE (ID,PROV_ID,NET_ID,STATUS,START_DATE,END_DATE,LABEL_CLUSTER_ID) VALUES
	 (2215409,10963,3676,'Par',TIMESTAMP'2014-09-15 00:00:00',TIMESTAMP'4000-01-01 00:00:00',1),
	 (11284843,10963,8237,'Nonpar',TIMESTAMP'2018-01-01 00:00:00',TIMESTAMP'4000-01-01 00:00:00',1),
	 (11284844,10963,8238,'Nonpar',TIMESTAMP'2018-01-01 00:00:00',TIMESTAMP'4000-01-01 00:00:00',1),
	 (11284845,10963,8239,'Nonpar',TIMESTAMP'2018-01-01 00:00:00',TIMESTAMP'4000-01-01 00:00:00',1),
	 (11284855,10963,8249,'Nonpar',TIMESTAMP'2018-01-01 00:00:00',TIMESTAMP'4000-01-01 00:00:00',1),
	 (3745458,10963,1556,'Nonpar',TIMESTAMP'2013-04-01 00:00:00',TIMESTAMP'4000-01-01 00:00:00',1),
	 (1000673,10963,900,'Par',TIMESTAMP'2013-06-01 00:00:00',TIMESTAMP'4000-01-01 00:00:00',1),
	 (4077672,1210546,479,'Nonpar',TIMESTAMP'2015-01-01 00:00:00',TIMESTAMP'4000-01-01 00:00:00',1),
	 (11284838,10963,8216,'Nonpar',TIMESTAMP'2018-01-01 00:00:00',TIMESTAMP'4000-01-01 00:00:00',1),
	 (11284858,10963,8252,'Nonpar',TIMESTAMP'2018-01-01 00:00:00',TIMESTAMP'4000-01-01 00:00:00',1);
INSERT INTO PORTOWN.PP_PROV_NET_CYCLE (ID,PROV_ID,NET_ID,STATUS,START_DATE,END_DATE,LABEL_CLUSTER_ID) VALUES
	 (11284860,10963,9676,'Nonpar',TIMESTAMP'2018-01-01 00:00:00',TIMESTAMP'4000-01-01 00:00:00',1),
	 (11284862,10963,9717,'Nonpar',TIMESTAMP'2018-01-01 00:00:00',TIMESTAMP'2023-12-31 00:00:00',1),
	 (11284835,10963,7039,'Nonpar',TIMESTAMP'2018-01-01 00:00:00',TIMESTAMP'4000-01-01 00:00:00',1),
	 (11284841,10963,8219,'Nonpar',TIMESTAMP'2018-01-01 00:00:00',TIMESTAMP'4000-01-01 00:00:00',1),
	 (11284846,10963,8240,'Nonpar',TIMESTAMP'2018-01-01 00:00:00',TIMESTAMP'2023-12-31 00:00:00',1),
	 (11284849,10963,8243,'Nonpar',TIMESTAMP'2018-01-01 00:00:00',TIMESTAMP'4000-01-01 00:00:00',1),
	 (11284857,10963,8251,'Nonpar',TIMESTAMP'2018-01-01 00:00:00',TIMESTAMP'2023-12-31 00:00:00',1),
	 (11284859,10963,8253,'Nonpar',TIMESTAMP'2018-01-01 00:00:00',TIMESTAMP'4000-01-01 00:00:00',1),
	 (12953181,10963,9837,'Par',TIMESTAMP'2015-01-01 00:00:00',TIMESTAMP'4000-01-01 00:00:00',1),
	 (2211689,1210546,3676,'Par',TIMESTAMP'2014-09-01 00:00:00',TIMESTAMP'4000-01-01 00:00:00',1);
INSERT INTO PORTOWN.PP_PROV_NET_CYCLE (ID,PROV_ID,NET_ID,STATUS,START_DATE,END_DATE,LABEL_CLUSTER_ID) VALUES
	 (11284831,10963,6356,'Nonpar',TIMESTAMP'2018-01-01 00:00:00',TIMESTAMP'4000-01-01 00:00:00',1),
	 (11284833,10963,7037,'Nonpar',TIMESTAMP'2018-01-01 00:00:00',TIMESTAMP'4000-01-01 00:00:00',1),
	 (11284839,10963,8217,'Nonpar',TIMESTAMP'2018-01-01 00:00:00',TIMESTAMP'4000-01-01 00:00:00',1),
	 (11284840,10963,8218,'Nonpar',TIMESTAMP'2018-01-01 00:00:00',TIMESTAMP'4000-01-01 00:00:00',1),
	 (11284842,10963,8236,'Nonpar',TIMESTAMP'2018-01-01 00:00:00',TIMESTAMP'4000-01-01 00:00:00',1),
	 (11284847,10963,8241,'Nonpar',TIMESTAMP'2018-01-01 00:00:00',TIMESTAMP'2023-12-31 00:00:00',1),
	 (4140652,10963,904,'Par Pending',TIMESTAMP'2014-01-01 00:00:00',TIMESTAMP'4000-01-01 00:00:00',1),
	 (16506747,10963,40,'Nonpar',TIMESTAMP'2008-01-01 00:00:00',TIMESTAMP'4000-01-01 00:00:00',1),
	 (11284850,10963,8244,'Nonpar',TIMESTAMP'2018-01-01 00:00:00',TIMESTAMP'2023-12-31 00:00:00',1),
	 (11284851,10963,8245,'Nonpar',TIMESTAMP'2018-01-01 00:00:00',TIMESTAMP'4000-01-01 00:00:00',1);
INSERT INTO PORTOWN.PP_PROV_NET_CYCLE (ID,PROV_ID,NET_ID,STATUS,START_DATE,END_DATE,LABEL_CLUSTER_ID) VALUES
	 (11284852,10963,8246,'Nonpar',TIMESTAMP'2018-01-01 00:00:00',TIMESTAMP'4000-01-01 00:00:00',1),
	 (11284854,10963,8248,'Nonpar',TIMESTAMP'2018-01-01 00:00:00',TIMESTAMP'4000-01-01 00:00:00',1),
	 (2192130,10963,3676,'Par Pending',TIMESTAMP'2013-02-01 00:00:00',TIMESTAMP'2014-09-14 00:00:00',1),
	 (11284834,10963,7038,'Nonpar',TIMESTAMP'2018-01-01 00:00:00',TIMESTAMP'4000-01-01 00:00:00',1),
	 (11284848,10963,8242,'Nonpar',TIMESTAMP'2018-01-01 00:00:00',TIMESTAMP'4000-01-01 00:00:00',1),
	 (11284861,10963,9716,'Nonpar',TIMESTAMP'2018-01-01 00:00:00',TIMESTAMP'2023-12-31 00:00:00',1),
	 (3746467,10963,1236,'Nonpar',TIMESTAMP'2014-01-01 00:00:00',TIMESTAMP'4000-01-01 00:00:00',1),
	 (11284853,10963,8247,'Nonpar',TIMESTAMP'2018-01-01 00:00:00',TIMESTAMP'4000-01-01 00:00:00',1),
	 (11284856,10963,8250,'Nonpar',TIMESTAMP'2018-01-01 00:00:00',TIMESTAMP'4000-01-01 00:00:00',1),
	 (12953180,10963,4743,'Nonpar',TIMESTAMP'2015-01-01 00:00:00',TIMESTAMP'2022-12-31 00:00:00',1);
INSERT INTO PORTOWN.PP_PROV_NET_CYCLE (ID,PROV_ID,NET_ID,STATUS,START_DATE,END_DATE,LABEL_CLUSTER_ID) VALUES
	 (4140650,10963,784,'Par Pending',TIMESTAMP'2004-01-01 00:00:00',TIMESTAMP'4000-01-01 00:00:00',1),
	 (4140651,10963,782,'Par Pending',TIMESTAMP'2004-01-01 00:00:00',TIMESTAMP'4000-01-01 00:00:00',1),
	 (11284832,10963,7016,'Nonpar',TIMESTAMP'2018-01-01 00:00:00',TIMESTAMP'4000-01-01 00:00:00',1),
	 (11284836,10963,7040,'Nonpar',TIMESTAMP'2018-01-01 00:00:00',TIMESTAMP'4000-01-01 00:00:00',1),
	 (11284837,10963,7056,'Nonpar',TIMESTAMP'2018-01-01 00:00:00',TIMESTAMP'4000-01-01 00:00:00',1);

INSERT INTO PORTOWN.PP_PROV_NET_LOC_CYCLE (ID,PROV_NET_CYCLE_ID,PROV_ID,LOC_ID,START_DATE,END_DATE,"PRIMARY",LABEL_CLUSTER_ID) VALUES
	 (5512819,3745458,10963,1863951,TIMESTAMP'2013-04-01 00:00:00',TIMESTAMP'4000-01-01 00:00:00','N',1),
	 (3126689,1000673,10963,1863951,TIMESTAMP'2013-06-01 00:00:00',TIMESTAMP'4000-01-01 00:00:00','N',1),
	 (3126690,2192130,10963,1863951,TIMESTAMP'2013-02-01 00:00:00',TIMESTAMP'2014-09-14 00:00:00','N',1),
	 (3159327,2215409,10963,1863951,TIMESTAMP'2014-09-15 00:00:00',TIMESTAMP'4000-01-01 00:00:00','N',1),
	 (3153989,2211689,1210546,1863951,TIMESTAMP'2014-09-01 00:00:00',TIMESTAMP'4000-01-01 00:00:00','N',1),
	 (6030653,4077672,1210546,1863951,TIMESTAMP'2015-01-01 00:00:00',TIMESTAMP'4000-01-01 00:00:00','N',1),
	 (10897487,4140650,10963,1863951,TIMESTAMP'2004-01-01 00:00:00',TIMESTAMP'4000-01-01 00:00:00','N',1),
	 (10948383,4140652,10963,1863951,TIMESTAMP'2014-01-01 00:00:00',TIMESTAMP'4000-01-01 00:00:00','N',1),
	 (10962203,3746467,10963,1863951,TIMESTAMP'2014-01-01 00:00:00',TIMESTAMP'4000-01-01 00:00:00','N',1),
	 (10958895,4140651,10963,1863951,TIMESTAMP'2004-01-01 00:00:00',TIMESTAMP'4000-01-01 00:00:00','N',1);
INSERT INTO PORTOWN.PP_PROV_NET_LOC_CYCLE (ID,PROV_NET_CYCLE_ID,PROV_ID,LOC_ID,START_DATE,END_DATE,"PRIMARY",LABEL_CLUSTER_ID) VALUES
	 (5512817,3745458,10963,1863909,TIMESTAMP'2013-04-01 00:00:00',TIMESTAMP'4000-01-01 00:00:00','N',1),
	 (3159331,2215409,10963,1863909,TIMESTAMP'2014-09-15 00:00:00',TIMESTAMP'4000-01-01 00:00:00','N',1),
	 (3126606,1000673,10963,1863909,TIMESTAMP'2013-06-01 00:00:00',TIMESTAMP'4000-01-01 00:00:00','N',1),
	 (3126607,2192130,10963,1863909,TIMESTAMP'2013-02-01 00:00:00',TIMESTAMP'2014-09-14 00:00:00','N',1),
	 (3153987,2211689,1210546,1863909,TIMESTAMP'2014-09-01 00:00:00',TIMESTAMP'4000-01-01 00:00:00','N',1),
	 (6030651,4077672,1210546,1863909,TIMESTAMP'2015-01-01 00:00:00',TIMESTAMP'4000-01-01 00:00:00','N',1),
	 (10897486,4140650,10963,1863909,TIMESTAMP'2004-01-01 00:00:00',TIMESTAMP'4000-01-01 00:00:00','N',1),
	 (10908307,4140652,10963,1863909,TIMESTAMP'2014-01-01 00:00:00',TIMESTAMP'4000-01-01 00:00:00','N',1),
	 (10955918,4140651,10963,1863909,TIMESTAMP'2004-01-01 00:00:00',TIMESTAMP'4000-01-01 00:00:00','N',1),
	 (10960025,3746467,10963,1863909,TIMESTAMP'2014-01-01 00:00:00',TIMESTAMP'4000-01-01 00:00:00','N',1);
INSERT INTO PORTOWN.PP_PROV_NET_LOC_CYCLE (ID,PROV_NET_CYCLE_ID,PROV_ID,LOC_ID,START_DATE,END_DATE,"PRIMARY",LABEL_CLUSTER_ID) VALUES
	 (5512821,3745458,10963,1864010,TIMESTAMP'2013-04-01 00:00:00',TIMESTAMP'4000-01-01 00:00:00','N',1),
	 (3126810,1000673,10963,1864010,TIMESTAMP'2013-06-01 00:00:00',TIMESTAMP'4000-01-01 00:00:00','N',1),
	 (3126811,2192130,10963,1864010,TIMESTAMP'2013-02-01 00:00:00',TIMESTAMP'2014-09-14 00:00:00','N',1),
	 (3159329,2215409,10963,1864010,TIMESTAMP'2014-09-15 00:00:00',TIMESTAMP'4000-01-01 00:00:00','N',1),
	 (3153991,2211689,1210546,1864010,TIMESTAMP'2014-09-01 00:00:00',TIMESTAMP'4000-01-01 00:00:00','N',1),
	 (6030655,4077672,1210546,1864010,TIMESTAMP'2015-01-01 00:00:00',TIMESTAMP'4000-01-01 00:00:00','N',1),
	 (10897489,4140650,10963,1864010,TIMESTAMP'2004-01-01 00:00:00',TIMESTAMP'4000-01-01 00:00:00','N',1),
	 (10950034,4140652,10963,1864010,TIMESTAMP'2014-01-01 00:00:00',TIMESTAMP'4000-01-01 00:00:00','N',1),
	 (11006437,4140651,10963,1864010,TIMESTAMP'2004-01-01 00:00:00',TIMESTAMP'4000-01-01 00:00:00','N',1),
	 (10962232,3746467,10963,1864010,TIMESTAMP'2014-01-01 00:00:00',TIMESTAMP'4000-01-01 00:00:00','N',1);
INSERT INTO PORTOWN.PP_PROV_NET_LOC_CYCLE (ID,PROV_NET_CYCLE_ID,PROV_ID,LOC_ID,START_DATE,END_DATE,"PRIMARY",LABEL_CLUSTER_ID) VALUES
	 (5512822,3745458,10963,1864049,TIMESTAMP'2013-04-01 00:00:00',TIMESTAMP'4000-01-01 00:00:00','N',1),
	 (3159332,2215409,10963,1864049,TIMESTAMP'2014-09-15 00:00:00',TIMESTAMP'4000-01-01 00:00:00','N',1),
	 (3126866,1000673,10963,1864049,TIMESTAMP'2013-06-01 00:00:00',TIMESTAMP'4000-01-01 00:00:00','N',1),
	 (3126867,2192130,10963,1864049,TIMESTAMP'2013-02-01 00:00:00',TIMESTAMP'2014-09-14 00:00:00','N',1),
	 (3153992,2211689,1210546,1864049,TIMESTAMP'2014-09-01 00:00:00',TIMESTAMP'4000-01-01 00:00:00','N',1),
	 (6030656,4077672,1210546,1864049,TIMESTAMP'2015-01-01 00:00:00',TIMESTAMP'4000-01-01 00:00:00','N',1),
	 (10897480,4140650,10963,1864049,TIMESTAMP'2004-01-01 00:00:00',TIMESTAMP'4000-01-01 00:00:00','N',1),
	 (10948387,4140652,10963,1864049,TIMESTAMP'2014-01-01 00:00:00',TIMESTAMP'4000-01-01 00:00:00','N',1),
	 (11006491,4140651,10963,1864049,TIMESTAMP'2004-01-01 00:00:00',TIMESTAMP'4000-01-01 00:00:00','N',1),
	 (10962190,3746467,10963,1864049,TIMESTAMP'2014-01-01 00:00:00',TIMESTAMP'4000-01-01 00:00:00','N',1);
INSERT INTO PORTOWN.PP_PROV_NET_LOC_CYCLE (ID,PROV_NET_CYCLE_ID,PROV_ID,LOC_ID,START_DATE,END_DATE,"PRIMARY",LABEL_CLUSTER_ID) VALUES
	 (18911485,11284831,10963,5818473,TIMESTAMP'2018-01-01 00:00:00',TIMESTAMP'4000-01-01 00:00:00','N',1),
	 (18911486,11284832,10963,5818473,TIMESTAMP'2018-01-01 00:00:00',TIMESTAMP'4000-01-01 00:00:00','N',1),
	 (18911487,11284833,10963,5818473,TIMESTAMP'2018-01-01 00:00:00',TIMESTAMP'4000-01-01 00:00:00','N',1),
	 (18911488,11284834,10963,5818473,TIMESTAMP'2018-01-01 00:00:00',TIMESTAMP'4000-01-01 00:00:00','N',1),
	 (18911489,11284835,10963,5818473,TIMESTAMP'2018-01-01 00:00:00',TIMESTAMP'4000-01-01 00:00:00','N',1),
	 (18911490,11284836,10963,5818473,TIMESTAMP'2018-01-01 00:00:00',TIMESTAMP'4000-01-01 00:00:00','N',1),
	 (18911491,11284837,10963,5818473,TIMESTAMP'2018-01-01 00:00:00',TIMESTAMP'4000-01-01 00:00:00','N',1),
	 (18911492,11284838,10963,5818473,TIMESTAMP'2018-01-01 00:00:00',TIMESTAMP'4000-01-01 00:00:00','N',1),
	 (18911493,11284839,10963,5818473,TIMESTAMP'2018-01-01 00:00:00',TIMESTAMP'4000-01-01 00:00:00','N',1),
	 (18911494,11284840,10963,5818473,TIMESTAMP'2018-01-01 00:00:00',TIMESTAMP'4000-01-01 00:00:00','N',1);
INSERT INTO PORTOWN.PP_PROV_NET_LOC_CYCLE (ID,PROV_NET_CYCLE_ID,PROV_ID,LOC_ID,START_DATE,END_DATE,"PRIMARY",LABEL_CLUSTER_ID) VALUES
	 (18911495,11284841,10963,5818473,TIMESTAMP'2018-01-01 00:00:00',TIMESTAMP'4000-01-01 00:00:00','N',1),
	 (18911496,11284842,10963,5818473,TIMESTAMP'2018-01-01 00:00:00',TIMESTAMP'4000-01-01 00:00:00','N',1),
	 (18911497,11284843,10963,5818473,TIMESTAMP'2018-01-01 00:00:00',TIMESTAMP'4000-01-01 00:00:00','N',1),
	 (18911498,11284844,10963,5818473,TIMESTAMP'2018-01-01 00:00:00',TIMESTAMP'4000-01-01 00:00:00','N',1),
	 (18911499,11284845,10963,5818473,TIMESTAMP'2018-01-01 00:00:00',TIMESTAMP'4000-01-01 00:00:00','N',1),
	 (18911500,11284846,10963,5818473,TIMESTAMP'2018-01-01 00:00:00',TIMESTAMP'2023-12-31 00:00:00','N',1),
	 (18911501,11284847,10963,5818473,TIMESTAMP'2018-01-01 00:00:00',TIMESTAMP'2023-12-31 00:00:00','N',1),
	 (18911502,11284848,10963,5818473,TIMESTAMP'2018-01-01 00:00:00',TIMESTAMP'4000-01-01 00:00:00','N',1),
	 (18911503,11284849,10963,5818473,TIMESTAMP'2018-01-01 00:00:00',TIMESTAMP'4000-01-01 00:00:00','N',1),
	 (18911504,11284850,10963,5818473,TIMESTAMP'2018-01-01 00:00:00',TIMESTAMP'2023-12-31 00:00:00','N',1);
INSERT INTO PORTOWN.PP_PROV_NET_LOC_CYCLE (ID,PROV_NET_CYCLE_ID,PROV_ID,LOC_ID,START_DATE,END_DATE,"PRIMARY",LABEL_CLUSTER_ID) VALUES
	 (18911505,11284851,10963,5818473,TIMESTAMP'2018-01-01 00:00:00',TIMESTAMP'4000-01-01 00:00:00','N',1),
	 (18911506,11284852,10963,5818473,TIMESTAMP'2018-01-01 00:00:00',TIMESTAMP'4000-01-01 00:00:00','N',1),
	 (18911507,11284853,10963,5818473,TIMESTAMP'2018-01-01 00:00:00',TIMESTAMP'4000-01-01 00:00:00','N',1),
	 (18911508,11284854,10963,5818473,TIMESTAMP'2018-01-01 00:00:00',TIMESTAMP'4000-01-01 00:00:00','N',1),
	 (18911509,11284855,10963,5818473,TIMESTAMP'2018-01-01 00:00:00',TIMESTAMP'4000-01-01 00:00:00','N',1),
	 (18911510,11284856,10963,5818473,TIMESTAMP'2018-01-01 00:00:00',TIMESTAMP'4000-01-01 00:00:00','N',1),
	 (18911511,11284857,10963,5818473,TIMESTAMP'2018-01-01 00:00:00',TIMESTAMP'2023-12-31 00:00:00','N',1),
	 (18911512,11284858,10963,5818473,TIMESTAMP'2018-01-01 00:00:00',TIMESTAMP'4000-01-01 00:00:00','N',1),
	 (18911513,11284859,10963,5818473,TIMESTAMP'2018-01-01 00:00:00',TIMESTAMP'4000-01-01 00:00:00','N',1),
	 (18911514,11284860,10963,5818473,TIMESTAMP'2018-01-01 00:00:00',TIMESTAMP'4000-01-01 00:00:00','N',1);
INSERT INTO PORTOWN.PP_PROV_NET_LOC_CYCLE (ID,PROV_NET_CYCLE_ID,PROV_ID,LOC_ID,START_DATE,END_DATE,"PRIMARY",LABEL_CLUSTER_ID) VALUES
	 (18911515,11284861,10963,5818473,TIMESTAMP'2018-01-01 00:00:00',TIMESTAMP'2023-12-31 00:00:00','N',1),
	 (18911516,11284862,10963,5818473,TIMESTAMP'2018-01-01 00:00:00',TIMESTAMP'2023-12-31 00:00:00','N',1),
	 (21316107,12953180,10963,5818473,TIMESTAMP'2015-01-01 00:00:00',TIMESTAMP'2022-12-31 00:00:00','N',1),
	 (21316108,12953181,10963,5818473,TIMESTAMP'2015-01-01 00:00:00',TIMESTAMP'4000-01-01 00:00:00','N',1),
	 (5512818,3745458,10963,1863949,TIMESTAMP'2013-04-01 00:00:00',TIMESTAMP'4000-01-01 00:00:00','N',1),
	 (3126686,1000673,10963,1863949,TIMESTAMP'2013-06-01 00:00:00',TIMESTAMP'4000-01-01 00:00:00','N',1),
	 (3126687,2192130,10963,1863949,TIMESTAMP'2013-02-01 00:00:00',TIMESTAMP'2014-09-14 00:00:00','N',1),
	 (3159326,2215409,10963,1863949,TIMESTAMP'2014-09-15 00:00:00',TIMESTAMP'4000-01-01 00:00:00','N',1),
	 (3153988,2211689,1210546,1863949,TIMESTAMP'2014-09-01 00:00:00',TIMESTAMP'4000-01-01 00:00:00','N',1),
	 (6030652,4077672,1210546,1863949,TIMESTAMP'2015-01-01 00:00:00',TIMESTAMP'4000-01-01 00:00:00','N',1);
INSERT INTO PORTOWN.PP_PROV_NET_LOC_CYCLE (ID,PROV_NET_CYCLE_ID,PROV_ID,LOC_ID,START_DATE,END_DATE,"PRIMARY",LABEL_CLUSTER_ID) VALUES
	 (10897473,4140650,10963,1863949,TIMESTAMP'2004-01-01 00:00:00',TIMESTAMP'4000-01-01 00:00:00','N',1),
	 (10948390,4140652,10963,1863949,TIMESTAMP'2014-01-01 00:00:00',TIMESTAMP'4000-01-01 00:00:00','N',1),
	 (10962202,3746467,10963,1863949,TIMESTAMP'2014-01-01 00:00:00',TIMESTAMP'4000-01-01 00:00:00','N',1),
	 (10958894,4140651,10963,1863949,TIMESTAMP'2004-01-01 00:00:00',TIMESTAMP'4000-01-01 00:00:00','N',1),
	 (26388581,16506747,10963,1863949,TIMESTAMP'2008-01-01 00:00:00',TIMESTAMP'4000-01-01 00:00:00','N',1),
	 (6148642,4140651,10963,3106765,TIMESTAMP'2004-01-01 00:00:00',TIMESTAMP'4000-01-01 00:00:00','N',1),
	 (6148643,4140650,10963,3106765,TIMESTAMP'2004-01-01 00:00:00',TIMESTAMP'4000-01-01 00:00:00','N',1),
	 (6148644,4140652,10963,3106765,TIMESTAMP'2014-01-01 00:00:00',TIMESTAMP'4000-01-01 00:00:00','N',1),
	 (6148645,3746467,10963,3106765,TIMESTAMP'2014-01-01 00:00:00',TIMESTAMP'4000-01-01 00:00:00','N',1),
	 (6148646,3745458,10963,3106765,TIMESTAMP'2013-04-01 00:00:00',TIMESTAMP'4000-01-01 00:00:00','N',1);
INSERT INTO PORTOWN.PP_PROV_NET_LOC_CYCLE (ID,PROV_NET_CYCLE_ID,PROV_ID,LOC_ID,START_DATE,END_DATE,"PRIMARY",LABEL_CLUSTER_ID) VALUES
	 (5512820,3745458,10963,1864009,TIMESTAMP'2013-04-01 00:00:00',TIMESTAMP'4000-01-01 00:00:00','N',1),
	 (3126807,1000673,10963,1864009,TIMESTAMP'2013-06-01 00:00:00',TIMESTAMP'4000-01-01 00:00:00','N',1),
	 (3126808,2192130,10963,1864009,TIMESTAMP'2013-02-01 00:00:00',TIMESTAMP'2014-09-14 00:00:00','N',1),
	 (3159328,2215409,10963,1864009,TIMESTAMP'2014-09-15 00:00:00',TIMESTAMP'4000-01-01 00:00:00','N',1),
	 (3153990,2211689,1210546,1864009,TIMESTAMP'2014-09-01 00:00:00',TIMESTAMP'4000-01-01 00:00:00','N',1),
	 (6030654,4077672,1210546,1864009,TIMESTAMP'2015-01-01 00:00:00',TIMESTAMP'4000-01-01 00:00:00','N',1),
	 (10897488,4140650,10963,1864009,TIMESTAMP'2004-01-01 00:00:00',TIMESTAMP'4000-01-01 00:00:00','N',1),
	 (10906160,4140652,10963,1864009,TIMESTAMP'2014-01-01 00:00:00',TIMESTAMP'4000-01-01 00:00:00','N',1),
	 (10959699,3746467,10963,1864009,TIMESTAMP'2014-01-01 00:00:00',TIMESTAMP'4000-01-01 00:00:00','N',1),
	 (10955726,4140651,10963,1864009,TIMESTAMP'2004-01-01 00:00:00',TIMESTAMP'4000-01-01 00:00:00','N',1);

INSERT INTO PORTOWN.PP_PROV_LOC_ATTRIB (ID,PROV_ID,LOC_ID,ATTRIBUTE_ID) VALUES
	 (37553277,10963,1863951,106877),
	 (38749870,1210546,1863951,106877),
	 (37553275,10963,1863909,106877),
	 (38749868,1210546,1863909,106877),
	 (37553279,10963,1864010,106877),
	 (38749872,1210546,1864010,106877),
	 (37553280,10963,1864049,106877),
	 (38749873,1210546,1864049,106877),
	 (37553282,10963,5818473,106877),
	 (37553276,10963,1863949,106877);
INSERT INTO PORTOWN.PP_PROV_LOC_ATTRIB (ID,PROV_ID,LOC_ID,ATTRIBUTE_ID) VALUES
	 (38749869,1210546,1863949,106877),
	 (37553281,10963,3106765,106877),
	 (37553278,10963,1864009,106877),
	 (38749871,1210546,1864009,106877);

INSERT INTO PORTOWN.PP_PROV_LOC_ATTRIB_VALUES (ID,PROV_LOC_ATTRIBUTE_ID,FIELD_ID,VALUE,VALUE_DATE,VALUE_NUMBER,LABEL_CLUSTER_ID) VALUES
	 (92830425,37553276,111355,'General Acute Care Hospital',NULL,NULL,1),
	 (92830427,37553278,111355,'General Acute Care Hospital',NULL,NULL,1),
	 (93856583,38749871,111355,'Multi-Specialty',NULL,NULL,1),
	 (93856582,38749870,111355,'Multi-Specialty',NULL,NULL,1),
	 (93856581,38749869,111355,'Multi-Specialty',NULL,NULL,1),
	 (92830430,37553281,111355,'General Acute Care Hospital',NULL,NULL,1),
	 (93856580,38749868,111355,'Multi-Specialty',NULL,NULL,1),
	 (92830426,37553277,111355,'General Acute Care Hospital',NULL,NULL,1),
	 (92830429,37553280,111355,'General Acute Care Hospital',NULL,NULL,1),
	 (92830424,37553275,111355,'General Acute Care Hospital',NULL,NULL,1);
INSERT INTO PORTOWN.PP_PROV_LOC_ATTRIB_VALUES (ID,PROV_LOC_ATTRIBUTE_ID,FIELD_ID,VALUE,VALUE_DATE,VALUE_NUMBER,LABEL_CLUSTER_ID) VALUES
	 (93856585,38749873,111355,'Multi-Specialty',NULL,NULL,1),
	 (92830431,37553282,111355,'General Acute Care Hospital',NULL,NULL,1),
	 (92830428,37553279,111355,'General Acute Care Hospital',NULL,NULL,1),
	 (93856584,38749872,111355,'Multi-Specialty',NULL,NULL,1);
