INSERT INTO PORTOWN.PP_PRAC (ID,FNAME,MNAME,LNAME,XNAME,"DEGREE",SEX,DOB,SSN,EMAIL,SALUTATION,LABEL_CLUSTER_ID,PRAC_TYPE_ID,NARRATIVE) VALUES
	 (5330956,'Timothy','W','Robertson',NULL,'OD','M',TIMESTAMP'1962-06-08 00:00:00','557-13-8101',NULL,NULL,1,NULL,NULL);

INSERT INTO PORTOWN.PP_ADDR (ID,"TYPE",ADDR1,ADDR2,CITY_ID,COUNTY_ID,ZIP,PLUS4,ADDR3,POSTAL_CODE,COUNTRY_ID,START_DATE,END_DATE,LATITUDE,LONGITUDE,UGLY_ADDR1,UGLY_ADDR2,COUNTY_FIPS,LATITUDE7,LONGITUDE7) VALUES
	 (14036458,'MAILING','3810 Rosin Ct','Ste 100',18130,1502,'95834','1657',NULL,NULL,1,TIMESTAMP'1800-01-01 00:00:00',TIMESTAMP'4000-01-01 00:00:00',38.638,-121.475,'3810 Rosin Ct','Ste 100','06067',38.638031,-121.474548);

INSERT INTO PORTOWN.PP_PHONES (ID,"TYPE",AREACODE,EXCHANGE,NUM,EXTENSION,"FOREIGN",COUNTRY_CODE,FOREIGN_PHONE) VALUES
	 (17722333,'PHONE','916','228','4300',NULL,'N',1,NULL);

INSERT INTO PORTOWN.PP_ADDR_PHONES (ADDRESS_ID,PHONE_ID) VALUES
	 (14036458,17722333);

INSERT INTO PORTOWN.PP_PRAC_ADDR (PRAC_ID,ADDRESS_ID) VALUES
	 (5330956,14036458);

INSERT INTO PORTOWN.PP_PRAC_LOC (PRAC_ID,PROV_ID,LOC_ID,"PRIMARY",PRINT_SUPPRESS,START_DATE,END_DATE,LABEL_CLUSTER_ID) VALUES
	 (5330956,2278165,7810350,NULL,'N',TIMESTAMP'2022-01-15 00:00:00',TIMESTAMP'4000-01-01 00:00:00',1);

INSERT INTO PORTOWN.PP_PRAC_NET_CYCLE (ID,PRAC_ID,NET_ID,START_DATE,END_DATE,STATUS,LABEL_CLUSTER_ID) VALUES
	 (19271719,5330956,5256,TIMESTAMP'2022-01-15 00:00:00',TIMESTAMP'2022-12-31 00:00:00','Par',1),
	 (19271720,5330956,8219,TIMESTAMP'2022-01-15 00:00:00',TIMESTAMP'4000-01-01 00:00:00','Par',1),
	 (19271721,5330956,8237,TIMESTAMP'2022-01-15 00:00:00',TIMESTAMP'4000-01-01 00:00:00','Par',1),
	 (19271722,5330956,8238,TIMESTAMP'2022-01-15 00:00:00',TIMESTAMP'4000-01-01 00:00:00','Par',1),
	 (19271723,5330956,8239,TIMESTAMP'2022-01-15 00:00:00',TIMESTAMP'4000-01-01 00:00:00','Par',1),
	 (19271724,5330956,8242,TIMESTAMP'2022-01-15 00:00:00',TIMESTAMP'4000-01-01 00:00:00','Par',1),
	 (19271725,5330956,8243,TIMESTAMP'2022-01-15 00:00:00',TIMESTAMP'4000-01-01 00:00:00','Par',1),
	 (19271726,5330956,8245,TIMESTAMP'2022-01-15 00:00:00',TIMESTAMP'4000-01-01 00:00:00','Par',1),
	 (19271727,5330956,8246,TIMESTAMP'2022-01-15 00:00:00',TIMESTAMP'4000-01-01 00:00:00','Par',1),
	 (19271728,5330956,9716,TIMESTAMP'2022-01-15 00:00:00',TIMESTAMP'2023-12-31 00:00:00','Par',1);

INSERT INTO PORTOWN.PP_PRAC_NET_LOC_CYCLE (ID,PRAC_ID,PROV_ID,LOC_ID,PRAC_NET_CYCLE_ID,START_DATE,END_DATE,"PRIMARY",LABEL_CLUSTER_ID) VALUES
	 (54702759,5330956,2278165,7810350,19271719,TIMESTAMP'2022-01-15 00:00:00',TIMESTAMP'2022-12-31 00:00:00','N',1),
	 (54702760,5330956,2278165,7810350,19271720,TIMESTAMP'2022-01-15 00:00:00',TIMESTAMP'2025-09-19 00:00:00','N',1),
	 (54702761,5330956,2278165,7810350,19271721,TIMESTAMP'2022-01-15 00:00:00',TIMESTAMP'2025-09-19 00:00:00','N',1),
	 (54702762,5330956,2278165,7810350,19271722,TIMESTAMP'2022-01-15 00:00:00',TIMESTAMP'2025-09-19 00:00:00','N',1),
	 (54702763,5330956,2278165,7810350,19271723,TIMESTAMP'2022-01-15 00:00:00',TIMESTAMP'2025-09-19 00:00:00','N',1),
	 (54702764,5330956,2278165,7810350,19271724,TIMESTAMP'2022-01-15 00:00:00',TIMESTAMP'2025-09-19 00:00:00','N',1),
	 (54702765,5330956,2278165,7810350,19271725,TIMESTAMP'2022-01-15 00:00:00',TIMESTAMP'2025-09-19 00:00:00','N',1),
	 (54702766,5330956,2278165,7810350,19271726,TIMESTAMP'2022-01-15 00:00:00',TIMESTAMP'2025-09-19 00:00:00','N',1),
	 (54702767,5330956,2278165,7810350,19271727,TIMESTAMP'2022-01-15 00:00:00',TIMESTAMP'2025-09-19 00:00:00','N',1),
	 (54702768,5330956,2278165,7810350,19271728,TIMESTAMP'2022-01-15 00:00:00',TIMESTAMP'2023-12-31 00:00:00','N',1);

INSERT INTO PORTOWN.PP_PRAC_ATTRIB (ID,PRAC_ID,ATTRIBUTE_ID) VALUES
	 (34438087,5330956,501),
	 (34438090,5330956,103279);

INSERT INTO PORTOWN.PP_PRAC_ATTRIB_VALUES (ID,PRAC_ATTRIBUTE_ID,FIELD_ID,VALUE,VALUE_DATE,VALUE_NUMBER,LABEL_CLUSTER_ID) VALUES
	 (64102969,34438087,703,'02/27/2022',TIMESTAMP'2022-02-27 00:00:00',NULL,1),
	 (64102970,34438087,701,'1255365300',NULL,1255365300,1),
	 (64102971,34438087,702,'Type 1',NULL,NULL,1),
	 (64102975,34438090,105838,'P276322',NULL,NULL,1);

INSERT INTO PORTOWN.PP_PRAC_LOC_ATTRIB (ID,PRAC_ID,PROV_ID,LOC_ID,ATTRIBUTE_ID) VALUES
	 (49610248,5330956,2278165,7810350,107097);

INSERT INTO PORTOWN.PP_PRAC_LOC_ATTRIB_VALUES (ID,PRAC_LOC_ATTRIBUTE_ID,FIELD_ID,VALUE,VALUE_DATE,VALUE_NUMBER,LABEL_CLUSTER_ID) VALUES
	 (117272508,49610248,111635,'Y',NULL,NULL,1),
	 (117272509,49610248,111636,'Optometrist',NULL,NULL,1);
