INSERT INTO PORTOWN.PP_PRAC (ID,FNAME,MNAME,LNAME,XNAME,"DEGREE",SEX,DOB,SSN,EMAIL,SALUTATION,LABEL_CLUSTER_ID,PRAC_TYPE_ID,NARRATIVE) VALUES
	 (1791394,'Derrick','R','Allen',NULL,'MD','M',TIMESTAMP'1972-07-21 00:00:00',NULL,NULL,NULL,1,NULL,NULL);

INSERT INTO PORTOWN.PP_ADDR (ID,"type",ADDR1,ADDR2,CITY_ID,COUNTY_ID,ZIP,PLUS4,ADDR3,POSTAL_CODE,COUNTRY_ID,START_DATE,END_DATE,LATITUDE,LONGITUDE,UGLY_ADDR1,UGLY_ADDR2,COUNTY_FIPS,LATITUDE7,LONGITUDE7) VALUES
	 (13293058,'MAILING','4077 5th Ave',NULL,18363,1537,'92103','2105',NULL,NULL,1,TIMESTAMP'1800-01-01 00:00:00',TIMESTAMP'4000-01-01 00:00:00',32.751,-117.161,'4077 5th Ave',NULL,'06073',32.751446,-117.160904);

INSERT INTO PORTOWN.PP_PHONES (ID,"TYPE",AREACODE,EXCHANGE,NUM,EXTENSION,"FOREIGN",COUNTRY_CODE,FOREIGN_PHONE) VALUES
	 (17594115,'FAX','831','597','8703',NULL,'N',1,NULL),
	 (18065567,'PHONE','619','849','9729',NULL,'N',1,NULL);

INSERT INTO PORTOWN.PP_ADDR_PHONES (ADDRESS_ID,PHONE_ID) VALUES
	 (13293058,17594115),
	 (13293058,18065567);

INSERT INTO PORTOWN.PP_PRAC_ADDR (PRAC_ID,ADDRESS_ID) VALUES
	 (1791394,13293058);

INSERT INTO PORTOWN.PP_ADDR (ID,"type",ADDR1,ADDR2,CITY_ID,COUNTY_ID,ZIP,PLUS4,ADDR3,POSTAL_CODE,COUNTRY_ID,START_DATE,END_DATE,LATITUDE,LONGITUDE,UGLY_ADDR1,UGLY_ADDR2,COUNTY_FIPS,LATITUDE7,LONGITUDE7) VALUES
	 (6152311,'MAIN','333 H St','Ste 1095',3660,1537,'91910','5557',NULL,NULL,1,TIMESTAMP'1800-01-01 00:00:00',TIMESTAMP'4000-01-01 00:00:00',32.635,-117.078,'333 H St','Ste 1095','06073',32.634548,-117.078323),
	 (5971270,'MAIN','4077 5th Ave',NULL,18363,1537,'92103','2105',NULL,NULL,1,TIMESTAMP'1800-01-01 00:00:00',TIMESTAMP'4000-01-01 00:00:00',32.751,-117.161,'4077 5th Ave',NULL,'06073',32.751446,-117.160904),
	 (4696803,'MAIN','501 Washington St',NULL,18363,1537,'92103','2231',NULL,NULL,1,TIMESTAMP'1800-01-01 00:00:00',TIMESTAMP'4000-01-01 00:00:00',32.749,-117.16,'501 Washington St',NULL,'06073',32.749317,-117.160004),
	 (6171519,'MAIN','477 N El Camino Real','Ste A102',6364,1537,'92024','1329',NULL,NULL,1,TIMESTAMP'1800-01-01 00:00:00',TIMESTAMP'4000-01-01 00:00:00',33.057,-117.262,'477 N El Camino Real','Ste A102','06073',33.057224,-117.261536);

INSERT INTO PORTOWN.PP_PROV_TIN_LOC (ID,TIN_ID,ADDRESS_ID,NAME,"PRIMARY",PRINT_SUPPRESS,OFFICE_MGR,TRAIN,BUS,TRANSIT_ROUTE,HANDICAP,LABEL_CLUSTER_ID,PROV_TIN_PRC_CONT_ID) VALUES
	 (3520112,1794145,4696803,'Health Net Direct Network','N','N',NULL,'N','N',NULL,'Y',1,NULL),
	 (4580448,1794145,5971270,'Health Net Direct Network','N',NULL,NULL,NULL,NULL,NULL,NULL,1,NULL),
	 (4723589,1794145,6152311,'Health Net Direct Network','N',NULL,NULL,NULL,NULL,NULL,NULL,1,NULL),
	 (4740929,1794145,6171519,'Health Net Direct Network','N',NULL,NULL,NULL,NULL,NULL,NULL,1,NULL);


INSERT INTO PORTOWN.PP_PRAC_LOC (PRAC_ID,PROV_ID,LOC_ID,"PRIMARY",PRINT_SUPPRESS,START_DATE,END_DATE,LABEL_CLUSTER_ID) VALUES
	 (1791394,2278224,3520112,'Y','N',TIMESTAMP'2015-01-01 00:00:00',TIMESTAMP'4000-01-01 00:00:00',1),
	 (1791394,2278224,4580448,NULL,'N',TIMESTAMP'2015-01-01 00:00:00',TIMESTAMP'4000-01-01 00:00:00',1),
	 (1791394,2278224,4723589,NULL,'N',TIMESTAMP'2015-01-01 00:00:00',TIMESTAMP'4000-01-01 00:00:00',1),
	 (1791394,2278224,4740929,NULL,'N',TIMESTAMP'2021-04-01 00:00:00',TIMESTAMP'4000-01-01 00:00:00',1);

INSERT INTO PORTOWN.PP_PRAC_NET_CYCLE (ID,PRAC_ID,NET_ID,START_DATE,END_DATE,STATUS,LABEL_CLUSTER_ID) VALUES
	 (8119328,1791394,4179,TIMESTAMP'2017-01-01 00:00:00',TIMESTAMP'4000-01-01 00:00:00','Par',1),
	 (8557632,1791394,5256,TIMESTAMP'2015-07-01 00:00:00',TIMESTAMP'2022-12-31 00:00:00','Par',1),
	 (9748721,1791394,4945,TIMESTAMP'2017-07-01 00:00:00',TIMESTAMP'4000-01-01 00:00:00','Par',1),
	 (11425283,1791394,7016,TIMESTAMP'2015-04-01 00:00:00',TIMESTAMP'4000-01-01 00:00:00','Par',1),
	 (12477287,1791394,8219,TIMESTAMP'2015-01-01 00:00:00',TIMESTAMP'4000-01-01 00:00:00','Par',1),
	 (12477288,1791394,8237,TIMESTAMP'2015-01-01 00:00:00',TIMESTAMP'4000-01-01 00:00:00','Par',1),
	 (12477289,1791394,8238,TIMESTAMP'2015-01-01 00:00:00',TIMESTAMP'4000-01-01 00:00:00','Par',1),
	 (12477290,1791394,8239,TIMESTAMP'2015-01-01 00:00:00',TIMESTAMP'4000-01-01 00:00:00','Par',1),
	 (12477291,1791394,8243,TIMESTAMP'2015-01-01 00:00:00',TIMESTAMP'4000-01-01 00:00:00','Par',1),
	 (12477293,1791394,8245,TIMESTAMP'2015-01-01 00:00:00',TIMESTAMP'4000-01-01 00:00:00','Par',1);
INSERT INTO PORTOWN.PP_PRAC_NET_CYCLE (ID,PRAC_ID,NET_ID,START_DATE,END_DATE,STATUS,LABEL_CLUSTER_ID) VALUES
	 (12477294,1791394,8246,TIMESTAMP'2015-01-01 00:00:00',TIMESTAMP'4000-01-01 00:00:00','Par',1),
	 (13670849,1791394,6356,TIMESTAMP'2015-01-01 00:00:00',TIMESTAMP'2015-07-31 00:00:00','Par',1),
	 (14270813,1791394,8242,TIMESTAMP'2015-01-01 00:00:00',TIMESTAMP'4000-01-01 00:00:00','Par',1),
	 (14270815,1791394,9716,TIMESTAMP'2015-01-01 00:00:00',TIMESTAMP'2023-12-31 00:00:00','Par',1);

INSERT INTO PORTOWN.PP_PRAC_NET_LOC_CYCLE (ID,PRAC_ID,PROV_ID,LOC_ID,PRAC_NET_CYCLE_ID,START_DATE,END_DATE,"PRIMARY",LABEL_CLUSTER_ID) VALUES
	 (12273881,1791394,2278224,3520112,8119328,TIMESTAMP'2017-01-01 00:00:00',TIMESTAMP'4000-01-01 00:00:00','N',1),
	 (13481715,1791394,2278224,3520112,8557632,TIMESTAMP'2015-01-01 00:00:00',TIMESTAMP'2022-12-31 00:00:00','N',1),
	 (20267567,1791394,2278224,4580448,8557632,TIMESTAMP'2018-11-01 00:00:00',TIMESTAMP'2022-12-31 00:00:00','N',1),
	 (21678722,1791394,2278224,4723589,8557632,TIMESTAMP'2019-03-01 00:00:00',TIMESTAMP'2022-12-31 00:00:00','N',1),
	 (51342266,1791394,2278224,4740929,8557632,TIMESTAMP'2021-04-01 00:00:00',TIMESTAMP'2022-12-31 00:00:00','N',1),
	 (16968168,1791394,2278224,3520112,9748721,TIMESTAMP'2015-01-01 00:00:00',TIMESTAMP'4000-01-01 00:00:00','N',1),
	 (30071412,1791394,2278224,3520112,11425283,TIMESTAMP'2015-04-01 00:00:00',TIMESTAMP'2018-02-28 00:00:00','N',1),
	 (25349373,1791394,2278224,4723589,12477287,TIMESTAMP'2015-01-01 00:00:00',TIMESTAMP'4000-01-01 00:00:00','N',1),
	 (25349398,1791394,2278224,4580448,12477287,TIMESTAMP'2015-01-01 00:00:00',TIMESTAMP'4000-01-01 00:00:00','N',1),
	 (25349400,1791394,2278224,3520112,12477287,TIMESTAMP'2015-01-01 00:00:00',TIMESTAMP'2018-11-02 00:00:00','N',1);
INSERT INTO PORTOWN.PP_PRAC_NET_LOC_CYCLE (ID,PRAC_ID,PROV_ID,LOC_ID,PRAC_NET_CYCLE_ID,START_DATE,END_DATE,"PRIMARY",LABEL_CLUSTER_ID) VALUES
	 (51342260,1791394,2278224,4740929,12477287,TIMESTAMP'2021-04-01 00:00:00',TIMESTAMP'4000-01-01 00:00:00','N',1),
	 (25349402,1791394,2278224,4723589,12477288,TIMESTAMP'2015-01-01 00:00:00',TIMESTAMP'4000-01-01 00:00:00','N',1),
	 (25349403,1791394,2278224,4580448,12477288,TIMESTAMP'2015-01-01 00:00:00',TIMESTAMP'4000-01-01 00:00:00','N',1),
	 (25349405,1791394,2278224,3520112,12477288,TIMESTAMP'2015-01-01 00:00:00',TIMESTAMP'2018-11-02 00:00:00','N',1),
	 (51342262,1791394,2278224,4740929,12477288,TIMESTAMP'2021-04-01 00:00:00',TIMESTAMP'4000-01-01 00:00:00','N',1),
	 (25349406,1791394,2278224,4723589,12477289,TIMESTAMP'2015-01-01 00:00:00',TIMESTAMP'4000-01-01 00:00:00','N',1),
	 (25349408,1791394,2278224,4580448,12477289,TIMESTAMP'2015-01-01 00:00:00',TIMESTAMP'4000-01-01 00:00:00','N',1),
	 (25349410,1791394,2278224,3520112,12477289,TIMESTAMP'2015-01-01 00:00:00',TIMESTAMP'2018-11-02 00:00:00','N',1),
	 (51342263,1791394,2278224,4740929,12477289,TIMESTAMP'2021-04-01 00:00:00',TIMESTAMP'4000-01-01 00:00:00','N',1),
	 (25349412,1791394,2278224,4723589,12477290,TIMESTAMP'2015-01-01 00:00:00',TIMESTAMP'4000-01-01 00:00:00','N',1);
INSERT INTO PORTOWN.PP_PRAC_NET_LOC_CYCLE (ID,PRAC_ID,PROV_ID,LOC_ID,PRAC_NET_CYCLE_ID,START_DATE,END_DATE,"PRIMARY",LABEL_CLUSTER_ID) VALUES
	 (25349413,1791394,2278224,4580448,12477290,TIMESTAMP'2015-01-01 00:00:00',TIMESTAMP'4000-01-01 00:00:00','N',1),
	 (25349455,1791394,2278224,3520112,12477290,TIMESTAMP'2015-01-01 00:00:00',TIMESTAMP'2018-11-02 00:00:00','N',1),
	 (51342264,1791394,2278224,4740929,12477290,TIMESTAMP'2021-04-01 00:00:00',TIMESTAMP'4000-01-01 00:00:00','N',1),
	 (25349456,1791394,2278224,4723589,12477291,TIMESTAMP'2015-01-01 00:00:00',TIMESTAMP'4000-01-01 00:00:00','N',1),
	 (25349458,1791394,2278224,4580448,12477291,TIMESTAMP'2015-01-01 00:00:00',TIMESTAMP'4000-01-01 00:00:00','N',1),
	 (25349461,1791394,2278224,3520112,12477291,TIMESTAMP'2015-01-01 00:00:00',TIMESTAMP'2018-11-02 00:00:00','N',1),
	 (51342265,1791394,2278224,4740929,12477291,TIMESTAMP'2021-04-01 00:00:00',TIMESTAMP'4000-01-01 00:00:00','N',1),
	 (25349464,1791394,2278224,4723589,12477293,TIMESTAMP'2015-01-01 00:00:00',TIMESTAMP'4000-01-01 00:00:00','N',1),
	 (25349466,1791394,2278224,4580448,12477293,TIMESTAMP'2015-01-01 00:00:00',TIMESTAMP'4000-01-01 00:00:00','N',1),
	 (25349468,1791394,2278224,3520112,12477293,TIMESTAMP'2015-01-01 00:00:00',TIMESTAMP'2018-11-02 00:00:00','N',1);
INSERT INTO PORTOWN.PP_PRAC_NET_LOC_CYCLE (ID,PRAC_ID,PROV_ID,LOC_ID,PRAC_NET_CYCLE_ID,START_DATE,END_DATE,"PRIMARY",LABEL_CLUSTER_ID) VALUES
	 (51342268,1791394,2278224,4740929,12477293,TIMESTAMP'2021-04-01 00:00:00',TIMESTAMP'4000-01-01 00:00:00','N',1),
	 (25349469,1791394,2278224,4723589,12477294,TIMESTAMP'2015-01-01 00:00:00',TIMESTAMP'4000-01-01 00:00:00','N',1),
	 (25349471,1791394,2278224,4580448,12477294,TIMESTAMP'2015-01-01 00:00:00',TIMESTAMP'4000-01-01 00:00:00','N',1),
	 (25349473,1791394,2278224,3520112,12477294,TIMESTAMP'2015-01-01 00:00:00',TIMESTAMP'2018-11-02 00:00:00','N',1),
	 (51342269,1791394,2278224,4740929,12477294,TIMESTAMP'2021-04-01 00:00:00',TIMESTAMP'4000-01-01 00:00:00','N',1),
	 (30071417,1791394,2278224,3520112,13670849,TIMESTAMP'2015-01-01 00:00:00',TIMESTAMP'2015-07-31 00:00:00','N',1),
	 (33075654,1791394,2278224,4723589,14270813,TIMESTAMP'2015-01-01 00:00:00',TIMESTAMP'4000-01-01 00:00:00','N',1),
	 (33075656,1791394,2278224,4580448,14270813,TIMESTAMP'2015-01-01 00:00:00',TIMESTAMP'4000-01-01 00:00:00','N',1),
	 (33075658,1791394,2278224,3520112,14270813,TIMESTAMP'2015-01-01 00:00:00',TIMESTAMP'2018-11-02 00:00:00','N',1),
	 (51342267,1791394,2278224,4740929,14270813,TIMESTAMP'2021-04-01 00:00:00',TIMESTAMP'4000-01-01 00:00:00','N',1);
INSERT INTO PORTOWN.PP_PRAC_NET_LOC_CYCLE (ID,PRAC_ID,PROV_ID,LOC_ID,PRAC_NET_CYCLE_ID,START_DATE,END_DATE,"PRIMARY",LABEL_CLUSTER_ID) VALUES
	 (33075659,1791394,2278224,4723589,14270815,TIMESTAMP'2015-01-01 00:00:00',TIMESTAMP'2023-12-31 00:00:00','N',1),
	 (33075661,1791394,2278224,4580448,14270815,TIMESTAMP'2015-01-01 00:00:00',TIMESTAMP'2023-12-31 00:00:00','N',1),
	 (33075663,1791394,2278224,3520112,14270815,TIMESTAMP'2015-01-01 00:00:00',TIMESTAMP'2023-12-31 00:00:00','N',1),
	 (51342261,1791394,2278224,4740929,14270815,TIMESTAMP'2021-04-01 00:00:00',TIMESTAMP'2023-12-31 00:00:00','N',1);

INSERT INTO PORTOWN.PP_PRAC_ATTRIB (ID,PRAC_ID,ATTRIBUTE_ID) VALUES
	 (7565355,1791394,501),
	 (7565362,1791394,100043),
	 (69048383,1791394,100085),
	 (7565412,1791394,101619),
	 (15651906,1791394,103279);

INSERT INTO PORTOWN.PP_PRAC_ATTRIB_VALUES (ID,PRAC_ATTRIBUTE_ID,FIELD_ID,VALUE,VALUE_DATE,VALUE_NUMBER,LABEL_CLUSTER_ID) VALUES
	 (12364617,7565355,704,'01/01/4000',TIMESTAMP'4000-01-01 00:00:00',NULL,1),
	 (12364618,7565355,702,'Type 1',NULL,NULL,1),
	 (12364619,7565355,701,'1215982970',NULL,1215982970,1),
	 (12364620,7565355,703,'09/17/2017',TIMESTAMP'2017-09-17 00:00:00',NULL,1),
	 (12364651,7565362,100242,'N',NULL,NULL,1),
	 (124426655,69048383,100934,'1/1/4000',TIMESTAMP'4000-01-01 00:00:00',NULL,1),
	 (124426656,69048383,100303,'CA',NULL,NULL,1),
	 (124426657,69048383,100302,'00A698400',NULL,NULL,1),
	 (12364640,7565412,102449,'N',NULL,NULL,1),
	 (26696667,15651906,105838,'P113549',NULL,NULL,1);

INSERT INTO PORTOWN.PP_PRAC_LOC_ATTRIB (ID,PRAC_ID,PROV_ID,LOC_ID,ATTRIBUTE_ID) VALUES
	 (46438221,1791394,2278224,4580448,107097),
	 (46459023,1791394,2278224,4723589,107097),
	 (46441707,1791394,2278224,4740929,107097);

INSERT INTO PORTOWN.PP_PRAC_LOC_ATTRIB_VALUES (ID,PRAC_LOC_ATTRIBUTE_ID,FIELD_ID,VALUE,VALUE_DATE,VALUE_NUMBER,LABEL_CLUSTER_ID) VALUES
	 (111579671,46438221,111635,'Y',NULL,NULL,1),
	 (111579672,46438221,111636,'Radiology: Diagnostic Radiology',NULL,NULL,1),
	 (111610753,46459023,111635,'Y',NULL,NULL,1),
	 (111610755,46459023,111636,'Radiology: Diagnostic Radiology',NULL,NULL,1),
	 (111583612,46441707,111635,'Y',NULL,NULL,1),
	 (111583613,46441707,111636,'Radiology: Diagnostic Radiology',NULL,NULL,1);


