INSERT INTO PORTOWN.PP_PRAC (ID,FNAME,MNAME,LNAME,XNAME,"DEGREE",SEX,DOB,SSN,EMAIL,SALUTATION,LABEL_CLUSTER_ID,PRAC_TYPE_ID,NARRATIVE) VALUES
	 (108468,'Stephen','C','Thomas',NULL,'MD','M',TIMESTAMP'1972-06-17 00:00:00',NULL,NULL,NULL,1,NULL,NULL);

-- no address or phone numbers

INSERT INTO PORTOWN.PP_ADDR (ID,"TYPE",ADDR1,ADDR2,CITY_ID,COUNTY_ID,ZIP,PLUS4,ADDR3,POSTAL_CODE,COUNTRY_ID,START_DATE,END_DATE,LATITUDE,LONGITUDE,UGLY_ADDR1,UGLY_ADDR2,COUNTY_FIPS,LATITUDE7,LONGITUDE7) VALUES
	 (25764,'MAIN','55 Fogg Rd',NULL,19629,1242,'02190','2432',NULL,NULL,1,TIMESTAMP'1800-01-01 00:00:00',TIMESTAMP'4000-01-01 00:00:00',42.176,-70.954,'55 Fogg RD',NULL,'25021',42.175716,-70.954216);

INSERT INTO PORTOWN.PP_PROV_TIN_LOC (ID,TIN_ID,ADDRESS_ID,NAME,"PRIMARY",PRINT_SUPPRESS,OFFICE_MGR,TRAIN,BUS,TRANSIT_ROUTE,HANDICAP,LABEL_CLUSTER_ID,PROV_TIN_PRC_CONT_ID) VALUES
	 (14684,10826,25764,'South Shore Hospital','Y',NULL,NULL,'N','N',NULL,'Y',1,NULL);

INSERT INTO PORTOWN.PP_PRAC_LOC (PRAC_ID,PROV_ID,LOC_ID,"PRIMARY",PRINT_SUPPRESS,START_DATE,END_DATE,LABEL_CLUSTER_ID) VALUES
	 (108468,10963,14684,'Y','Y',TIMESTAMP'2009-06-01 00:00:00',TIMESTAMP'4000-01-01 00:00:00',1);

INSERT INTO PORTOWN.PP_PRAC_NET_CYCLE (ID,PRAC_ID,NET_ID,START_DATE,END_DATE,STATUS,LABEL_CLUSTER_ID) VALUES
	 (220110,108468,111,TIMESTAMP'2009-06-01 00:00:00',TIMESTAMP'2015-01-31 00:00:00','Nonpar',1),
	 (220111,108468,169,TIMESTAMP'2009-06-01 00:00:00',TIMESTAMP'2015-01-31 00:00:00','Nonpar',1),
	 (1359035,108468,1860,TIMESTAMP'2012-01-01 00:00:00',TIMESTAMP'4000-01-01 00:00:00','Nonpar',1),
	 (2994853,108468,3676,TIMESTAMP'2013-01-01 00:00:00',TIMESTAMP'2015-01-31 00:00:00','Nonpar',1),
	 (5278803,108468,3676,TIMESTAMP'2015-02-01 00:00:00',TIMESTAMP'4000-01-01 00:00:00','Par',1),
	 (6303426,108468,900,TIMESTAMP'2015-02-01 00:00:00',TIMESTAMP'4000-01-01 00:00:00','Par',1);

INSERT INTO PORTOWN.PP_PRAC_NET_LOC_CYCLE (ID,PRAC_ID,PROV_ID,LOC_ID,PRAC_NET_CYCLE_ID,START_DATE,END_DATE,"PRIMARY",LABEL_CLUSTER_ID) VALUES
	 (225940,108468,10963,14684,220110,TIMESTAMP'2009-06-01 00:00:00',TIMESTAMP'2015-01-31 00:00:00','Y',1),
	 (225941,108468,10963,14684,220111,TIMESTAMP'2010-02-01 00:00:00',TIMESTAMP'2015-01-31 00:00:00','Y',1),
	 (1093862,108468,10963,14684,1359035,TIMESTAMP'2012-01-01 00:00:00',TIMESTAMP'4000-01-01 00:00:00','Y',1),
	 (2901068,108468,10963,14684,2994853,TIMESTAMP'2013-01-01 00:00:00',TIMESTAMP'4000-01-01 00:00:00','Y',1),
	 (8763893,108468,10963,14684,5278803,TIMESTAMP'2015-10-01 00:00:00',TIMESTAMP'4000-01-01 00:00:00','Y',1),
	 (8763894,108468,10963,14684,6303426,TIMESTAMP'2015-10-01 00:00:00',TIMESTAMP'4000-01-01 00:00:00','Y',1);

INSERT INTO PORTOWN.PP_PRAC_ATTRIB (ID,PRAC_ID,ATTRIBUTE_ID) VALUES
	 (431379,108468,501),
	 (15700434,108468,100051),
	 (8765163,108468,100052);

INSERT INTO PORTOWN.PP_PRAC_ATTRIB_VALUES (ID,PRAC_ATTRIBUTE_ID,FIELD_ID,VALUE,VALUE_DATE,VALUE_NUMBER,LABEL_CLUSTER_ID) VALUES
	 (687477,431379,701,'1972575330',NULL,1972575330,1),
	 (687478,431379,703,'12/15/2020',TIMESTAMP'2020-12-15 00:00:00',NULL,1),
	 (4316927,431379,702,'Type 1',NULL,NULL,1),
	 (26760941,15700434,100260,'BT9746059',NULL,NULL,1),
	 (13951282,8765163,100261,'MA',NULL,NULL,1),
	 (13951283,8765163,104028,'AC',NULL,NULL,1),
	 (13951284,8765163,100677,'06-17-2015',TIMESTAMP'2015-06-17 00:00:00',NULL,1),
	 (13951285,8765163,100262,'239025',NULL,NULL,1);

-- no specialties
