INSERT INTO PORTOWN.PP_PRAC (ID,FNAME,MNAME,LNAME,XNAME,"degree",SEX,DOB,SSN,EMAIL,SALUTATION,LABEL_CLUSTER_ID,PRAC_TYPE_ID,NARRATIVE) VALUES
	 (968752,'Vishwa','M','Kapoor',NULL,'MD','F',TIMESTAMP'1945-09-18 00:00:00',NULL,NULL,NULL,1,NULL,NULL);

INSERT INTO PORTOWN.PP_ADDR (ID,"type",ADDR1,ADDR2,CITY_ID,COUNTY_ID,ZIP,PLUS4,ADDR3,POSTAL_CODE,COUNTRY_ID,START_DATE,END_DATE,LATITUDE,LONGITUDE,UGLY_ADDR1,UGLY_ADDR2,COUNTY_FIPS,LATITUDE7,LONGITUDE7) VALUES
	 (2103568,'MAILING','1415 Ross Ave',NULL,6101,842,'92243','4306',NULL,NULL,1,TIMESTAMP'2012-06-01 00:00:00',TIMESTAMP'4000-01-01 00:00:00',32.781,-115.569,'1415 Ross Ave',NULL,'06025',32.780521,-115.568542);

INSERT INTO PORTOWN.PP_PHONES (ID,"type",AREACODE,EXCHANGE,NUM,EXTENSION,"FOREIGN",COUNTRY_CODE,FOREIGN_PHONE) VALUES
	 (17641971,'FAX','760','592','4964',NULL,'N',1,NULL),
	 (17641953,'PHONE','760','592','4961',NULL,'N',1,NULL);

INSERT INTO PORTOWN.PP_ADDR_PHONES (ADDRESS_ID,PHONE_ID) VALUES
	 (2103568,17641953),
	 (2103568,17641971);

INSERT INTO PORTOWN.PP_PRAC_ADDR (PRAC_ID,ADDRESS_ID) VALUES
	 (968752,2103568);


INSERT INTO PORTOWN.PP_ADDR (ID,"type",ADDR1,ADDR2,CITY_ID,COUNTY_ID,ZIP,PLUS4,ADDR3,POSTAL_CODE,COUNTRY_ID,START_DATE,END_DATE,LATITUDE,LONGITUDE,UGLY_ADDR1,UGLY_ADDR2,COUNTY_FIPS,LATITUDE7,LONGITUDE7) VALUES
	 -- Already inserted as part of Child ppg -2
     -- (4682048,'MAIN','1550 Pepper Dr','Ste B',6101,842,'92243','4166',NULL,NULL,1,TIMESTAMP'1800-01-01 00:00:00',TIMESTAMP'4000-01-01 00:00:00',32.78,-115.571,'1550 Pepper Dr','Ste B','06025',32.779819,-115.571007),
	 (10010123,'MAIN','2151 Ross Ave',NULL,6101,842,'92243','3685',NULL,NULL,1,TIMESTAMP'1800-01-01 00:00:00',TIMESTAMP'4000-01-01 00:00:00',32.781,-115.58,'2151 Ross Ave',NULL,'06025',32.781094,-115.57991),
	 (5726163,'MAIN','565 Main St',NULL,2187,842,'92227','2423',NULL,NULL,1,TIMESTAMP'1800-01-01 00:00:00',TIMESTAMP'4000-01-01 00:00:00',32.979,-115.532,'565 Main St',NULL,'06025',32.978897,-115.532303),
	 (6997564,'MAIN','1745 S Imperial Ave','Ste A',6101,842,'92243','4252',NULL,NULL,1,TIMESTAMP'1800-01-01 00:00:00',TIMESTAMP'4000-01-01 00:00:00',32.778,-115.569,'1745 S Imperial Ave','Ste A','06025',32.777805,-115.569008);

INSERT INTO PORTOWN.PP_PROV_TIN_LOC (ID,TIN_ID,ADDRESS_ID,NAME,"PRIMARY",PRINT_SUPPRESS,OFFICE_MGR,TRAIN,BUS,TRANSIT_ROUTE,HANDICAP,LABEL_CLUSTER_ID,PROV_TIN_PRC_CONT_ID) VALUES
	 -- Already inserted
     -- (3505476,1794145,4682048,'Direct Network Imperial','N','N',NULL,'N','N',NULL,'Y',1,NULL),
	 (4412086,1794145,5726163,'DIRECT NETWORK: IMPERIAL','N',NULL,NULL,NULL,NULL,NULL,NULL,1,NULL),
	 (5446178,1794145,6997564,'Direct Network Imperial','N','N',NULL,'N','N',NULL,'N',1,NULL),
	 (7642439,1794145,10010123,'DIRECT NETWORK: IMPERIAL','N',NULL,NULL,NULL,NULL,NULL,NULL,1,NULL);


INSERT INTO PORTOWN.PP_PRAC_LOC (PRAC_ID,PROV_ID,LOC_ID,"PRIMARY",PRINT_SUPPRESS,START_DATE,END_DATE,LABEL_CLUSTER_ID) VALUES
	 (968752,2278167,3505476,'N','N',TIMESTAMP'2015-01-01 00:00:00',TIMESTAMP'4000-01-01 00:00:00',1),
	 (968752,2278167,4412086,'N','N',TIMESTAMP'2015-01-01 00:00:00',TIMESTAMP'2015-05-31 00:00:00',1),
	 (968752,2278167,5446178,'N','N',TIMESTAMP'2015-01-01 00:00:00',TIMESTAMP'2017-03-31 00:00:00',1),
	 (968752,2278167,7642439,NULL,'N',TIMESTAMP'2021-10-01 00:00:00',TIMESTAMP'4000-01-01 00:00:00',1);

INSERT INTO PORTOWN.PP_PRAC_NET_CYCLE (ID,PRAC_ID,NET_ID,START_DATE,END_DATE,STATUS,LABEL_CLUSTER_ID) VALUES
	 (8108169,968752,4179,TIMESTAMP'2017-01-01 00:00:00',TIMESTAMP'4000-01-01 00:00:00','Par',1),
	 (13497289,968752,8219,TIMESTAMP'2019-06-01 00:00:00',TIMESTAMP'4000-01-01 00:00:00','Par',1),
	 (14199888,968752,9716,TIMESTAMP'2015-01-01 00:00:00',TIMESTAMP'2023-12-31 00:00:00','Par',1);

INSERT INTO PORTOWN.PP_PRAC_NET_LOC_CYCLE (ID,PRAC_ID,PROV_ID,LOC_ID,PRAC_NET_CYCLE_ID,START_DATE,END_DATE,"PRIMARY",LABEL_CLUSTER_ID) VALUES
	 (12388999,968752,2278167,3505476,8108169,TIMESTAMP'2017-01-01 00:00:00',TIMESTAMP'4000-01-01 00:00:00','N',1),
	 (51374281,968752,2278167,7642439,13497289,TIMESTAMP'2021-10-01 00:00:00',TIMESTAMP'2025-09-19 00:00:00','N',1),
	 (32901394,968752,2278167,3505476,14199888,TIMESTAMP'2015-01-01 00:00:00',TIMESTAMP'2023-12-31 00:00:00','N',1),
	 (32901397,968752,2278167,5446178,14199888,TIMESTAMP'2015-01-01 00:00:00',TIMESTAMP'2023-12-31 00:00:00','N',1),
	 (32901399,968752,2278167,4412086,14199888,TIMESTAMP'2015-01-01 00:00:00',TIMESTAMP'2023-12-31 00:00:00','N',1);

INSERT INTO PORTOWN.PP_PRAC_ATTRIB (ID,PRAC_ID,ATTRIBUTE_ID) VALUES
	 (4076645,968752,501),
	 (4076653,968752,100043),
	 (4249643,968752,100085),
	 (4088087,968752,101619),
	 (15649308,968752,103279);

INSERT INTO PORTOWN.PP_PRAC_ATTRIB_VALUES (ID,PRAC_ATTRIBUTE_ID,FIELD_ID,VALUE,VALUE_DATE,VALUE_NUMBER,LABEL_CLUSTER_ID) VALUES
	 (6620702,4076645,704,'01/01/4000',TIMESTAMP'4000-01-01 00:00:00',NULL,1),
	 (6620703,4076645,702,'Type 1',NULL,NULL,1),
	 (6620704,4076645,701,'1942239892',NULL,1942239892,1),
	 (6620705,4076645,703,'06/17/2024',TIMESTAMP'2024-06-17 00:00:00',NULL,1),
	 (6620719,4076653,100242,'NA',NULL,NULL,1),
	 (6991038,4249643,100303,'CA',NULL,NULL,1),
	 (6991039,4249643,100302,'GR0016210',NULL,NULL,1),
	 (6636820,4088087,102449,'Y',NULL,NULL,1),
	 (32232185,4088087,102450,'03-01-2001',TIMESTAMP'2001-03-01 00:00:00',NULL,1),
	 (26694069,15649308,105838,'P064875',NULL,NULL,1);

INSERT INTO PORTOWN.PP_PRAC_LOC_ATTRIB (ID,PRAC_ID,PROV_ID,LOC_ID,ATTRIBUTE_ID) VALUES
	 (46921417,968752,2278167,7642439,107097);

INSERT INTO PORTOWN.PP_PRAC_LOC_ATTRIB_VALUES (ID,PRAC_LOC_ATTRIBUTE_ID,FIELD_ID,VALUE,VALUE_DATE,VALUE_NUMBER,LABEL_CLUSTER_ID) VALUES
	 (112325355,46921417,111635,'Y',NULL,NULL,1),
	 (112325356,46921417,111636,'Pediatrics',NULL,NULL,1);
