INSERT INTO PORTOWN.PP_PROV_TIN (ID,NAME,"type",TIN,LABEL_CLUSTER_ID) VALUES
	 (12646,'Baystate Franklin Medical Center',NULL,'04-2103575',1);

INSERT INTO PORTOWN.PP_ADDR (ID,"type",ADDR1,ADDR2,CITY_ID,COUNTY_ID,ZIP,PLUS4,ADDR3,POSTAL_CODE,COUNTRY_ID,START_DATE,END_DATE,LATITUDE,LONGITUDE,UGLY_ADDR1,UGLY_ADDR2,COUNTY_FIPS,LATITUDE7,LONGITUDE7) VALUES
	 (30765,'BILLING','PO Box 3619',NULL,2015,1664,'02241','3619',NULL,NULL,1,TIMESTAMP'2009-06-17 00:00:00',TIMESTAMP'4000-01-01 00:00:00',42.36,-71.058,'PO Box 3619',NULL,'25025',42.36025,-71.05829);

INSERT INTO PORTOWN.PP_PROV (ID,TIN_ID,ADDRESS_ID,SPEC_ID,SUB_PROV_CODE,NAME,NAME_USAGE,MEDICARE_NO,PROV_TYPE_ID,LABEL_CLUSTER_ID) VALUES
	 (12803,12646,30765,1944,NULL,'Baystate Franklin Medical Center','P','220135',104,1);

INSERT INTO PORTOWN.PP_ADDR (ID,"type",ADDR1,ADDR2,CITY_ID,COUNTY_ID,ZIP,PLUS4,ADDR3,POSTAL_CODE,COUNTRY_ID,START_DATE,END_DATE,LATITUDE,LONGITUDE,UGLY_ADDR1,UGLY_ADDR2,COUNTY_FIPS,LATITUDE7,LONGITUDE7) VALUES
	 (30763,'MAIN','164 High St',NULL,8251,625,'01301','2613',NULL,NULL,1,TIMESTAMP'2009-06-17 00:00:00',TIMESTAMP'4000-01-01 00:00:00',42.596,-72.592,'164 High St',NULL,'25011',42.595901,-72.592278);

INSERT INTO PORTOWN.PP_PROV_ADDR (PROV_ID,ADDRESS_ID) VALUES
	 (12803,30763);

-- No data for PP_PHONES and PP_ADDR_PHONES

INSERT INTO PORTOWN.PP_PROV_ATTRIB (ID,PROV_ID,ATTRIBUTE_ID) VALUES
	 (20146,12803,502),
	 (20147,12803,100011),
	 (22341579,12803,100011),
	 (20149,12803,100053),
	 (9251262,12803,100073),
	 (20152,12803,100088),
	 (3964136,12803,100088),
	 (20153,12803,100089),
	 (20155,12803,100090),
	 (20154,12803,100091);
INSERT INTO PORTOWN.PP_PROV_ATTRIB (ID,PROV_ID,ATTRIBUTE_ID) VALUES
	 (15297656,12803,100114),
	 (3964155,12803,100640),
	 (15024954,12803,101577),
	 (15024955,12803,101577);


INSERT INTO PORTOWN.PP_PROV_ATTRIB_VALUES (ID,PROV_ATTRIBUTE_ID,FIELD_ID,VALUE,VALUE_DATE,VALUE_NUMBER,LABEL_CLUSTER_ID) VALUES
	 (21161,20146,707,'Type 2',NULL,NULL,1),
	 (21162,20146,706,'1508867391',NULL,1508867391,1),
	 (21163,20146,708,'06/17/2009',TIMESTAMP'2009-06-17 00:00:00',NULL,1),
	 (21164,20147,100094,'1200623',NULL,1200623,1),
	 (21165,20147,100477,'MA',NULL,NULL,1),
	 (28326526,22341579,104756,NULL,NULL,NULL,1),
	 (28326527,22341579,100477,NULL,NULL,NULL,1),
	 (28326528,22341579,100094,NULL,NULL,NULL,1),
	 (28326529,22341579,103215,NULL,NULL,NULL,1),
	 (21167,20149,100264,' MA',NULL,NULL,1);
INSERT INTO PORTOWN.PP_PROV_ATTRIB_VALUES (ID,PROV_ATTRIBUTE_ID,FIELD_ID,VALUE,VALUE_DATE,VALUE_NUMBER,LABEL_CLUSTER_ID) VALUES
	 (4791226,20149,100263,'2120',NULL,NULL,1),
	 (4791229,20149,100679,'06-28-2015',TIMESTAMP'2015-06-28 00:00:00',NULL,1),
	 (4791230,20149,100678,'06-29-2013',TIMESTAMP'2013-06-29 00:00:00',NULL,1),
	 (11202108,9251262,100283,'220135',NULL,NULL,1),
	 (21170,20152,100312,'N',NULL,NULL,1),
	 (283020,20152,100313,'04-04-2008',TIMESTAMP'2008-04-04 00:00:00',NULL,1),
	 (4791231,3964136,100312,'N',NULL,NULL,1),
	 (4791232,3964136,100313,'03-03-2011',TIMESTAMP'2011-03-03 00:00:00',NULL,1),
	 (21171,20153,100314,'No',NULL,NULL,1),
	 (21173,20155,100316,'No',NULL,NULL,1);
INSERT INTO PORTOWN.PP_PROV_ATTRIB_VALUES (ID,PROV_ATTRIBUTE_ID,FIELD_ID,VALUE,VALUE_DATE,VALUE_NUMBER,LABEL_CLUSTER_ID) VALUES
	 (21172,20154,100318,'No',NULL,NULL,1),
	 (18754374,15297656,100348,'BH',NULL,NULL,1),
	 (4791266,3964155,101140,'Y',NULL,NULL,1),
	 (18328139,15024954,102380,'N',NULL,NULL,1),
	 (18328140,15024954,102381,'N',NULL,NULL,1),
	 (18328141,15024954,102376,'N',NULL,NULL,1),
	 (18328142,15024954,102378,'N',NULL,NULL,1),
	 (18328143,15024954,102377,'Y',NULL,NULL,1),
	 (18328144,15024954,102379,'N',NULL,NULL,1),
	 (18328145,15024955,102380,'N',NULL,NULL,1);
INSERT INTO PORTOWN.PP_PROV_ATTRIB_VALUES (ID,PROV_ATTRIBUTE_ID,FIELD_ID,VALUE,VALUE_DATE,VALUE_NUMBER,LABEL_CLUSTER_ID) VALUES
	 (18328146,15024955,102381,'N',NULL,NULL,1),
	 (18328147,15024955,102376,'N',NULL,NULL,1),
	 (18328148,15024955,102378,'N',NULL,NULL,1),
	 (18328149,15024955,102377,'Y',NULL,NULL,1),
	 (18328150,15024955,102379,'N',NULL,NULL,1);

INSERT INTO PORTOWN.PP_ADDR (ID,"type",ADDR1,ADDR2,CITY_ID,COUNTY_ID,ZIP,PLUS4,ADDR3,POSTAL_CODE,COUNTRY_ID,START_DATE,END_DATE,LATITUDE,LONGITUDE,UGLY_ADDR1,UGLY_ADDR2,COUNTY_FIPS,LATITUDE7,LONGITUDE7) VALUES
	 (4516166,'MAIN','164 High St',NULL,8251,625,'01301','2613',NULL,NULL,1,TIMESTAMP'1800-01-01 00:00:00',TIMESTAMP'4000-01-01 00:00:00',42.596,-72.592,'164 High St',NULL,'25011',42.595901,-72.592278),
	 (3702280,'MAIN','164 High St',NULL,8251,625,'01301','2613',NULL,NULL,1,TIMESTAMP'1800-01-01 00:00:00',TIMESTAMP'4000-01-01 00:00:00',42.596,-72.592,'164 High St',NULL,'25011',42.595901,-72.592278),
	 (4859744,'MAIN','759 Chestnut St',NULL,19779,744,'01107','1619',NULL,NULL,1,TIMESTAMP'1800-01-01 00:00:00',TIMESTAMP'4000-01-01 00:00:00',42.122,-72.603,'759 Chestnut St',NULL,'25013',42.121887,-72.603172),
	 (1705620,'MAIN','100 Ter Heun Dr',NULL,6675,112,'02540','2503',NULL,NULL,1,TIMESTAMP'1800-01-01 00:00:00',TIMESTAMP'4000-01-01 00:00:00',41.564,-70.622,'100 Ter Heun Dr',NULL,'25001',41.564213,-70.62236);

INSERT INTO PORTOWN.PP_PHONES (ID,"type",AREACODE,EXCHANGE,NUM,EXTENSION,"FOREIGN",COUNTRY_CODE,FOREIGN_PHONE) VALUES
	 (3414193,'PHONE','413','773','2263',NULL,'N',1,NULL),
	 (3414194,'FAX','413','773','2127',NULL,'N',1,NULL),
	 (4785828,'FAX','413','794','9060',NULL,'N',1,NULL),
	 (4785827,'PHONE','413','794','3233',NULL,'N',1,NULL);

INSERT INTO PORTOWN.PP_ADDR_PHONES (ADDRESS_ID,PHONE_ID) VALUES
	 (3702280,3414193),
	 (3702280,3414194),
	 (4859744,4785827),
	 (4859744,4785828);

INSERT INTO PORTOWN.PP_PROV_TIN_LOC (ID,TIN_ID,ADDRESS_ID,NAME,"PRIMARY",PRINT_SUPPRESS,OFFICE_MGR,TRAIN,BUS,TRANSIT_ROUTE,HANDICAP,LABEL_CLUSTER_ID,PROV_TIN_PRC_CONT_ID) VALUES
	 (1253321,12646,1705620,'Falmouth Hospital Association, Inc','N','N',NULL,'N','N',NULL,'N',1,NULL),
	 (2712508,12646,3702280,'BFMC Emergency Medicine','N','N',NULL,'N','N',NULL,'Y',1,NULL),
	 (3675131,12646,4859744,'Baystate Medical Practices Inc','N','N',NULL,'N','N',NULL,'Y',1,NULL),
	 (3404637,12646,4516166,'Baystate Franklin Medical Center','Y','Y',NULL,'N','N','N','Y',1,NULL);

INSERT INTO PORTOWN.PP_PROV_LOC (PROV_ID,LOC_ID,NAME_USAGE,"PRIMARY",START_DATE,END_DATE,PRINT_SUPPRESS,LABEL_CLUSTER_ID) VALUES
	 (12803,1253321,'C','N',TIMESTAMP'2013-06-01 00:00:00',TIMESTAMP'4000-01-01 00:00:00','N',1),
	 (12803,2712508,'C','N',TIMESTAMP'2013-06-01 00:00:00',TIMESTAMP'4000-01-01 00:00:00','Y',1),
	 (12803,3404637,'C','Y',TIMESTAMP'2016-12-01 00:00:00',TIMESTAMP'4000-01-01 00:00:00','Y',1),
	 (12803,3675131,'C','Y',TIMESTAMP'2013-06-01 00:00:00',TIMESTAMP'4000-01-01 00:00:00','N',1);

INSERT INTO PORTOWN.PP_PROV_NET_CYCLE (ID,PROV_ID,NET_ID,STATUS,START_DATE,END_DATE,LABEL_CLUSTER_ID) VALUES
	 (1000151,12803,900,'Par',TIMESTAMP'2013-06-01 00:00:00',TIMESTAMP'4000-01-01 00:00:00',1),
	 (12454256,12803,7707,'Nonpar',TIMESTAMP'2012-01-01 00:00:00',TIMESTAMP'4000-01-01 00:00:00',1),
	 (5027977,12803,7694,'Nonpar',TIMESTAMP'2016-12-01 00:00:00',TIMESTAMP'4000-01-01 00:00:00',1),
	 (5027978,12803,7692,'Nonpar',TIMESTAMP'2016-12-01 00:00:00',TIMESTAMP'4000-01-01 00:00:00',1);

INSERT INTO PORTOWN.PP_PROV_NET_LOC_CYCLE (ID,PROV_NET_CYCLE_ID,PROV_ID,LOC_ID,START_DATE,END_DATE,"PRIMARY",LABEL_CLUSTER_ID) VALUES
	 (1656931,1000151,12803,1253321,TIMESTAMP'2013-06-01 00:00:00',TIMESTAMP'4000-01-01 00:00:00','N',1),
	 (5170045,1000151,12803,2712508,TIMESTAMP'2013-06-01 00:00:00',TIMESTAMP'4000-01-01 00:00:00','N',1),
	 (7957845,1000151,12803,3675131,TIMESTAMP'2013-06-01 00:00:00',TIMESTAMP'4000-01-01 00:00:00','N',1),
	 (7193509,5027977,12803,3404637,TIMESTAMP'2016-12-01 00:00:00',TIMESTAMP'4000-01-01 00:00:00','Y',1),
	 (7193510,5027978,12803,3404637,TIMESTAMP'2016-12-01 00:00:00',TIMESTAMP'4000-01-01 00:00:00','N',1),
	 (20578065,12454256,12803,3404637,TIMESTAMP'2012-01-01 00:00:00',TIMESTAMP'4000-01-01 00:00:00','Y',1);

INSERT INTO PORTOWN.PP_PROV_LOC_ATTRIB (ID,PROV_ID,LOC_ID,ATTRIBUTE_ID) VALUES
	 (39429361,12803,1253321,106877),
	 (39429362,12803,2712508,106877),
	 (39429365,12803,3675131,106877),
	 (39429364,12803,3404637,106877);

INSERT INTO PORTOWN.PP_PROV_LOC_ATTRIB_VALUES (ID,PROV_LOC_ATTRIBUTE_ID,FIELD_ID,VALUE,VALUE_DATE,VALUE_NUMBER,LABEL_CLUSTER_ID) VALUES
	 (92830816,39429365,111355,'General Acute Care Hospital',NULL,NULL,1),
	 (92830813,39429362,111355,'General Acute Care Hospital',NULL,NULL,1),
	 (92830815,39429364,111355,'General Acute Care Hospital',NULL,NULL,1),
	 (92830812,39429361,111355,'General Acute Care Hospital',NULL,NULL,1);



