-- Insert PP_ADDR.sql
INSERT INTO portown.pp_addr (id,"type",addr1,addr2,city_id,zip,county_id,latitude,longitude,start_date,end_date,county_fips) VALUES
	 (1,'BILLING','13377 Batten Lane',NULL,1,'33556',1,NULL,NULL,'2020-01-01',NULL,'12101'),
	 (2,'MAILING','P.O.8433',NULL,1,'33556',1,NULL,NULL,'2020-01-01',NULL,'12101'),
	 (3,'main','3160 Cedar Ave','Apt 42',2,'75203',2,NULL,NULL,'2019-01-01',NULL,'48113'),
	 (4,'main','4865 Pine Dr','Apt 37',3,'78205',3,NULL,NULL,'2019-01-01',NULL,'48029'),
	 (5,'main','4611 Main Rd','Suite 913',2,'75203',2,NULL,NULL,'2019-01-01',NULL,'48113'),
	 (6,'main','823 Park Ave','—',4,'77004',4,NULL,NULL,'2019-01-01',NULL,'48201'),
	 (7,'main','1998 Park Ln','—',4,'77004',4,NULL,NULL,'2019-01-01',NULL,'48201'),
	 (8,'main','9805 Oak Ave','—',5,'78701',5,NULL,NULL,'2019-01-01',NULL,'48453'),
	 (9,'main','3064 Lake Dr','Suite 196',2,'75201',2,NULL,NULL,'2019-01-01',NULL,'48113'),
	 (10,'main','3579 Oak Pl','PO Box 187',2,'75203',2,NULL,NULL,'2019-01-01',NULL,'48113');
INSERT INTO portown.pp_addr (id,"type",addr1,addr2,city_id,zip,county_id,latitude,longitude,start_date,end_date,county_fips) VALUES
	 (11,'main','361 Elm Blvd','Suite 586',3,'78205',3,NULL,NULL,'2019-01-01',NULL,'48029'),
	 (12,'main','1201 Cedar Ln','—',4,'77003',4,NULL,NULL,'2019-01-01',NULL,'48201'),
	 (13,'main','5511 Oak St','Apt 23',4,'77003',4,NULL,NULL,'2019-01-01',NULL,'48201'),
	 (14,'main','3489 Sunset Pl','Apt 38',3,'78206',3,NULL,NULL,'2019-01-01',NULL,'48029'),
	 (15,'main','1268 Maple Blvd','PO Box 365',3,'78207',3,NULL,NULL,'2019-01-01',NULL,'48029'),
	 (16,'main','1591 Sunset Ave','Apt 47',2,'75202',2,NULL,NULL,'2019-01-01',NULL,'48113'),
	 (17,'main','4106 Maple Rd','PO Box 59',5,'78703',5,NULL,NULL,'2019-01-01',NULL,'48453'),
	 (18,'main','4645 Maple Pl','—',6,'61107',6,NULL,NULL,'2019-01-01',NULL,'17201'),
	 (19,'main','7665 Elm St','—',6,'61108',6,NULL,NULL,'2019-01-01',NULL,'17201'),
	 (20,'main','5430 Oak Ave','Suite 718',7,'62703',7,NULL,NULL,'2019-01-01',NULL,'17167');
INSERT INTO portown.pp_addr (id,"type",addr1,addr2,city_id,zip,county_id,latitude,longitude,start_date,end_date,county_fips) VALUES
	 (21,'main','3722 Cedar Pl','—',8,'61603',8,NULL,NULL,'2019-01-01',NULL,'17143'),
	 (22,'main','4139 Maple Rd','Suite 361',7,'62702',7,NULL,NULL,'2019-01-01',NULL,'17167'),
	 (23,'main','6543 Elm Rd','Suite 510',6,'61107',6,NULL,NULL,'2019-01-01',NULL,'17201'),
	 (24,'main','5097 Main Rd','Suite 302',6,'61107',6,NULL,NULL,'2019-01-01',NULL,'17201'),
	 (25,'main','9209 Cedar Ave','PO Box 60',9,'60618',9,NULL,NULL,'2019-01-01',NULL,'17031'),
	 (26,'main','406 Pine Dr','PO Box 59',8,'61602',8,NULL,NULL,'2019-01-01',NULL,'17143'),
	 (27,'main','9953 Lake Ave','—',6,'61108',6,NULL,NULL,'2019-01-01',NULL,'17201'),
	 (28,'main','6397 Oak Ave','Apt 5',8,'61603',8,NULL,NULL,'2019-01-01',NULL,'17143'),
	 (29,'main','3232 Park Dr','Apt 43',8,'61604',8,NULL,NULL,'2019-01-01',NULL,'17143'),
	 (30,'main','4290 Pine St','—',8,'61604',8,NULL,NULL,'2019-01-01',NULL,'17143');
INSERT INTO portown.pp_addr (id,"type",addr1,addr2,city_id,zip,county_id,latitude,longitude,start_date,end_date,county_fips) VALUES
	 (31,'main','4377 Elm Ave','Apt 10',9,'60618',9,NULL,NULL,'2019-01-01',NULL,'17031'),
	 (32,'main','8439 Main Ln','Suite 702',8,'61602',8,NULL,NULL,'2019-01-01',NULL,'17143'),
	 (33,'main','5791 Hill Rd','—',10,'31204',10,NULL,NULL,'2019-01-01',NULL,'13021'),
	 (34,'main','5861 Oak St','—',10,'31205',10,NULL,NULL,'2019-01-01',NULL,'13021'),
	 (35,'main','9039 Oak St','Apt 4',11,'31404',11,NULL,NULL,'2019-01-01',NULL,'13051'),
	 (36,'main','3166 Oak Blvd','PO Box 280',11,'31401',11,NULL,NULL,'2019-01-01',NULL,'13051'),
	 (37,'main','9289 Sunset Dr','Suite 472',11,'31401',11,NULL,NULL,'2019-01-01',NULL,'13051'),
	 (38,'main','2205 Park Pl','—',11,'31405',11,NULL,NULL,'2019-01-01',NULL,'13051'),
	 (39,'main','9709 Maple Blvd','Apt 8',11,'31404',11,NULL,NULL,'2019-01-01',NULL,'13051'),
	 (40,'main','5908 Main Dr','Suite 879',12,'30304',12,NULL,NULL,'2019-01-01',NULL,'13121');
INSERT INTO portown.pp_addr (id,"type",addr1,addr2,city_id,zip,county_id,latitude,longitude,start_date,end_date,county_fips) VALUES
	 (41,'main','2861 Hill Rd','—',13,'30905',13,NULL,NULL,'2019-01-01',NULL,'13245'),
	 (42,'main','2011 Maple Rd','Suite 890',13,'30901',13,NULL,NULL,'2019-01-01',NULL,'13245'),
	 (43,'main','3899 Pine St','—',12,'30303',12,NULL,NULL,'2019-01-01',NULL,'13121'),
	 (44,'main','8189 Sunset Ln','PO Box 144',11,'31404',11,NULL,NULL,'2019-01-01',NULL,'13051'),
	 (45,'main','2811 Main St','Suite 937',12,'30303',12,NULL,NULL,'2019-01-01',NULL,'13121'),
	 (46,'main','5113 Maple Ln','PO Box 204',13,'30904',13,NULL,NULL,'2019-01-01',NULL,'13245'),
	 (47,'main','2757 Maple Pl','Suite 203',13,'30901',13,NULL,NULL,'2019-01-01',NULL,'13245'),
	 (48,'main','1011 Oak Ave','PO Box 227',14,'94109',14,NULL,NULL,'2019-01-01',NULL,'06075'),
	 (49,'main','8502 Cedar Blvd','Apt 40',15,'90029',15,NULL,NULL,'2019-01-01',NULL,'06037'),
	 (50,'main','9135 Cedar Rd','Apt 25',16,'95814',16,NULL,NULL,'2019-01-01',NULL,'06067');
INSERT INTO portown.pp_addr (id,"type",addr1,addr2,city_id,zip,county_id,latitude,longitude,start_date,end_date,county_fips) VALUES
	 (51,'main','3329 Lake St','Suite 928',14,'94133',14,NULL,NULL,'2019-01-01',NULL,'06075'),
	 (52,'main','8986 Maple Dr','—',16,'95814',16,NULL,NULL,'2019-01-01',NULL,'06067'),
	 (53,'main','8539 Main Ave','Suite 924',16,'95816',16,NULL,NULL,'2019-01-01',NULL,'06067'),
	 (54,'main','7911 Pine Pl','PO Box 165',15,'90029',15,NULL,NULL,'2019-01-01',NULL,'06037'),
	 (55,'main','4546 Cedar Dr','Apt 15',16,'95815',16,NULL,NULL,'2019-01-01',NULL,'06067'),
	 (56,'main','741 Oak Ave','Apt 6',17,'92103',17,NULL,NULL,'2019-01-01',NULL,'06073'),
	 (57,'main','9949 Lake St','—',17,'92101',17,NULL,NULL,'2019-01-01',NULL,'06073'),
	 (58,'main','3668 Elm Pl','Apt 23',16,'95814',16,NULL,NULL,'2019-01-01',NULL,'06067'),
	 (59,'main','4150 Park Rd','Apt 10',14,'94110',14,NULL,NULL,'2019-01-01',NULL,'06075'),
	 (60,'main','8700 Main Dr','PO Box 241',15,'90029',15,NULL,NULL,'2019-01-01',NULL,'06037');
INSERT INTO portown.pp_addr (id,"type",addr1,addr2,city_id,zip,county_id,latitude,longitude,start_date,end_date,county_fips) VALUES
	 (61,'main','1606 Hill St','Apt 20',14,'94109',14,NULL,NULL,'2019-01-01',NULL,'06075'),
	 (62,'main','8257 Oak Ave','—',16,'95814',16,NULL,NULL,'2019-01-01',NULL,'06067');

-- Insert PP_PROV_TIN
INSERT INTO portown.pp_prov_tin (id,name,tin) VALUES
	 (1,'Kaptured Inc','43-5343234');

-- Insert PP_PHONES
INSERT INTO portown.pp_phones (id,"type",areacode,exchange,"num") VALUES
	 (1,'PHONE','813','357','9150'),
	 (2,'PHONE','212','555','1234'),
	 (3,'PHONE','305','789','4421'),
	 (4,'PHONE','415','672','9087'),
	 (5,'PHONE','512','431','7623'),
	 (6,'PHONE','617','384','1029'),
	 (7,'PHONE','702','648','9902'),
	 (8,'PHONE','808','733','5566'),
	 (9,'PHONE','904','845','2389'),
	 (10,'PHONE','202','476','1182');
INSERT INTO portown.pp_phones (id,"type",areacode,exchange,"num") VALUES
	 (11,'PHONE','213','692','4507'),
	 (12,'PHONE','312','547','8264'),
	 (13,'PHONE','404','368','9123'),
	 (14,'PHONE','503','417','6678'),
	 (15,'PHONE','602','355','2098'),
	 (16,'PHONE','713','726','7432'),
	 (17,'PHONE','801','529','3341'),
	 (18,'PHONE','914','615','2780'),
	 (19,'PHONE','971','448','1199'),
	 (20,'PHONE','984','762','4001');
INSERT INTO portown.pp_phones (id,"type",areacode,exchange,"num") VALUES
	 (21,'PHONE','229','814','6550'),
	 (22,'PHONE','319','507','9908'),
	 (23,'PHONE','406','283','1432'),
	 (24,'PHONE','502','672','7890'),
	 (25,'PHONE','601','334','9102'),
	 (26,'PHONE','716','845','3771'),
	 (27,'PHONE','812','929','5606'),
	 (28,'PHONE','909','683','2145'),
	 (29,'PHONE','972','477','6980'),
	 (30,'PHONE','217','392','8841');
INSERT INTO portown.pp_phones (id,"type",areacode,exchange,"num") VALUES
	 (31,'PHONE','307','284','6321'),
	 (32,'PHONE','408','715','9983'),
	 (33,'PHONE','505','821','2374'),
	 (34,'PHONE','606','498','5732'),
	 (35,'PHONE','701','667','8920'),
	 (36,'PHONE','785','382','4477'),
	 (37,'PHONE','828','990','3142'),
	 (38,'PHONE','901','483','2056'),
	 (39,'PHONE','937','624','8112'),
	 (40,'PHONE','979','751','3309');
INSERT INTO portown.pp_phones (id,"type",areacode,exchange,"num") VALUES
	 (41,'PHONE','234','673','1023'),
	 (42,'PHONE','276','905','4810'),
	 (43,'PHONE','325','448','7715'),
	 (44,'PHONE','423','589','6428'),
	 (45,'PHONE','530','736','9004'),
	 (46,'PHONE','620','851','2857'),
	 (47,'PHONE','731','404','9932'),
	 (48,'PHONE','765','312','1543'),
	 (49,'PHONE','812','567','7099'),
	 (50,'PHONE','859','429','8806');
INSERT INTO portown.pp_phones (id,"type",areacode,exchange,"num") VALUES
	 (51,'PHONE','901','632','4147'),
	 (52,'PHONE','918','508','2668'),
	 (53,'PHONE','936','751','9452'),
	 (54,'PHONE','970','816','7314'),
	 (55,'PHONE','985','633','2008'),
	 (56,'PHONE','209','542','9173'),
	 (57,'PHONE','319','805','6217'),
	 (58,'PHONE','406','911','8390'),
	 (59,'PHONE','512','702','1348'),
	 (60,'PHONE','623','487','5003');
INSERT INTO portown.pp_phones (id,"type",areacode,exchange,"num") VALUES
	 (61,'PHONE','701','254','9427');

-- Insert PP_PROV
INSERT INTO portown.pp_prov (id,"name",tin_id,prov_type_id,address_id,spec_id) VALUES
	 (1,'St.Joseph Hospital',1,155,1,2073),
	 (2,'St.Joseph Emergency Care',1,155,1,1908);

-- Insert PP_ADDR_PHONES
INSERT INTO portown.pp_addr_phones (address_id,phone_id) VALUES
	 (1,1),
	 (2,1),
	 (3,2),
	 (4,3),
	 (5,4),
	 (6,5),
	 (7,6),
	 (8,7),
	 (9,8),
	 (10,9);
INSERT INTO portown.pp_addr_phones (address_id,phone_id) VALUES
	 (11,10),
	 (12,11),
	 (13,12),
	 (14,13),
	 (15,14),
	 (16,15),
	 (17,16),
	 (18,17),
	 (19,18),
	 (20,19);
INSERT INTO portown.pp_addr_phones (address_id,phone_id) VALUES
	 (21,20),
	 (22,21),
	 (23,22),
	 (24,23),
	 (25,24),
	 (26,25),
	 (27,26),
	 (28,27),
	 (29,28),
	 (30,29);
INSERT INTO portown.pp_addr_phones (address_id,phone_id) VALUES
	 (31,30),
	 (32,31),
	 (33,32),
	 (34,33),
	 (35,34),
	 (36,35),
	 (37,36),
	 (38,37),
	 (39,38),
	 (40,39);
INSERT INTO portown.pp_addr_phones (address_id,phone_id) VALUES
	 (41,40),
	 (42,41),
	 (43,42),
	 (44,43),
	 (45,44),
	 (46,45),
	 (47,46),
	 (48,47),
	 (49,48),
	 (50,49);
INSERT INTO portown.pp_addr_phones (address_id,phone_id) VALUES
	 (51,50),
	 (52,51),
	 (53,52),
	 (54,53),
	 (55,54),
	 (56,55),
	 (57,56),
	 (58,57),
	 (59,58),
	 (60,59);
INSERT INTO portown.pp_addr_phones (address_id,phone_id) VALUES
	 (61,60),
	 (62,61);


-- Insert PP_PROV_ADDR
INSERT INTO portown.pp_prov_addr (prov_id,address_id) VALUES
	 (1,1),
	 (2,1),
	 (2,2);

-- Insert PP_PROV_ATTRIB
INSERT INTO portown.pp_prov_attrib (id,prov_id,attribute_id) VALUES
	 (4,1,100640),
	 (5,1,101277),
	 (6,1,100638),
	 (2,1,101278),
	 (1,1,502),
	 (3,1,100073),
	 (7,1,103277),
	 (8,2,502),
	 (9,2,103277);

-- Insert PP_PROV_ATTRIB_VALUES
INSERT INTO portown.pp_prov_attrib_values (id,prov_attribute_id,field_id,value,value_date,value_number) VALUES
	 (7,4,101143,'Y',NULL,NULL),
	 (8,4,101141,NULL,'2021-05-01',NULL),
	 (9,4,104380,'Breast MRI',NULL,NULL),
	 (10,5,101955,'Y',NULL,NULL),
	 (11,5,101956,NULL,'2022-10-01',NULL),
	 (13,6,101137,NULL,'2018-08-01',NULL),
	 (12,6,101136,'Y',NULL,NULL),
	 (14,6,104381,'Medicare Deemed Status',NULL,NULL),
	 (5,2,101958,'','2020-07-01',NULL),
	 (4,2,101957,'YES',NULL,NULL);
INSERT INTO portown.pp_prov_attrib_values (id,prov_attribute_id,field_id,value,value_date,value_number) VALUES
	 (1,1,706,'235625546',NULL,NULL),
	 (2,1,708,NULL,'2019-01-01',NULL),
	 (3,1,707,'type 1',NULL,NULL),
	 (6,3,100283,'FL34634359',NULL,NULL),
	 (15,7,106275,'N',NULL,NULL),
	 (16,7,106276,'Y',NULL,NULL),
	 (17,7,105835,'MS0912',NULL,NULL),
	 (18,8,706,'235625547',NULL,NULL),
	 (19,8,707,'type 1',NULL,NULL),
	 (20,8,708,NULL,'2019-01-01',NULL);
INSERT INTO portown.pp_prov_attrib_values (id,prov_attribute_id,field_id,value,value_date,value_number) VALUES
	 (21,9,106275,'Y',NULL,NULL),
	 (22,9,106276,'N',NULL,NULL),
	 (23,9,105835,'MS0913',NULL,NULL),
	 (24,9,105836,'MS0912',NULL,NULL);

-- Insert PP_PROV_TIN_LOC
INSERT INTO portown.pp_prov_tin_loc (id,tin_id,address_id,"name","PRIMARY",print_suppress,office_mgr,train,bus,transit_route,handicap,prov_tin_prc_cont_id) VALUES
	 (1,1,3,'Lone Star Family Health Center','N','N','Tim Miller','N',NULL,NULL,NULL,NULL),
	 (2,1,4,'Bluebonnet Community Clinic','N','N','Sam Stein','N',NULL,NULL,NULL,NULL),
	 (3,1,5,'North Texas Regional Medical Center','N','N','John Last','N',NULL,NULL,NULL,NULL),
	 (4,1,6,'Rio Grande Valley Children’s Hospital','N','N','David Thompson','N',NULL,NULL,NULL,NULL),
	 (5,1,7,'Hill Country Wellness Center','N','N','Sarah Longwell','N',NULL,NULL,NULL,NULL);

-- Insert PP_PROV_LOC
INSERT INTO portown.pp_prov_loc (prov_id,loc_id,name_usage,"PRIMARY",start_date,end_date,print_suppress) VALUES
	 (1,1,NULL,'N',NULL,NULL,NULL),
	 (1,2,NULL,'N',NULL,NULL,NULL),
	 (1,3,NULL,'Y',NULL,NULL,NULL),
	 (1,4,NULL,'N',NULL,NULL,NULL),
	 (1,5,NULL,'N',NULL,NULL,NULL),
	 (2,1,NULL,'N',NULL,NULL,NULL),
	 (2,2,NULL,'N',NULL,NULL,NULL),
	 (2,3,NULL,'N',NULL,NULL,NULL),
	 (2,4,NULL,'Y',NULL,NULL,NULL),
	 (2,5,NULL,'N',NULL,NULL,NULL);

-- Insert PP_PROV_LOC_OFHOURS
INSERT INTO portown.pp_prov_loc_ofhours (id,prov_id,loc_id,"event",dayofweek,"time") VALUES
	 (1,1,1,'O','MO','A0800'),
	 (2,1,1,'C','MO','P0500'),
	 (3,1,1,'O','TU','A0900'),
	 (4,1,1,'C','TU','P0600'),
	 (5,1,1,'O','WE','A0800'),
	 (6,1,1,'C','WE','P0500'),
	 (7,1,1,'O','TH','A0900'),
	 (8,1,1,'C','TH','P0600'),
	 (9,1,1,'O','FR','A1000'),
	 (10,1,1,'C','FR','P0200');
INSERT INTO portown.pp_prov_loc_ofhours (id,prov_id,loc_id,"event",dayofweek,"time") VALUES
	 (11,1,2,'O','MO','A0800'),
	 (12,1,2,'C','MO','P0500'),
	 (13,1,2,'O','TU','A0800'),
	 (14,1,2,'C','TU','P0500'),
	 (15,1,2,'O','WE','A0800'),
	 (16,1,2,'C','WE','P0500'),
	 (17,1,2,'O','TH','A0800'),
	 (18,1,2,'C','TH','P0500'),
	 (19,1,2,'O','FR','A0800'),
	 (20,1,2,'C','FR','P0500');
INSERT INTO portown.pp_prov_loc_ofhours (id,prov_id,loc_id,"event",dayofweek,"time") VALUES
	 (21,1,3,'O','MO','A0800'),
	 (22,1,3,'C','MO','P0500'),
	 (23,1,3,'O','TU','A0900'),
	 (24,1,3,'C','TU','P0700'),
	 (25,1,3,'O','WE','A0800'),
	 (26,1,3,'C','WE','P0500'),
	 (27,1,3,'O','TH','A0500'),
	 (28,1,3,'C','TH','P0200'),
	 (29,1,3,'O','FR','A0800'),
	 (30,1,3,'C','FR','P0500');
INSERT INTO portown.pp_prov_loc_ofhours (id,prov_id,loc_id,"event",dayofweek,"time") VALUES
	 (31,1,4,'O','MO','A0800'),
	 (32,1,4,'C','MO','P0500'),
	 (33,1,4,'O','TU','A1000'),
	 (34,1,4,'C','TU','P0800'),
	 (35,1,4,'O','WE','A0700'),
	 (36,1,4,'C','WE','P0400'),
	 (37,1,4,'O','TH','A0500'),
	 (38,1,4,'C','TH','P0300'),
	 (39,1,4,'O','FR','A0830'),
	 (40,1,4,'C','FR','P0530');
INSERT INTO portown.pp_prov_loc_ofhours (id,prov_id,loc_id,"event",dayofweek,"time") VALUES
	 (41,1,5,'O','MO','A0800'),
	 (42,1,5,'C','MO','P0500'),
	 (43,1,5,'O','TU','A1000'),
	 (44,1,5,'C','TU','P0800'),
	 (45,1,5,'O','WE','A0700'),
	 (46,1,5,'C','WE','P0400'),
	 (47,1,5,'O','TH','A0500'),
	 (48,1,5,'C','TH','P0300'),
	 (49,1,5,'O','FR','A0830'),
	 (50,1,5,'C','FR','P0530');
INSERT INTO portown.pp_prov_loc_ofhours (id,prov_id,loc_id,"event",dayofweek,"time") VALUES
	 (51,2,1,'O','MO','A0800'),
	 (52,2,1,'C','MO','P0500'),
	 (53,2,1,'O','TU','A0900'),
	 (54,2,1,'C','TU','P0600'),
	 (55,2,1,'O','WE','A0800'),
	 (56,2,1,'C','WE','P0500'),
	 (57,2,1,'O','TH','A0900'),
	 (58,2,1,'C','TH','P0600'),
	 (59,2,1,'O','FR','A1000'),
	 (60,2,1,'C','FR','P0200');
INSERT INTO portown.pp_prov_loc_ofhours (id,prov_id,loc_id,"event",dayofweek,"time") VALUES
	 (61,2,2,'O','MO','A0800'),
	 (62,2,2,'C','MO','P0500'),
	 (63,2,2,'O','TU','A0800'),
	 (64,2,2,'C','TU','P0500'),
	 (65,2,2,'O','WE','A0800'),
	 (66,2,2,'C','WE','P0500'),
	 (67,2,2,'O','TH','A0800'),
	 (68,2,2,'C','TH','P0500'),
	 (69,2,2,'O','FR','A0800'),
	 (70,2,2,'C','FR','P0500');
INSERT INTO portown.pp_prov_loc_ofhours (id,prov_id,loc_id,"event",dayofweek,"time") VALUES
	 (71,2,3,'O','MO','A0800'),
	 (72,2,3,'C','MO','P0500'),
	 (73,2,3,'O','TU','A0900'),
	 (74,2,3,'C','TU','P0700'),
	 (75,2,3,'O','WE','A0800'),
	 (76,2,3,'C','WE','P0500'),
	 (77,2,3,'O','TH','A0500'),
	 (78,2,3,'C','TH','P0200'),
	 (79,2,3,'O','FR','A0800'),
	 (80,2,3,'C','FR','P0500');
INSERT INTO portown.pp_prov_loc_ofhours (id,prov_id,loc_id,"event",dayofweek,"time") VALUES
	 (81,2,4,'O','MO','A0800'),
	 (82,2,4,'C','MO','P0500'),
	 (83,2,4,'O','TU','A1000'),
	 (84,2,4,'C','TU','P0800'),
	 (85,2,4,'O','WE','A0700'),
	 (86,2,4,'C','WE','P0400'),
	 (87,2,4,'O','TH','A0500'),
	 (88,2,4,'C','TH','P0300'),
	 (89,2,4,'O','FR','A0830'),
	 (90,2,4,'C','FR','P0530');
INSERT INTO portown.pp_prov_loc_ofhours (id,prov_id,loc_id,"event",dayofweek,"time") VALUES
	 (91,2,5,'O','MO','A0800'),
	 (92,2,5,'C','MO','P0500'),
	 (93,2,5,'O','TU','A1000'),
	 (94,2,5,'C','TU','P0800'),
	 (95,2,5,'O','WE','A0700'),
	 (96,2,5,'C','WE','P0400'),
	 (97,2,5,'O','TH','A0500'),
	 (98,2,5,'C','TH','P0300'),
	 (99,2,5,'O','FR','A0830'),
	 (100,2,5,'C','FR','P0530');

-- Insert PP_PROV_NET_CYCLE
INSERT INTO portown.pp_prov_net_cycle (id,prov_id,net_id,status,start_date,end_date) VALUES
	 (1,1,3258,'PAR','2001-06-01','4000-01-01'),
	 (2,1,7723,'PAR','2005-01-01','2018-12-31'),
	 (3,1,7723,'PAR','2020-01-01','4000-01-01'),
	 (4,1,14694,'PAR','2015-01-01','4000-01-01'),
	 (5,2,14694,'PAR','2020-01-01','4000-01-01');

-- Insert PP_PROV_NET_LOC_CYCLE
INSERT INTO portown.pp_prov_net_loc_cycle (id,prov_net_cycle_id,prov_id,loc_id,start_date,end_date,"PRIMARY") VALUES
	 (1,1,1,1,'2001-06-01','2010-10-31','N'),
	 (2,1,1,1,'2011-07-01','4000-01-01','Y'),
	 (3,1,1,2,'2015-08-01','4000-01-01','N'),
	 (4,2,1,3,'2005-01-01','2018-12-31','N'),
	 (5,3,1,4,'2020-01-01','4000-01-01','N'),
	 (6,4,1,5,'2015-01-01','4000-01-01','N'),
	 (7,4,1,4,'2020-01-01','4000-01-01','N'),
	 (8,5,2,1,'2020-01-01','4000-01-01','N'),
	 (9,5,2,2,'2020-01-01','4000-01-01','N'),
	 (10,5,2,3,'2020-01-01','4000-01-01','N');
INSERT INTO portown.pp_prov_net_loc_cycle (id,prov_net_cycle_id,prov_id,loc_id,start_date,end_date,"PRIMARY") VALUES
	 (11,5,2,4,'2020-01-01','4000-01-01','N'),
	 (12,5,2,5,'2020-01-01','4000-01-01','N');

-- Insert PP_PROV_LOC_ATTRIB
INSERT INTO portown.pp_prov_loc_attrib (id,prov_id,loc_id,attribute_id) VALUES
	 (1,1,1,106877),
	 (2,1,2,106877),
	 (3,1,3,106877),
	 (4,1,4,106877),
	 (5,1,5,106877),
	 (6,2,1,106877),
	 (7,2,2,106877),
	 (8,2,3,106877),
	 (9,2,4,106877),
	 (10,2,5,106877);

-- Insert PP_PROV_LOC_ATTRIB_VALUES
INSERT INTO portown.pp_prov_loc_attrib_values (id,prov_loc_attribute_id,field_id,value,value_date,value_number) VALUES
	 ('1',1,111355,'Mutispecialty',NULL,NULL),
	 ('2',2,111355,'Mutispecialty',NULL,NULL),
	 ('3',3,111355,'Mutispecialty',NULL,NULL),
	 ('4',4,111355,'Mutispecialty',NULL,NULL),
	 ('5',5,111355,'Mutispecialty',NULL,NULL),
	 ('6',6,111355,'Emergency',NULL,NULL),
	 ('7',7,111355,'Emergency',NULL,NULL),
	 ('8',8,111355,'Emergency',NULL,NULL),
	 ('9',9,111355,'Emergency',NULL,NULL),
	 ('10',10,111355,'Emergency',NULL,NULL);

-- Insert into PP_PROV_LOC_OFHOURS
INSERT INTO PORTOWN.PP_PROV_LOC_OFHOURS (ID,PROV_ID,LOC_ID,EVENT,DAYOFWEEK,"time") VALUES
	 (47415560,2278224,3505981,'O','MO','A0800'),
	 (47415561,2278224,3505981,'C','MO','P0500'),
	 (47415562,2278224,3505981,'O','TU','A0800'),
	 (47415563,2278224,3505981,'C','TU','P0500'),
	 (47415564,2278224,3505981,'O','WE','A0800'),
	 (47415565,2278224,3505981,'C','WE','P0500'),
	 (47415566,2278224,3505981,'O','TH','A0800'),
	 (47415567,2278224,3505981,'C','TH','P0500'),
	 (47415568,2278224,3505981,'O','FR','A0800'),
	 (47415569,2278224,3505981,'C','FR','P0500');
INSERT INTO PORTOWN.PP_PROV_LOC_OFHOURS (ID,PROV_ID,LOC_ID,EVENT,DAYOFWEEK,"time") VALUES
	 (47414050,2278224,3505830,'O','MO','A0800'),
	 (47414051,2278224,3505830,'C','MO','P0500'),
	 (47414052,2278224,3505830,'O','TU','A0800'),
	 (47414053,2278224,3505830,'C','TU','P0500'),
	 (47414054,2278224,3505830,'O','WE','A0800'),
	 (47414055,2278224,3505830,'C','WE','P0500'),
	 (47414056,2278224,3505830,'O','TH','A0800'),
	 (47414057,2278224,3505830,'C','TH','P0500'),
	 (47414058,2278224,3505830,'O','FR','A0800'),
	 (47414059,2278224,3505830,'C','FR','P0500');
INSERT INTO PORTOWN.PP_PROV_LOC_OFHOURS (ID,PROV_ID,LOC_ID,EVENT,DAYOFWEEK,"time") VALUES
	 (47414080,2278224,3505833,'O','MO','A0800'),
	 (47414081,2278224,3505833,'C','MO','P0500'),
	 (47414082,2278224,3505833,'O','TU','A0800'),
	 (47414083,2278224,3505833,'C','TU','P0500'),
	 (47414084,2278224,3505833,'O','WE','A0800'),
	 (47414085,2278224,3505833,'C','WE','P0500'),
	 (47414086,2278224,3505833,'O','TH','A0800'),
	 (47414087,2278224,3505833,'C','TH','P0500'),
	 (47414088,2278224,3505833,'O','FR','A0800'),
	 (47414089,2278224,3505833,'C','FR','P0500');
INSERT INTO PORTOWN.PP_PROV_LOC_OFHOURS (ID,PROV_ID,LOC_ID,EVENT,DAYOFWEEK,"time") VALUES
	 (47390755,2278224,3503483,'C','MO','P0500'),
	 (47390756,2278224,3503483,'O','TU','A0800'),
	 (47390757,2278224,3503483,'C','TU','P0500'),
	 (47390758,2278224,3503483,'O','WE','A0800'),
	 (47390759,2278224,3503483,'C','WE','P0500'),
	 (47390760,2278224,3503483,'O','TH','A0800'),
	 (47390761,2278224,3503483,'C','TH','P0500'),
	 (47390762,2278224,3503483,'O','FR','A0800'),
	 (47390763,2278224,3503483,'C','FR','P0500'),
	 (47396726,2278224,3504080,'O','MO','A0800');
INSERT INTO PORTOWN.PP_PROV_LOC_OFHOURS (ID,PROV_ID,LOC_ID,EVENT,DAYOFWEEK,"time") VALUES
	 (47396727,2278224,3504080,'C','MO','P0500'),
	 (47396728,2278224,3504080,'O','TU','A0800'),
	 (47396729,2278224,3504080,'C','TU','P0500'),
	 (47396730,2278224,3504080,'O','WE','A0800'),
	 (47396731,2278224,3504080,'C','WE','P0500'),
	 (47414360,2278224,3505861,'O','MO','A0800'),
	 (47414361,2278224,3505861,'C','MO','P0500'),
	 (47414362,2278224,3505861,'O','TU','A0800'),
	 (47414363,2278224,3505861,'C','TU','P0500'),
	 (47414364,2278224,3505861,'O','WE','A0800');
INSERT INTO PORTOWN.PP_PROV_LOC_OFHOURS (ID,PROV_ID,LOC_ID,EVENT,DAYOFWEEK,"time") VALUES
	 (47414365,2278224,3505861,'C','WE','P0500'),
	 (47414366,2278224,3505861,'O','TH','A0800'),
	 (47414367,2278224,3505861,'C','TH','P0500'),
	 (47414368,2278224,3505861,'O','FR','A0800'),
	 (47414369,2278224,3505861,'C','FR','P0500'),
	 (47414600,2278224,3505885,'O','MO','A0800'),
	 (47414601,2278224,3505885,'C','MO','P0500'),
	 (47414602,2278224,3505885,'O','TU','A0800'),
	 (47414603,2278224,3505885,'C','TU','P0500'),
	 (47414604,2278224,3505885,'O','WE','A0800');
INSERT INTO PORTOWN.PP_PROV_LOC_OFHOURS (ID,PROV_ID,LOC_ID,EVENT,DAYOFWEEK,"time") VALUES
	 (47414605,2278224,3505885,'C','WE','P0500'),
	 (47414606,2278224,3505885,'O','TH','A0800'),
	 (47414607,2278224,3505885,'C','TH','P0500'),
	 (47414608,2278224,3505885,'O','FR','A0800'),
	 (47414609,2278224,3505885,'C','FR','P0500'),
	 (47388144,2278224,3503223,'O','MO','A0800'),
	 (47388145,2278224,3503223,'C','MO','P0500'),
	 (47388146,2278224,3503223,'O','TU','A0800'),
	 (47388147,2278224,3503223,'C','TU','P0500'),
	 (47388148,2278224,3503223,'O','WE','A0800');
INSERT INTO PORTOWN.PP_PROV_LOC_OFHOURS (ID,PROV_ID,LOC_ID,EVENT,DAYOFWEEK,"time") VALUES
	 (47388149,2278224,3503223,'C','WE','P0500'),
	 (47388150,2278224,3503223,'O','TH','A0800'),
	 (47388151,2278224,3503223,'C','TH','P0500'),
	 (47388152,2278224,3503223,'O','FR','A0800'),
	 (47388153,2278224,3503223,'C','FR','P0500'),
	 (47409456,2278224,3505371,'O','MO','A0800'),
	 (47409457,2278224,3505371,'C','MO','P0500'),
	 (47409458,2278224,3505371,'O','TU','A0800'),
	 (47409459,2278224,3505371,'C','TU','P0500'),
	 (47409460,2278224,3505371,'O','WE','A0800');
INSERT INTO PORTOWN.PP_PROV_LOC_OFHOURS (ID,PROV_ID,LOC_ID,EVENT,DAYOFWEEK,"time") VALUES
	 (47409461,2278224,3505371,'C','WE','P0500'),
	 (47409462,2278224,3505371,'O','TH','A0800'),
	 (47409463,2278224,3505371,'C','TH','P0500'),
	 (47409464,2278224,3505371,'O','FR','A0800'),
	 (47409465,2278224,3505371,'C','FR','P0500'),
	 (47413720,2278224,3505797,'O','MO','A0800'),
	 (47413721,2278224,3505797,'C','MO','P0500'),
	 (47413722,2278224,3505797,'O','TU','A0800'),
	 (47413723,2278224,3505797,'C','TU','P0500'),
	 (47413724,2278224,3505797,'O','WE','A0800');
INSERT INTO PORTOWN.PP_PROV_LOC_OFHOURS (ID,PROV_ID,LOC_ID,EVENT,DAYOFWEEK,"time") VALUES
	 (47413725,2278224,3505797,'C','WE','P0500'),
	 (47413726,2278224,3505797,'O','TH','A0800'),
	 (47413727,2278224,3505797,'C','TH','P0500'),
	 (47413728,2278224,3505797,'O','FR','A0800'),
	 (47413729,2278224,3505797,'C','FR','P0500'),
	 (47413780,2278224,3505803,'O','MO','A0800'),
	 (47413781,2278224,3505803,'C','MO','P0500'),
	 (47413782,2278224,3505803,'O','TU','A0800'),
	 (47413783,2278224,3505803,'C','TU','P0500'),
	 (47413784,2278224,3505803,'O','WE','A0800');
INSERT INTO PORTOWN.PP_PROV_LOC_OFHOURS (ID,PROV_ID,LOC_ID,EVENT,DAYOFWEEK,"time") VALUES
	 (47413785,2278224,3505803,'C','WE','P0500'),
	 (47413786,2278224,3505803,'O','TH','A0800'),
	 (47413787,2278224,3505803,'C','TH','P0500'),
	 (47413788,2278224,3505803,'O','FR','A0800'),
	 (47413789,2278224,3505803,'C','FR','P0500'),
	 (47383934,2278224,3502802,'O','MO','A0800'),
	 (47383935,2278224,3502802,'C','MO','P0500'),
	 (47383936,2278224,3502802,'O','TU','A0800'),
	 (47383937,2278224,3502802,'C','TU','P0500'),
	 (47383938,2278224,3502802,'O','WE','A0800');
INSERT INTO PORTOWN.PP_PROV_LOC_OFHOURS (ID,PROV_ID,LOC_ID,EVENT,DAYOFWEEK,"time") VALUES
	 (47383939,2278224,3502802,'C','WE','P0500'),
	 (47383940,2278224,3502802,'O','TH','A0800'),
	 (47383941,2278224,3502802,'C','TH','P0500'),
	 (47383942,2278224,3502802,'O','FR','A0800'),
	 (47383943,2278224,3502802,'C','FR','P0500'),
	 (47390754,2278224,3503483,'O','MO','A0800'),
	 (187713571,2278224,3505869,'C','WE','P0400'),
	 (187713575,2278224,3505869,'O','TH','A0700'),
	 (187713577,2278224,3505869,'C','TH','P0400'),
	 (187713580,2278224,3505869,'O','TU','A0700');
INSERT INTO PORTOWN.PP_PROV_LOC_OFHOURS (ID,PROV_ID,LOC_ID,EVENT,DAYOFWEEK,"time") VALUES
	 (187713582,2278224,3505869,'C','TU','P0400'),
	 (187713585,2278224,3505869,'C','MO','P0400'),
	 (187713586,2278224,3505869,'O','MO','A0700'),
	 (187713587,2278224,3505869,'O','FR','A0700'),
	 (187713588,2278224,3505869,'C','FR','P0400'),
	 (187713570,2278224,3505869,'O','WE','A0700'),
	 (187738375,2278224,3505899,'O','MO','A0900'),
	 (187738376,2278224,3505899,'C','MO','P0500'),
	 (187738377,2278224,3505899,'O','TU','A0900'),
	 (187738378,2278224,3505899,'C','TU','P0500');
INSERT INTO PORTOWN.PP_PROV_LOC_OFHOURS (ID,PROV_ID,LOC_ID,EVENT,DAYOFWEEK,"time") VALUES
	 (187738379,2278224,3505899,'O','FR','A0900'),
	 (187738380,2278224,3505899,'C','FR','P0500'),
	 (187738381,2278224,3505899,'C','WE','P0500'),
	 (187738382,2278224,3505899,'O','WE','A0900'),
	 (187738383,2278224,3505899,'O','TH','A0900'),
	 (187738384,2278224,3505899,'C','TH','P0500'),
	 (187738385,2278224,3505899,'C','SA','P0500'),
	 (187738386,2278224,3505899,'O','SA','A0900'),
	 (51507083,2278224,3505371,'O','SA','A0000'),
	 (51507084,2278224,3505371,'C','SA','P1159');
INSERT INTO PORTOWN.PP_PROV_LOC_OFHOURS (ID,PROV_ID,LOC_ID,EVENT,DAYOFWEEK,"time") VALUES
	 (51507093,2278224,3505797,'O','SU','A0000'),
	 (51507096,2278224,3505797,'C','SU','P1159'),
	 (51507098,2278224,3505797,'O','SA','A0000'),
	 (51507100,2278224,3505797,'C','SA','P1159'),
	 (51507105,2278224,3505803,'O','SU','A0000'),
	 (51507106,2278224,3505803,'C','SU','P1159'),
	 (51507109,2278224,3505803,'O','SA','A0000'),
	 (51507110,2278224,3505803,'C','SA','P1159'),
	 (51507121,2278224,3505830,'O','SU','A0000'),
	 (51507122,2278224,3505830,'C','SU','P1159');
INSERT INTO PORTOWN.PP_PROV_LOC_OFHOURS (ID,PROV_ID,LOC_ID,EVENT,DAYOFWEEK,"time") VALUES
	 (51507123,2278224,3505830,'O','SA','A0000'),
	 (51507124,2278224,3505830,'C','SA','P1159'),
	 (51507137,2278224,3505833,'O','SU','A0000'),
	 (51507138,2278224,3505833,'C','SU','P1159'),
	 (51507139,2278224,3505833,'O','SA','A0000'),
	 (51507140,2278224,3505833,'C','SA','P1159'),
	 (51507149,2278224,3505861,'O','SU','A0000'),
	 (51507150,2278224,3505861,'C','SU','P1159'),
	 (51507153,2278224,3505861,'O','SA','A0000'),
	 (51507154,2278224,3505861,'C','SA','P1159');
INSERT INTO PORTOWN.PP_PROV_LOC_OFHOURS (ID,PROV_ID,LOC_ID,EVENT,DAYOFWEEK,"time") VALUES
	 (51507161,2278224,3505869,'O','SU','A0000'),
	 (51507163,2278224,3505869,'C','SU','P1159'),
	 (51507165,2278224,3505869,'O','SA','A0000'),
	 (51507166,2278224,3505869,'C','SA','P1159'),
	 (51507177,2278224,3505885,'O','SU','A0000'),
	 (51507178,2278224,3505885,'C','SU','P1159'),
	 (51507179,2278224,3505885,'O','SA','A0000'),
	 (51507180,2278224,3505885,'C','SA','P1159'),
	 (51507190,2278224,3505899,'O','SU','A0000'),
	 (51507192,2278224,3505899,'C','SU','P1159');
INSERT INTO PORTOWN.PP_PROV_LOC_OFHOURS (ID,PROV_ID,LOC_ID,EVENT,DAYOFWEEK,"time") VALUES
	 (51507203,2278224,3505977,'O','SU','A0000'),
	 (51507204,2278224,3505977,'C','SU','P1159'),
	 (51507207,2278224,3505977,'O','SA','A0000'),
	 (51507208,2278224,3505977,'C','SA','P1159'),
	 (51507215,2278224,3505981,'O','SU','A0000'),
	 (51507217,2278224,3505981,'C','SU','P1159'),
	 (51507219,2278224,3505981,'O','SA','A0000'),
	 (51507220,2278224,3505981,'C','SA','P1159'),
	 (187785047,2278224,3504080,'O','TH','A0800'),
	 (187785048,2278224,3504080,'C','TH','P0200');
INSERT INTO PORTOWN.PP_PROV_LOC_OFHOURS (ID,PROV_ID,LOC_ID,EVENT,DAYOFWEEK,"time") VALUES
	 (187785049,2278224,3504080,'C','FR','P0200'),
	 (187785050,2278224,3504080,'O','FR','A0800'),
	 (187785053,2278224,3502723,'O','WE','A0900'),
	 (187785054,2278224,3502723,'C','WE','P0500'),
	 (187785055,2278224,3502723,'C','TH','P0500'),
	 (187785056,2278224,3502723,'O','TH','A0900'),
	 (187785057,2278224,3502723,'C','TU','P0500'),
	 (187785058,2278224,3502723,'O','TU','A0900'),
	 (187785059,2278224,3502723,'C','MO','P0500'),
	 (187785060,2278224,3502723,'O','MO','A0900');
INSERT INTO PORTOWN.PP_PROV_LOC_OFHOURS (ID,PROV_ID,LOC_ID,EVENT,DAYOFWEEK,"time") VALUES
	 (187785061,2278224,3502723,'O','FR','A0900'),
	 (187785062,2278224,3502723,'C','FR','P0500'),
	 (187721246,2278224,3504288,'O','MO','A0900'),
	 (187721247,2278224,3504288,'C','MO','P0600'),
	 (187721248,2278224,3504288,'O','WE','A0900'),
	 (187721249,2278224,3504288,'C','WE','P0600'),
	 (187721250,2278224,3504288,'C','TU','P0600'),
	 (187721251,2278224,3504288,'O','TU','A0900'),
	 (187721252,2278224,3504288,'C','FR','P0600'),
	 (187721253,2278224,3504288,'O','FR','A0900');
INSERT INTO PORTOWN.PP_PROV_LOC_OFHOURS (ID,PROV_ID,LOC_ID,EVENT,DAYOFWEEK,"time") VALUES
	 (187721254,2278224,3504288,'O','SA','A0900'),
	 (187721255,2278224,3504288,'C','SA','P0200'),
	 (187721256,2278224,3504288,'O','TH','A0900'),
	 (187721257,2278224,3504288,'C','TH','P0600'),
	 (186601996,2278224,3503273,'O','MO','A0900'),
	 (186601997,2278224,3503273,'C','MO','P0500'),
	 (186601998,2278224,3503273,'O','TU','A0900'),
	 (186601999,2278224,3503273,'C','TU','P0500'),
	 (186602002,2278224,3503273,'O','FR','A0900'),
	 (186602004,2278224,3503273,'C','FR','P0500');
INSERT INTO PORTOWN.PP_PROV_LOC_OFHOURS (ID,PROV_ID,LOC_ID,EVENT,DAYOFWEEK,"time") VALUES
	 (186602008,2278224,3503273,'C','WE','P0500'),
	 (186602011,2278224,3503273,'O','WE','A0900'),
	 (186602015,2278224,3503273,'O','TH','A0900'),
	 (186602017,2278224,3503273,'C','TH','P0500'),
	 (186602024,2278224,3503273,'C','SA','P0000'),
	 (186602026,2278224,3503273,'O','SA','A0900'),
	 (186619530,2278224,3503163,'O','MO','A0000'),
	 (186619531,2278224,3503163,'C','MO','P1159'),
	 (186619532,2278224,3503163,'O','WE','A0000'),
	 (186619533,2278224,3503163,'C','WE','P1159');
INSERT INTO PORTOWN.PP_PROV_LOC_OFHOURS (ID,PROV_ID,LOC_ID,EVENT,DAYOFWEEK,"time") VALUES
	 (186619534,2278224,3503163,'O','TU','A0000'),
	 (186619535,2278224,3503163,'C','TU','P1159'),
	 (186619536,2278224,3503163,'C','FR','P1159'),
	 (186619537,2278224,3503163,'O','FR','A0000'),
	 (186619541,2278224,3503163,'O','TH','A0000'),
	 (186619543,2278224,3503163,'C','TH','P1159'),
	 (51506918,2278224,3502723,'O','SU','A0000'),
	 (51506920,2278224,3502723,'C','SU','P1159'),
	 (51506923,2278224,3502723,'O','SA','A0000'),
	 (51506924,2278224,3502723,'C','SA','P1159');
INSERT INTO PORTOWN.PP_PROV_LOC_OFHOURS (ID,PROV_ID,LOC_ID,EVENT,DAYOFWEEK,"time") VALUES
	 (51506933,2278224,3502802,'O','SU','A0000'),
	 (51506934,2278224,3502802,'C','SU','P1159'),
	 (51506939,2278224,3502802,'O','SA','A0000'),
	 (51506940,2278224,3502802,'C','SA','P1159'),
	 (51506943,2278224,3503163,'O','SU','A0000'),
	 (51506944,2278224,3503163,'C','SU','P1159'),
	 (51506947,2278224,3503163,'O','SA','A0000'),
	 (51506948,2278224,3503163,'C','SA','P1159'),
	 (51506954,2278224,3503223,'O','SU','A0000'),
	 (51506955,2278224,3503223,'C','SU','P1159');
INSERT INTO PORTOWN.PP_PROV_LOC_OFHOURS (ID,PROV_ID,LOC_ID,EVENT,DAYOFWEEK,"time") VALUES
	 (51506959,2278224,3503223,'O','SA','A0000'),
	 (51506961,2278224,3503223,'C','SA','P1159'),
	 (51506969,2278224,3503273,'O','SU','A0000'),
	 (51506970,2278224,3503273,'C','SU','P1159'),
	 (51506982,2278224,3503455,'O','SU','A0000'),
	 (51506984,2278224,3503455,'C','SU','P1159'),
	 (51507034,2278224,3503483,'O','SU','A0000'),
	 (51507036,2278224,3503483,'C','SU','P1159'),
	 (51507039,2278224,3503483,'O','SA','A0000'),
	 (51507040,2278224,3503483,'C','SA','P1159');
INSERT INTO PORTOWN.PP_PROV_LOC_OFHOURS (ID,PROV_ID,LOC_ID,EVENT,DAYOFWEEK,"time") VALUES
	 (51507049,2278224,3504080,'O','SU','A0000'),
	 (51507050,2278224,3504080,'C','SU','P1159'),
	 (51507053,2278224,3504080,'O','SA','A0000'),
	 (51507054,2278224,3504080,'C','SA','P1159'),
	 (51507065,2278224,3504288,'O','SU','A0000'),
	 (51507066,2278224,3504288,'C','SU','P1159'),
	 (51507081,2278224,3505371,'O','SU','A0000'),
	 (51507082,2278224,3505371,'C','SU','P1159'),
	 (186610344,2278224,3503455,'O','MO','A0730'),
	 (186610345,2278224,3503455,'C','MO','P0530');
INSERT INTO PORTOWN.PP_PROV_LOC_OFHOURS (ID,PROV_ID,LOC_ID,EVENT,DAYOFWEEK,"time") VALUES
	 (186610348,2278224,3503455,'O','WE','A0730'),
	 (186610349,2278224,3503455,'C','WE','P0530'),
	 (186610352,2278224,3503455,'C','TU','P0430'),
	 (186610354,2278224,3503455,'O','TU','A0730'),
	 (186610358,2278224,3503455,'C','FR','P0530'),
	 (186610360,2278224,3503455,'O','FR','A0730'),
	 (186610363,2278224,3503455,'O','SA','A0800'),
	 (186610365,2278224,3503455,'C','SA','P0000'),
	 (186610368,2278224,3503455,'O','TH','A0730'),
	 (186610369,2278224,3503455,'C','TH','P0430');
INSERT INTO PORTOWN.PP_PROV_LOC_OFHOURS (ID,PROV_ID,LOC_ID,EVENT,DAYOFWEEK,"time") VALUES
	 (187767910,2278224,3505977,'C','WE','P0500'),
	 (187767911,2278224,3505977,'C','TU','P0500'),
	 (187767912,2278224,3505977,'O','TU','A0900'),
	 (187767913,2278224,3505977,'O','FR','A0900'),
	 (187767909,2278224,3505977,'O','WE','A0900'),
	 (187767914,2278224,3505977,'C','FR','P0500'),
	 (187767915,2278224,3505977,'O','MO','A0900'),
	 (187767916,2278224,3505977,'C','MO','P0500'),
	 (187767917,2278224,3505977,'C','TH','P0500'),
	 (187767918,2278224,3505977,'O','TH','A0900');
