INSERT INTO PORTOWN.PP_PROV_TIN (ID,NAME,TYPE,TIN,LABEL_CLUSTER_ID) VALUES
	 (1794145,'CA Prison Network',NULL,'95-0000000',1);

INSERT INTO PORTOWN.PP_ADDR (ID,TYPE,ADDR1,ADDR2,CITY_ID,COUNTY_ID,ZIP,PLUS4,ADDR3,POSTAL_CODE,COUNTRY_ID,START_DATE,END_DATE,LATITUDE,LONGITUDE,UGLY_ADDR1,UGLY_ADDR2,COUNTY_FIPS,LATITUDE7,LONGITUDE7) VALUES
	 (5310316,'MAILING','180 Grand Ave',NULL,15067,17,'94612','3723',NULL,NULL,1,TIMESTAMP'1800-01-01 00:00:00',TIMESTAMP'4000-01-01 00:00:00',37.811,-122.263,'180 Grand Ave',NULL,'06001',37.811325,-122.262939);

INSERT INTO PORTOWN.PP_ADDR (ID,TYPE,ADDR1,ADDR2,CITY_ID,COUNTY_ID,ZIP,PLUS4,ADDR3,POSTAL_CODE,COUNTRY_ID,START_DATE,END_DATE,LATITUDE,LONGITUDE,UGLY_ADDR1,UGLY_ADDR2,COUNTY_FIPS,LATITUDE7,LONGITUDE7) VALUES
	 (4679262,'BILLING','21281 Burbank Blvd',NULL,23174,1031,'91367','6607',NULL,NULL,1,TIMESTAMP'1800-01-01 00:00:00',TIMESTAMP'4000-01-01 00:00:00',34.176,-118.595,'21281 Burbank Blvd',NULL,'06037',34.175701,-118.595001);

INSERT INTO PORTOWN.PP_PROV (ID,TIN_ID,ADDRESS_ID,SPEC_ID,SUB_PROV_CODE,NAME,NAME_USAGE,MEDICARE_NO,PROV_TYPE_ID,LABEL_CLUSTER_ID) VALUES
	 (2278224,1794145,4679262,2073,NULL,'Health Net Direct Network','P',NULL,155,1);

INSERT INTO PORTOWN.PP_PROV_ADDR (PROV_ID,ADDRESS_ID) VALUES
	 (2278224,5310316);

-- No data to insert in PP_PHONES related to the provider
-- No data to insert in PP_ADDR_PHONES

INSERT INTO PORTOWN.PP_PROV_ATTRIB (ID,PROV_ID,ATTRIBUTE_ID) VALUES
	 (15501174,2278224,103277);

INSERT INTO PORTOWN.PP_PROV_ATTRIB_VALUES (ID,PROV_ATTRIBUTE_ID,FIELD_ID,VALUE,VALUE_DATE,VALUE_NUMBER,LABEL_CLUSTER_ID) VALUES
	 (22167514,15501174,106275,'Y',NULL,NULL,1),
	 (19140957,15501174,106276,'Y',NULL,NULL,1),
	 (19052105,15501174,105835,'M2000',NULL,NULL,1),
	 (22652431,15501174,107275,'06/01/1995',TIMESTAMP'1995-06-01 00:00:00',NULL,1);

-- Insert the addresses that are needed for the location

INSERT INTO PORTOWN.PP_ADDR (ID,TYPE,ADDR1,ADDR2,CITY_ID,COUNTY_ID,ZIP,PLUS4,ADDR3,POSTAL_CODE,COUNTRY_ID,START_DATE,END_DATE,LATITUDE,LONGITUDE,UGLY_ADDR1,UGLY_ADDR2,COUNTY_FIPS,LATITUDE7,LONGITUDE7) VALUES
	 (4680007,'MAIN','1043 Elm Ave','Ste 302',11742,1031,'90813','3295',NULL,NULL,1,TIMESTAMP'1800-01-01 00:00:00',TIMESTAMP'4000-01-01 00:00:00',33.78,-118.188,'1043 Elm Ave','Ste 302','06037',33.780125,-118.18837),
	 (4680636,'MAIN','18411 Clark St','Ste 207',20555,1031,'91356','3538',NULL,NULL,1,TIMESTAMP'1800-01-01 00:00:00',TIMESTAMP'4000-01-01 00:00:00',34.17,-118.534,'18411 Clark St','Ste 207','06037',34.16991,-118.533607),
	 (4682385,'MAIN','16300 Sand Canyon Ave','Ste 511',9816,1285,'92618','3705',NULL,NULL,1,TIMESTAMP'1800-01-01 00:00:00',TIMESTAMP'4000-01-01 00:00:00',33.66,-117.773,'16300 Sand Canyon Ave','Ste 511','06059',33.660439,-117.77327),
	 (4679821,'MAIN','3111 W Beverly Blvd',NULL,13495,1031,'90640','2216',NULL,NULL,1,TIMESTAMP'1800-01-01 00:00:00',TIMESTAMP'4000-01-01 00:00:00',34.023,-118.137,'3111 W Beverly Blvd',NULL,'06037',34.023441,-118.137146),
	 (4682443,'MAIN','1401 Avocado Ave','Ste 402',14552,1285,'92660','7713',NULL,NULL,1,TIMESTAMP'1800-01-01 00:00:00',TIMESTAMP'4000-01-01 00:00:00',33.613,-117.871,'1401 Avocado Ave','Ste 402','06059',33.612514,-117.870674),
	 (4682563,'MAIN','11100 Warner Ave','Ste 250',7240,1285,'92708','7511',NULL,NULL,1,TIMESTAMP'1800-01-01 00:00:00',TIMESTAMP'4000-01-01 00:00:00',33.716,-117.936,'11100 Warner Ave','Ste 250','06059',33.715706,-117.936195),
	 (4679344,'MAIN','3828 Delmas Ter',NULL,4703,1031,'90232','2713',NULL,NULL,1,TIMESTAMP'1800-01-01 00:00:00',TIMESTAMP'4000-01-01 00:00:00',34.023,-118.397,'3828 Delmas Ter',NULL,'06037',34.023224,-118.39695),
	 (4680035,'MAIN','2017 Palo Verde Ave','Ste 101',11742,1031,'90815','3300',NULL,NULL,1,TIMESTAMP'1800-01-01 00:00:00',TIMESTAMP'4000-01-01 00:00:00',33.793,-118.108,'2017 Palo Verde Ave','Ste 101','06037',33.792789,-118.108353),
	 (4681939,'MAIN','6386 Alvarado Ct','Ste 121',18363,1537,'92120','4906',NULL,NULL,1,TIMESTAMP'1800-01-01 00:00:00',TIMESTAMP'4000-01-01 00:00:00',32.776,-117.061,'6386 Alvarado Ct','Ste 121','06073',32.776203,-117.060501),
	 (4679710,'MAIN','3330 Lomita Blvd',NULL,20973,1031,'90505','5002',NULL,NULL,1,TIMESTAMP'1800-01-01 00:00:00',TIMESTAMP'4000-01-01 00:00:00',33.812,-118.344,'3330 Lomita Blvd',NULL,'06037',33.812351,-118.344414);
INSERT INTO PORTOWN.PP_ADDR (ID,TYPE,ADDR1,ADDR2,CITY_ID,COUNTY_ID,ZIP,PLUS4,ADDR3,POSTAL_CODE,COUNTRY_ID,START_DATE,END_DATE,LATITUDE,LONGITUDE,UGLY_ADDR1,UGLY_ADDR2,COUNTY_FIPS,LATITUDE7,LONGITUDE7) VALUES
	 (4680845,'MAIN','16055 Ventura Blvd','Ste 905',6365,1031,'91436','2611',NULL,NULL,1,TIMESTAMP'1800-01-01 00:00:00',TIMESTAMP'4000-01-01 00:00:00',34.157,-118.483,'16055 Ventura Blvd','Ste 905','06037',34.156612,-118.483124),
	 (4682415,'MAIN','17822 Beach Blvd','Ste 343',9568,1285,'92647','7500',NULL,NULL,1,TIMESTAMP'1800-01-01 00:00:00',TIMESTAMP'4000-01-01 00:00:00',33.703,-117.988,'17822 Beach Blvd','Ste 343','06059',33.703304,-117.987907),
	 (4682379,'MAIN','1100 W Stewart Dr',NULL,15378,1285,'92868','3849',NULL,NULL,1,TIMESTAMP'1800-01-01 00:00:00',TIMESTAMP'4000-01-01 00:00:00',33.782,-117.865,'1100 W Stewart Dr',NULL,'06059',33.781994,-117.865395),
	 (4682451,'MAIN','400 Newport Center Dr','Ste 406',14552,1285,'92660','7630',NULL,NULL,1,TIMESTAMP'1800-01-01 00:00:00',TIMESTAMP'4000-01-01 00:00:00',33.614,-117.872,'400 Newport Ctr Dr','Ste 406','06059',33.614155,-117.872391),
	 (4679770,'MAIN','4126 Maine Ave',NULL,945,1031,'91706','3306',NULL,NULL,1,TIMESTAMP'1800-01-01 00:00:00',TIMESTAMP'4000-01-01 00:00:00',34.087,-117.96,'4126 Maine Ave',NULL,'06037',34.08724,-117.96026),
	 (4682412,'MAIN','17822 Beach Blvd','Ste 300',9568,1285,'92647','7172',NULL,NULL,1,TIMESTAMP'1800-01-01 00:00:00',TIMESTAMP'4000-01-01 00:00:00',33.703,-117.988,'17822 Beach Blvd','Ste 300','06059',33.703304,-117.988373),
	 (4682467,'MAIN','355 Placentia Ave','Ste 100',14552,1285,'92663','3301',NULL,NULL,1,TIMESTAMP'1800-01-01 00:00:00',TIMESTAMP'4000-01-01 00:00:00',33.626,-117.932,'355 Placentia Ave','Ste 100','06059',33.626373,-117.932144),
	 (4682481,'MAIN','25500 Rancho Niguel Rd','Ste 290',10838,1285,'92677','7306',NULL,NULL,1,TIMESTAMP'1800-01-01 00:00:00',TIMESTAMP'4000-01-01 00:00:00',33.555,-117.684,'25500 Rancho Niguel RD','Ste 290','06059',33.55542,-117.684471),
	 (4679263,'MAIN','2080 Century Park E','Ste 1807',11821,1031,'90067','2021',NULL,NULL,1,TIMESTAMP'1800-01-01 00:00:00',TIMESTAMP'4000-01-01 00:00:00',34.059,-118.412,'2080 Century Pk E','Ste 1807','06037',34.058857,-118.412018),
	 (4682559,'MAIN','11100 Warner Ave','Ste 100',7240,1285,'92708','7500',NULL,NULL,1,TIMESTAMP'1800-01-01 00:00:00',TIMESTAMP'4000-01-01 00:00:00',33.716,-117.936,'11100 Warner Ave','Ste 100','06059',33.715706,-117.936195);

-- Insert the phones that are associated with the location
INSERT INTO PORTOWN.PP_PHONES (ID,TYPE,AREACODE,EXCHANGE,NUM,EXTENSION,"FOREIGN",COUNTRY_CODE,FOREIGN_PHONE) VALUES
	 (17186646,'PHONE','562','247','7740',NULL,'N',1,NULL),
	 (17408042,'PHONE','818','990','5715',NULL,'N',1,NULL),
	 (17409315,'PHONE','714','633','9111',NULL,'N',1,NULL),
	 (17406507,'PHONE','949','645','3374',NULL,'N',1,NULL),
	 (5980224,'PHONE','626','653','0800',NULL,'N',1,NULL),
	 (17202303,'FAX','866','558','4329',NULL,'N',1,NULL),
	 (17424028,'PHONE','999','999','9999',NULL,'N',1,NULL),
	 (17179808,'FAX','562','799','1413',NULL,'N',1,NULL),
	 (17184857,'FAX','323','728','8355',NULL,'N',1,NULL),
	 (17202064,'PHONE','866','558','4320',NULL,'N',1,NULL);
INSERT INTO PORTOWN.PP_PHONES (ID,TYPE,AREACODE,EXCHANGE,NUM,EXTENSION,"FOREIGN",COUNTRY_CODE,FOREIGN_PHONE) VALUES
	 (17409317,'FAX','714','937','7083',NULL,'N',1,NULL),
	 (5980262,'PHONE','714','995','3500',NULL,'N',1,NULL),
	 (17423885,'FAX','818','881','9301',NULL,'N',1,NULL),
	 (5980258,'PHONE','949','552','4200',NULL,'N',1,NULL),
	 (5980261,'PHONE','714','995','3500',NULL,'N',1,NULL),
	 (17424029,'FAX','310','552','0861',NULL,'N',1,NULL),
	 (5980218,'PHONE','818','461','5000',NULL,'N',1,NULL),
	 (17188462,'FAX','310','784','4991',NULL,'N',1,NULL),
	 (5980228,'PHONE','323','728','0671',NULL,'N',1,NULL),
	 (5980242,'PHONE','562','493','5501',NULL,'N',1,NULL);
INSERT INTO PORTOWN.PP_PHONES (ID,TYPE,AREACODE,EXCHANGE,NUM,EXTENSION,"FOREIGN",COUNTRY_CODE,FOREIGN_PHONE) VALUES
	 (17419446,'PHONE','714','957','9389',NULL,'N',1,NULL),
	 (17188768,'PHONE','310','325','9110',NULL,'N',1,NULL),
	 (17408043,'FAX','818','990','4540',NULL,'N',1,NULL),
	 (5980263,'PHONE','949','760','9431',NULL,'N',1,NULL),
	 (5980267,'PHONE','949','722','7170',NULL,'N',1,NULL),
	 (17419447,'FAX','714','957','0144',NULL,'N',1,NULL),
	 (17187064,'FAX','562','432','5122',NULL,'N',1,NULL),
	 (17424018,'PHONE','818','881','8999',NULL,'N',1,NULL),
	 (17406436,'FAX','949','645','2410',NULL,'N',1,NULL),
	 (17411764,'PHONE','949','448','0487',NULL,'N',1,NULL);
INSERT INTO PORTOWN.PP_PHONES (ID,TYPE,AREACODE,EXCHANGE,NUM,EXTENSION,"FOREIGN",COUNTRY_CODE,FOREIGN_PHONE) VALUES
	 (17411834,'FAX','949','448','8077',NULL,'N',1,NULL),
	 (5980282,'PHONE','951','929','7670',NULL,'N',1,NULL);

-- Insert the phone and address association
INSERT INTO PORTOWN.PP_ADDR_PHONES (ADDRESS_ID,PHONE_ID) VALUES
	 (4680007,17186646),
	 (4680007,17187064),
	 (4680636,17423885),
	 (4680636,17424018),
	 (4682385,5980258),
	 (4679821,5980228),
	 (4679821,17184857),
	 (4682443,5980263),
	 (4682563,5980282),
	 (4679344,5980218);
INSERT INTO PORTOWN.PP_ADDR_PHONES (ADDRESS_ID,PHONE_ID) VALUES
	 (4680035,5980242),
	 (4680035,17179808),
	 (4681939,17202064),
	 (4681939,17202303),
	 (4679710,17188462),
	 (4679710,17188768),
	 (4680845,17408042),
	 (4680845,17408043),
	 (4682415,5980262),
	 (4682379,17409315);
INSERT INTO PORTOWN.PP_ADDR_PHONES (ADDRESS_ID,PHONE_ID) VALUES
	 (4682379,17409317),
	 (4682451,17406436),
	 (4682451,17406507),
	 (4679770,5980224),
	 (4682412,5980261),
	 (4682467,5980267),
	 (4682481,17411764),
	 (4682481,17411834),
	 (4679263,17424028),
	 (4679263,17424029);
INSERT INTO PORTOWN.PP_ADDR_PHONES (ADDRESS_ID,PHONE_ID) VALUES
	 (4682559,17419446),
	 (4682559,17419447);

-- Insert the locations that are to be used for the scenario
INSERT INTO PORTOWN.PP_PROV_TIN_LOC (ID,TIN_ID,ADDRESS_ID,NAME,"PRIMARY",PRINT_SUPPRESS,OFFICE_MGR,TRAIN,BUS,TRANSIT_ROUTE,HANDICAP,LABEL_CLUSTER_ID,PROV_TIN_PRC_CONT_ID) VALUES
	 (3502802,1794145,4679344,'Health Net Direct Network','N','N',NULL,'N','N',NULL,'Y',1,NULL),
	 (3503455,1794145,4680007,'Health Net Direct Network','N',NULL,NULL,NULL,NULL,NULL,NULL,1,NULL),
	 (3505371,1794145,4681939,'Health Net Direct Network','N',NULL,NULL,NULL,NULL,NULL,NULL,1,NULL),
	 (3503483,1794145,4680035,'Health Net Direct Network','N',NULL,NULL,NULL,NULL,NULL,NULL,1,NULL),
	 (3505830,1794145,4682412,'Health Net Direct Network','N','N',NULL,'N','N',NULL,'Y',1,NULL),
	 (3505833,1794145,4682415,'Health Net Direct Network','N','N',NULL,'N','N',NULL,'Y',1,NULL),
	 (3505861,1794145,4682443,'Health Net Direct Network','N','N',NULL,'N','N',NULL,'Y',1,NULL),
	 (3504080,1794145,4680636,'Health Net Direct Network','N',NULL,NULL,NULL,NULL,NULL,NULL,1,NULL),
	 (3504288,1794145,4680845,'Health Net Direct Network','N',NULL,NULL,NULL,NULL,NULL,NULL,1,NULL),
	 (3503223,1794145,4679770,'Health Net Direct Network','N','N',NULL,'N','N',NULL,'Y',1,NULL);
INSERT INTO PORTOWN.PP_PROV_TIN_LOC (ID,TIN_ID,ADDRESS_ID,NAME,"PRIMARY",PRINT_SUPPRESS,OFFICE_MGR,TRAIN,BUS,TRANSIT_ROUTE,HANDICAP,LABEL_CLUSTER_ID,PROV_TIN_PRC_CONT_ID) VALUES
	 (3503273,1794145,4679821,'Health Net Direct Network','N',NULL,NULL,NULL,NULL,NULL,NULL,1,NULL),
	 (3505981,1794145,4682563,'Health Net Direct Network','N','N',NULL,'N','N',NULL,'Y',1,NULL),
	 (3502723,1794145,4679263,'Health Net Direct Network','N',NULL,NULL,NULL,NULL,NULL,NULL,1,NULL),
	 (3505869,1794145,4682451,'Health Net Direct Network','N',NULL,NULL,NULL,NULL,NULL,NULL,1,NULL),
	 (3505977,1794145,4682559,'Health Net Direct Network','N',NULL,NULL,NULL,NULL,NULL,NULL,1,NULL),
	 (3503163,1794145,4679710,'Health Net Direct Network','N',NULL,NULL,NULL,NULL,NULL,NULL,1,NULL),
	 (3505797,1794145,4682379,'Health Net Direct Network','N',NULL,NULL,NULL,NULL,NULL,NULL,1,NULL),
	 (3505803,1794145,4682385,'Health Net Direct Network','N','N',NULL,'N','N',NULL,'Y',1,NULL),
	 (3505885,1794145,4682467,'Health Net Direct Network','N','N',NULL,'N','N',NULL,'Y',1,NULL),
	 (3505899,1794145,4682481,'Health Net Direct Network','N',NULL,NULL,NULL,NULL,NULL,NULL,1,NULL);


-- Insert data for PP_PROV_LOC table
INSERT INTO PORTOWN.PP_PROV_LOC (PROV_ID,LOC_ID,NAME_USAGE,"PRIMARY",START_DATE,END_DATE,PRINT_SUPPRESS,LABEL_CLUSTER_ID) VALUES
	 (2278224,3502723,'C','N',TIMESTAMP'2015-01-01 00:00:00',TIMESTAMP'4000-01-01 00:00:00','N',1),
	 (2278224,3502802,'C','N',TIMESTAMP'2015-01-01 00:00:00',TIMESTAMP'4000-01-01 00:00:00','N',1),
	 (2278224,3503163,'C','N',TIMESTAMP'2015-01-01 00:00:00',TIMESTAMP'4000-01-01 00:00:00','N',1),
	 (2278224,3503223,'C','N',TIMESTAMP'2015-01-01 00:00:00',TIMESTAMP'4000-01-01 00:00:00','N',1),
	 (2278224,3503273,'C','N',TIMESTAMP'2015-01-01 00:00:00',TIMESTAMP'4000-01-01 00:00:00','N',1),
	 (2278224,3503455,'C','N',TIMESTAMP'2015-01-01 00:00:00',TIMESTAMP'4000-01-01 00:00:00','N',1),
	 (2278224,3503483,'C','N',TIMESTAMP'2015-01-01 00:00:00',TIMESTAMP'4000-01-01 00:00:00','N',1),
	 (2278224,3504080,'C','N',TIMESTAMP'2015-01-01 00:00:00',TIMESTAMP'4000-01-01 00:00:00','N',1),
	 (2278224,3504288,'C','N',TIMESTAMP'2015-01-01 00:00:00',TIMESTAMP'4000-01-01 00:00:00','N',1),
	 (2278224,3505371,'C','N',TIMESTAMP'2015-01-01 00:00:00',TIMESTAMP'4000-01-01 00:00:00','N',1);
INSERT INTO PORTOWN.PP_PROV_LOC (PROV_ID,LOC_ID,NAME_USAGE,"PRIMARY",START_DATE,END_DATE,PRINT_SUPPRESS,LABEL_CLUSTER_ID) VALUES
	 (2278224,3505797,'C','N',TIMESTAMP'2015-01-01 00:00:00',TIMESTAMP'4000-01-01 00:00:00','N',1),
	 (2278224,3505803,'C','N',TIMESTAMP'2015-01-01 00:00:00',TIMESTAMP'4000-01-01 00:00:00','N',1),
	 (2278224,3505830,'C','N',TIMESTAMP'2015-01-01 00:00:00',TIMESTAMP'4000-01-01 00:00:00','N',1),
	 (2278224,3505833,'C','N',TIMESTAMP'2015-01-01 00:00:00',TIMESTAMP'4000-01-01 00:00:00','N',1),
	 (2278224,3505861,'C','N',TIMESTAMP'2015-01-01 00:00:00',TIMESTAMP'4000-01-01 00:00:00','N',1),
	 (2278224,3505869,'C','N',TIMESTAMP'2015-01-01 00:00:00',TIMESTAMP'4000-01-01 00:00:00','N',1),
	 (2278224,3505885,'C','N',TIMESTAMP'2015-01-01 00:00:00',TIMESTAMP'4000-01-01 00:00:00','N',1),
	 (2278224,3505899,'C','N',TIMESTAMP'2015-01-01 00:00:00',TIMESTAMP'4000-01-01 00:00:00','N',1),
	 (2278224,3505977,'C','N',TIMESTAMP'2015-01-01 00:00:00',TIMESTAMP'4000-01-01 00:00:00','N',1),
	 (2278224,3505981,'C','N',TIMESTAMP'2015-01-01 00:00:00',TIMESTAMP'4000-01-01 00:00:00','N',1);

-- Insert the PNC data
INSERT INTO PORTOWN.PP_PROV_NET_CYCLE (ID,PROV_ID,NET_ID,STATUS,START_DATE,END_DATE,LABEL_CLUSTER_ID) VALUES
	 (8294057,2278224,8246,'Par',TIMESTAMP'2015-01-01 00:00:00',TIMESTAMP'4000-01-01 00:00:00',1),
	 (5899320,2278224,4680,'Par',TIMESTAMP'2015-01-01 00:00:00',TIMESTAMP'4000-01-01 00:00:00',1),
	 (8294052,2278224,8238,'Par',TIMESTAMP'2015-01-01 00:00:00',TIMESTAMP'4000-01-01 00:00:00',1),
	 (8294051,2278224,8237,'Par',TIMESTAMP'2015-01-01 00:00:00',TIMESTAMP'4000-01-01 00:00:00',1),
	 (9643782,2278224,7016,'Par',TIMESTAMP'2015-04-01 00:00:00',TIMESTAMP'2015-08-01 00:00:00',1),
	 (5950014,2278224,4683,'Par',TIMESTAMP'2018-01-01 00:00:00',TIMESTAMP'2022-12-31 00:00:00',1),
	 (8294053,2278224,8239,'Par',TIMESTAMP'2015-01-01 00:00:00',TIMESTAMP'4000-01-01 00:00:00',1),
	 (8294056,2278224,8245,'Par',TIMESTAMP'2015-01-01 00:00:00',TIMESTAMP'4000-01-01 00:00:00',1),
	 (9863885,2278224,9716,'Par',TIMESTAMP'2015-01-01 00:00:00',TIMESTAMP'2023-12-31 00:00:00',1),
	 (5279067,2278224,4179,'Par',TIMESTAMP'2017-01-01 00:00:00',TIMESTAMP'4000-01-01 00:00:00',1);
INSERT INTO PORTOWN.PP_PROV_NET_CYCLE (ID,PROV_ID,NET_ID,STATUS,START_DATE,END_DATE,LABEL_CLUSTER_ID) VALUES
	 (17075352,2278224,13296,'Par',TIMESTAMP'2023-01-01 00:00:00',TIMESTAMP'4000-01-01 00:00:00',1),
	 (9953868,2278224,8242,'Par',TIMESTAMP'2015-01-01 00:00:00',TIMESTAMP'4000-01-01 00:00:00',1),
	 (8294054,2278224,8243,'Par',TIMESTAMP'2015-01-01 00:00:00',TIMESTAMP'4000-01-01 00:00:00',1),
	 (5910325,2278224,5256,'Par',TIMESTAMP'2015-01-01 00:00:00',TIMESTAMP'2022-12-31 00:00:00',1),
	 (7169762,2278224,4945,'Par',TIMESTAMP'2015-08-01 00:00:00',TIMESTAMP'4000-01-01 00:00:00',1),
	 (8294050,2278224,8219,'Par',TIMESTAMP'2015-01-01 00:00:00',TIMESTAMP'4000-01-01 00:00:00',1),
	 (9643783,2278224,6356,'Par',TIMESTAMP'2015-01-01 00:00:00',TIMESTAMP'2015-08-01 00:00:00',1);

-- Insert the PNLC data
INSERT INTO PORTOWN.PP_PROV_NET_LOC_CYCLE (ID,PROV_NET_CYCLE_ID,PROV_ID,LOC_ID,START_DATE,END_DATE,"PRIMARY",LABEL_CLUSTER_ID) VALUES
	 (7565281,5279067,2278224,3502802,TIMESTAMP'2017-01-01 00:00:00',TIMESTAMP'4000-01-01 00:00:00','N',1),
	 (8864999,5950014,2278224,3502802,TIMESTAMP'2018-01-01 00:00:00',TIMESTAMP'2022-12-31 00:00:00','N',1),
	 (8632678,5899320,2278224,3502802,TIMESTAMP'2015-01-01 00:00:00',TIMESTAMP'4000-01-01 00:00:00','N',1),
	 (8754898,5910325,2278224,3502802,TIMESTAMP'2015-01-01 00:00:00',TIMESTAMP'2022-12-31 00:00:00','N',1),
	 (10604942,7169762,2278224,3502802,TIMESTAMP'2015-08-01 00:00:00',TIMESTAMP'4000-01-01 00:00:00','N',1),
	 (13420676,8294054,2278224,3502802,TIMESTAMP'2015-01-01 00:00:00',TIMESTAMP'4000-01-01 00:00:00','N',1),
	 (13421237,8294053,2278224,3502802,TIMESTAMP'2015-01-01 00:00:00',TIMESTAMP'4000-01-01 00:00:00','N',1),
	 (13421442,8294057,2278224,3502802,TIMESTAMP'2015-01-01 00:00:00',TIMESTAMP'4000-01-01 00:00:00','N',1),
	 (13420077,8294056,2278224,3502802,TIMESTAMP'2015-01-01 00:00:00',TIMESTAMP'4000-01-01 00:00:00','N',1),
	 (13419751,8294052,2278224,3502802,TIMESTAMP'2015-01-01 00:00:00',TIMESTAMP'4000-01-01 00:00:00','N',1);
INSERT INTO PORTOWN.PP_PROV_NET_LOC_CYCLE (ID,PROV_NET_CYCLE_ID,PROV_ID,LOC_ID,START_DATE,END_DATE,"PRIMARY",LABEL_CLUSTER_ID) VALUES
	 (13420228,8294050,2278224,3502802,TIMESTAMP'2015-01-01 00:00:00',TIMESTAMP'4000-01-01 00:00:00','N',1),
	 (13420276,8294051,2278224,3502802,TIMESTAMP'2015-01-01 00:00:00',TIMESTAMP'4000-01-01 00:00:00','N',1),
	 (16196269,9643783,2278224,3502802,TIMESTAMP'2015-01-01 00:00:00',TIMESTAMP'2015-08-01 00:00:00','N',1),
	 (16196291,9643782,2278224,3502802,TIMESTAMP'2015-04-01 00:00:00',TIMESTAMP'2015-08-01 00:00:00','N',1),
	 (16705725,9863885,2278224,3502802,TIMESTAMP'2015-01-01 00:00:00',TIMESTAMP'2023-12-31 00:00:00','N',1),
	 (16901136,9953868,2278224,3502802,TIMESTAMP'2015-01-01 00:00:00',TIMESTAMP'4000-01-01 00:00:00','N',1),
	 (27552098,17075352,2278224,3502802,TIMESTAMP'2023-01-01 00:00:00',TIMESTAMP'4000-01-01 00:00:00','N',1),
	 (7565936,5279067,2278224,3503455,TIMESTAMP'2017-01-01 00:00:00',TIMESTAMP'4000-01-01 00:00:00','N',1),
	 (8865003,5950014,2278224,3503455,TIMESTAMP'2018-01-01 00:00:00',TIMESTAMP'2022-12-31 00:00:00','N',1),
	 (8632711,5899320,2278224,3503455,TIMESTAMP'2015-01-01 00:00:00',TIMESTAMP'4000-01-01 00:00:00','N',1);
INSERT INTO PORTOWN.PP_PROV_NET_LOC_CYCLE (ID,PROV_NET_CYCLE_ID,PROV_ID,LOC_ID,START_DATE,END_DATE,"PRIMARY",LABEL_CLUSTER_ID) VALUES
	 (8754924,5910325,2278224,3503455,TIMESTAMP'2015-01-01 00:00:00',TIMESTAMP'2022-12-31 00:00:00','N',1),
	 (10574282,7169762,2278224,3503455,TIMESTAMP'2015-08-01 00:00:00',TIMESTAMP'4000-01-01 00:00:00','N',1),
	 (13420553,8294052,2278224,3503455,TIMESTAMP'2015-01-01 00:00:00',TIMESTAMP'4000-01-01 00:00:00','N',1),
	 (13421145,8294053,2278224,3503455,TIMESTAMP'2015-01-01 00:00:00',TIMESTAMP'4000-01-01 00:00:00','N',1),
	 (13421249,8294054,2278224,3503455,TIMESTAMP'2015-01-01 00:00:00',TIMESTAMP'4000-01-01 00:00:00','N',1),
	 (13421391,8294057,2278224,3503455,TIMESTAMP'2015-01-01 00:00:00',TIMESTAMP'4000-01-01 00:00:00','N',1),
	 (13420040,8294056,2278224,3503455,TIMESTAMP'2015-01-01 00:00:00',TIMESTAMP'4000-01-01 00:00:00','N',1),
	 (13420251,8294051,2278224,3503455,TIMESTAMP'2015-01-01 00:00:00',TIMESTAMP'4000-01-01 00:00:00','N',1),
	 (13420428,8294050,2278224,3503455,TIMESTAMP'2015-01-01 00:00:00',TIMESTAMP'4000-01-01 00:00:00','N',1),
	 (16705676,9863885,2278224,3503455,TIMESTAMP'2015-01-01 00:00:00',TIMESTAMP'2023-12-31 00:00:00','N',1);
INSERT INTO PORTOWN.PP_PROV_NET_LOC_CYCLE (ID,PROV_NET_CYCLE_ID,PROV_ID,LOC_ID,START_DATE,END_DATE,"PRIMARY",LABEL_CLUSTER_ID) VALUES
	 (16901068,9953868,2278224,3503455,TIMESTAMP'2015-01-01 00:00:00',TIMESTAMP'4000-01-01 00:00:00','N',1),
	 (27551921,17075352,2278224,3503455,TIMESTAMP'2023-01-01 00:00:00',TIMESTAMP'4000-01-01 00:00:00','N',1),
	 (7567852,5279067,2278224,3505371,TIMESTAMP'2017-01-01 00:00:00',TIMESTAMP'4000-01-01 00:00:00','N',1),
	 (8865007,5950014,2278224,3505371,TIMESTAMP'2018-01-01 00:00:00',TIMESTAMP'2022-12-31 00:00:00','N',1),
	 (8632731,5899320,2278224,3505371,TIMESTAMP'2015-01-01 00:00:00',TIMESTAMP'4000-01-01 00:00:00','N',1),
	 (8754932,5910325,2278224,3505371,TIMESTAMP'2015-01-01 00:00:00',TIMESTAMP'2022-12-31 00:00:00','N',1),
	 (10588936,7169762,2278224,3505371,TIMESTAMP'2015-08-01 00:00:00',TIMESTAMP'4000-01-01 00:00:00','N',1),
	 (13421014,8294050,2278224,3505371,TIMESTAMP'2015-01-01 00:00:00',TIMESTAMP'4000-01-01 00:00:00','N',1),
	 (13421076,8294051,2278224,3505371,TIMESTAMP'2015-01-01 00:00:00',TIMESTAMP'4000-01-01 00:00:00','N',1),
	 (13420088,8294056,2278224,3505371,TIMESTAMP'2015-01-01 00:00:00',TIMESTAMP'4000-01-01 00:00:00','N',1);
INSERT INTO PORTOWN.PP_PROV_NET_LOC_CYCLE (ID,PROV_NET_CYCLE_ID,PROV_ID,LOC_ID,START_DATE,END_DATE,"PRIMARY",LABEL_CLUSTER_ID) VALUES
	 (13419834,8294053,2278224,3505371,TIMESTAMP'2015-01-01 00:00:00',TIMESTAMP'4000-01-01 00:00:00','N',1),
	 (13419904,8294054,2278224,3505371,TIMESTAMP'2015-01-01 00:00:00',TIMESTAMP'4000-01-01 00:00:00','N',1),
	 (13420130,8294057,2278224,3505371,TIMESTAMP'2015-01-01 00:00:00',TIMESTAMP'4000-01-01 00:00:00','N',1),
	 (13420385,8294052,2278224,3505371,TIMESTAMP'2015-01-01 00:00:00',TIMESTAMP'4000-01-01 00:00:00','N',1),
	 (16196253,9643782,2278224,3505371,TIMESTAMP'2015-04-01 00:00:00',TIMESTAMP'2015-08-01 00:00:00','N',1),
	 (16196273,9643783,2278224,3505371,TIMESTAMP'2015-01-01 00:00:00',TIMESTAMP'2015-08-01 00:00:00','N',1),
	 (16705743,9863885,2278224,3505371,TIMESTAMP'2015-01-01 00:00:00',TIMESTAMP'2023-12-31 00:00:00','N',1),
	 (16901161,9953868,2278224,3505371,TIMESTAMP'2015-01-01 00:00:00',TIMESTAMP'4000-01-01 00:00:00','N',1),
	 (27552147,17075352,2278224,3505371,TIMESTAMP'2023-01-01 00:00:00',TIMESTAMP'4000-01-01 00:00:00','N',1),
	 (7565964,5279067,2278224,3503483,TIMESTAMP'2017-01-01 00:00:00',TIMESTAMP'4000-01-01 00:00:00','N',1);
INSERT INTO PORTOWN.PP_PROV_NET_LOC_CYCLE (ID,PROV_NET_CYCLE_ID,PROV_ID,LOC_ID,START_DATE,END_DATE,"PRIMARY",LABEL_CLUSTER_ID) VALUES
	 (8865004,5950014,2278224,3503483,TIMESTAMP'2018-01-01 00:00:00',TIMESTAMP'2022-12-31 00:00:00','N',1),
	 (8632716,5899320,2278224,3503483,TIMESTAMP'2015-01-01 00:00:00',TIMESTAMP'4000-01-01 00:00:00','N',1),
	 (8754927,5910325,2278224,3503483,TIMESTAMP'2015-01-01 00:00:00',TIMESTAMP'2022-12-31 00:00:00','N',1),
	 (10592800,7169762,2278224,3503483,TIMESTAMP'2015-08-01 00:00:00',TIMESTAMP'4000-01-01 00:00:00','N',1),
	 (13420569,8294052,2278224,3503483,TIMESTAMP'2015-01-01 00:00:00',TIMESTAMP'4000-01-01 00:00:00','N',1),
	 (13420820,8294050,2278224,3503483,TIMESTAMP'2015-01-01 00:00:00',TIMESTAMP'4000-01-01 00:00:00','N',1),
	 (13421269,8294054,2278224,3503483,TIMESTAMP'2015-01-01 00:00:00',TIMESTAMP'4000-01-01 00:00:00','N',1),
	 (13421340,8294056,2278224,3503483,TIMESTAMP'2015-01-01 00:00:00',TIMESTAMP'4000-01-01 00:00:00','N',1),
	 (13419808,8294053,2278224,3503483,TIMESTAMP'2015-01-01 00:00:00',TIMESTAMP'4000-01-01 00:00:00','N',1),
	 (13420106,8294057,2278224,3503483,TIMESTAMP'2015-01-01 00:00:00',TIMESTAMP'4000-01-01 00:00:00','N',1);
INSERT INTO PORTOWN.PP_PROV_NET_LOC_CYCLE (ID,PROV_NET_CYCLE_ID,PROV_ID,LOC_ID,START_DATE,END_DATE,"PRIMARY",LABEL_CLUSTER_ID) VALUES
	 (13420266,8294051,2278224,3503483,TIMESTAMP'2015-01-01 00:00:00',TIMESTAMP'4000-01-01 00:00:00','N',1),
	 (16705546,9863885,2278224,3503483,TIMESTAMP'2015-01-01 00:00:00',TIMESTAMP'2023-12-31 00:00:00','N',1),
	 (16901334,9953868,2278224,3503483,TIMESTAMP'2015-01-01 00:00:00',TIMESTAMP'4000-01-01 00:00:00','N',1),
	 (27552027,17075352,2278224,3503483,TIMESTAMP'2023-01-01 00:00:00',TIMESTAMP'4000-01-01 00:00:00','N',1),
	 (7568312,5279067,2278224,3505830,TIMESTAMP'2017-01-01 00:00:00',TIMESTAMP'4000-01-01 00:00:00','N',1),
	 (8865010,5950014,2278224,3505830,TIMESTAMP'2018-01-01 00:00:00',TIMESTAMP'2022-12-31 00:00:00','N',1),
	 (8632744,5899320,2278224,3505830,TIMESTAMP'2015-01-01 00:00:00',TIMESTAMP'4000-01-01 00:00:00','N',1),
	 (8754938,5910325,2278224,3505830,TIMESTAMP'2015-01-01 00:00:00',TIMESTAMP'2022-12-31 00:00:00','N',1),
	 (10574447,7169762,2278224,3505830,TIMESTAMP'2015-08-01 00:00:00',TIMESTAMP'4000-01-01 00:00:00','N',1),
	 (16705539,9863885,2278224,3505830,TIMESTAMP'2015-01-01 00:00:00',TIMESTAMP'2023-12-31 00:00:00','N',1);
INSERT INTO PORTOWN.PP_PROV_NET_LOC_CYCLE (ID,PROV_NET_CYCLE_ID,PROV_ID,LOC_ID,START_DATE,END_DATE,"PRIMARY",LABEL_CLUSTER_ID) VALUES
	 (16901460,9953868,2278224,3505830,TIMESTAMP'2015-01-01 00:00:00',TIMESTAMP'4000-01-01 00:00:00','N',1),
	 (27551989,17075352,2278224,3505830,TIMESTAMP'2023-01-01 00:00:00',TIMESTAMP'4000-01-01 00:00:00','N',1),
	 (7568315,5279067,2278224,3505833,TIMESTAMP'2017-01-01 00:00:00',TIMESTAMP'4000-01-01 00:00:00','N',1),
	 (8865011,5950014,2278224,3505833,TIMESTAMP'2018-01-01 00:00:00',TIMESTAMP'2022-12-31 00:00:00','N',1),
	 (8632748,5899320,2278224,3505833,TIMESTAMP'2015-01-01 00:00:00',TIMESTAMP'4000-01-01 00:00:00','N',1),
	 (8754940,5910325,2278224,3505833,TIMESTAMP'2015-01-01 00:00:00',TIMESTAMP'2022-12-31 00:00:00','N',1),
	 (10573151,7169762,2278224,3505833,TIMESTAMP'2015-08-01 00:00:00',TIMESTAMP'4000-01-01 00:00:00','N',1),
	 (16705492,9863885,2278224,3505833,TIMESTAMP'2015-01-01 00:00:00',TIMESTAMP'2023-12-31 00:00:00','N',1),
	 (16901461,9953868,2278224,3505833,TIMESTAMP'2015-01-01 00:00:00',TIMESTAMP'4000-01-01 00:00:00','N',1),
	 (27551990,17075352,2278224,3505833,TIMESTAMP'2023-01-01 00:00:00',TIMESTAMP'4000-01-01 00:00:00','N',1);
INSERT INTO PORTOWN.PP_PROV_NET_LOC_CYCLE (ID,PROV_NET_CYCLE_ID,PROV_ID,LOC_ID,START_DATE,END_DATE,"PRIMARY",LABEL_CLUSTER_ID) VALUES
	 (7568343,5279067,2278224,3505861,TIMESTAMP'2017-01-01 00:00:00',TIMESTAMP'4000-01-01 00:00:00','N',1),
	 (8865012,5950014,2278224,3505861,TIMESTAMP'2018-01-01 00:00:00',TIMESTAMP'2022-12-31 00:00:00','N',1),
	 (8632753,5899320,2278224,3505861,TIMESTAMP'2015-01-01 00:00:00',TIMESTAMP'4000-01-01 00:00:00','N',1),
	 (8754962,5910325,2278224,3505861,TIMESTAMP'2015-01-01 00:00:00',TIMESTAMP'2022-12-31 00:00:00','N',1),
	 (10571401,7169762,2278224,3505861,TIMESTAMP'2015-08-01 00:00:00',TIMESTAMP'4000-01-01 00:00:00','N',1),
	 (16705694,9863885,2278224,3505861,TIMESTAMP'2015-01-01 00:00:00',TIMESTAMP'2023-12-31 00:00:00','N',1),
	 (16901301,9953868,2278224,3505861,TIMESTAMP'2015-01-01 00:00:00',TIMESTAMP'4000-01-01 00:00:00','N',1),
	 (27551970,17075352,2278224,3505861,TIMESTAMP'2023-01-01 00:00:00',TIMESTAMP'4000-01-01 00:00:00','N',1),
	 (7566561,5279067,2278224,3504080,TIMESTAMP'2017-01-01 00:00:00',TIMESTAMP'4000-01-01 00:00:00','N',1),
	 (8865005,5950014,2278224,3504080,TIMESTAMP'2018-01-01 00:00:00',TIMESTAMP'2022-12-31 00:00:00','N',1);
INSERT INTO PORTOWN.PP_PROV_NET_LOC_CYCLE (ID,PROV_NET_CYCLE_ID,PROV_ID,LOC_ID,START_DATE,END_DATE,"PRIMARY",LABEL_CLUSTER_ID) VALUES
	 (8632720,5899320,2278224,3504080,TIMESTAMP'2015-01-01 00:00:00',TIMESTAMP'4000-01-01 00:00:00','N',1),
	 (8754929,5910325,2278224,3504080,TIMESTAMP'2015-01-01 00:00:00',TIMESTAMP'2022-12-31 00:00:00','N',1),
	 (10579876,7169762,2278224,3504080,TIMESTAMP'2015-08-01 00:00:00',TIMESTAMP'4000-01-01 00:00:00','N',1),
	 (16705705,9863885,2278224,3504080,TIMESTAMP'2015-01-01 00:00:00',TIMESTAMP'2023-12-31 00:00:00','N',1),
	 (16901205,9953868,2278224,3504080,TIMESTAMP'2015-01-01 00:00:00',TIMESTAMP'4000-01-01 00:00:00','N',1),
	 (27551997,17075352,2278224,3504080,TIMESTAMP'2023-01-01 00:00:00',TIMESTAMP'4000-01-01 00:00:00','N',1),
	 (7566769,5279067,2278224,3504288,TIMESTAMP'2017-01-01 00:00:00',TIMESTAMP'4000-01-01 00:00:00','N',1),
	 (8865006,5950014,2278224,3504288,TIMESTAMP'2018-01-01 00:00:00',TIMESTAMP'2022-12-31 00:00:00','N',1),
	 (8632725,5899320,2278224,3504288,TIMESTAMP'2015-01-01 00:00:00',TIMESTAMP'4000-01-01 00:00:00','N',1),
	 (8754931,5910325,2278224,3504288,TIMESTAMP'2015-01-01 00:00:00',TIMESTAMP'2022-12-31 00:00:00','N',1);
INSERT INTO PORTOWN.PP_PROV_NET_LOC_CYCLE (ID,PROV_NET_CYCLE_ID,PROV_ID,LOC_ID,START_DATE,END_DATE,"PRIMARY",LABEL_CLUSTER_ID) VALUES
	 (10569606,7169762,2278224,3504288,TIMESTAMP'2015-08-01 00:00:00',TIMESTAMP'4000-01-01 00:00:00','N',1),
	 (16705699,9863885,2278224,3504288,TIMESTAMP'2015-01-01 00:00:00',TIMESTAMP'2023-12-31 00:00:00','N',1),
	 (16901108,9953868,2278224,3504288,TIMESTAMP'2015-01-01 00:00:00',TIMESTAMP'4000-01-01 00:00:00','N',1),
	 (27551983,17075352,2278224,3504288,TIMESTAMP'2023-01-01 00:00:00',TIMESTAMP'4000-01-01 00:00:00','N',1),
	 (7565702,5279067,2278224,3503223,TIMESTAMP'2017-01-01 00:00:00',TIMESTAMP'4000-01-01 00:00:00','N',1),
	 (8865001,5950014,2278224,3503223,TIMESTAMP'2018-01-01 00:00:00',TIMESTAMP'2022-12-31 00:00:00','N',1),
	 (8632686,5899320,2278224,3503223,TIMESTAMP'2015-01-01 00:00:00',TIMESTAMP'4000-01-01 00:00:00','N',1),
	 (8754901,5910325,2278224,3503223,TIMESTAMP'2015-01-01 00:00:00',TIMESTAMP'2022-12-31 00:00:00','N',1),
	 (10607157,7169762,2278224,3503223,TIMESTAMP'2015-08-01 00:00:00',TIMESTAMP'4000-01-01 00:00:00','N',1),
	 (16705634,9863885,2278224,3503223,TIMESTAMP'2015-01-01 00:00:00',TIMESTAMP'2023-12-31 00:00:00','N',1);
INSERT INTO PORTOWN.PP_PROV_NET_LOC_CYCLE (ID,PROV_NET_CYCLE_ID,PROV_ID,LOC_ID,START_DATE,END_DATE,"PRIMARY",LABEL_CLUSTER_ID) VALUES
	 (16901371,9953868,2278224,3503223,TIMESTAMP'2015-01-01 00:00:00',TIMESTAMP'4000-01-01 00:00:00','N',1),
	 (27552107,17075352,2278224,3503223,TIMESTAMP'2023-01-01 00:00:00',TIMESTAMP'4000-01-01 00:00:00','N',1),
	 (7565752,5279067,2278224,3503273,TIMESTAMP'2017-01-01 00:00:00',TIMESTAMP'4000-01-01 00:00:00','N',1),
	 (8865002,5950014,2278224,3503273,TIMESTAMP'2018-01-01 00:00:00',TIMESTAMP'2022-12-31 00:00:00','N',1),
	 (8632692,5899320,2278224,3503273,TIMESTAMP'2015-01-01 00:00:00',TIMESTAMP'4000-01-01 00:00:00','N',1),
	 (8754923,5910325,2278224,3503273,TIMESTAMP'2015-01-01 00:00:00',TIMESTAMP'2022-12-31 00:00:00','N',1),
	 (10601698,7169762,2278224,3503273,TIMESTAMP'2015-08-01 00:00:00',TIMESTAMP'4000-01-01 00:00:00','N',1),
	 (13420671,8294054,2278224,3503273,TIMESTAMP'2015-01-01 00:00:00',TIMESTAMP'4000-01-01 00:00:00','N',1),
	 (13421064,8294051,2278224,3503273,TIMESTAMP'2015-01-01 00:00:00',TIMESTAMP'4000-01-01 00:00:00','N',1),
	 (13421213,8294053,2278224,3503273,TIMESTAMP'2015-01-01 00:00:00',TIMESTAMP'4000-01-01 00:00:00','N',1);
INSERT INTO PORTOWN.PP_PROV_NET_LOC_CYCLE (ID,PROV_NET_CYCLE_ID,PROV_ID,LOC_ID,START_DATE,END_DATE,"PRIMARY",LABEL_CLUSTER_ID) VALUES
	 (13421437,8294057,2278224,3503273,TIMESTAMP'2015-01-01 00:00:00',TIMESTAMP'4000-01-01 00:00:00','N',1),
	 (13420053,8294056,2278224,3503273,TIMESTAMP'2015-01-01 00:00:00',TIMESTAMP'4000-01-01 00:00:00','N',1),
	 (13419745,8294052,2278224,3503273,TIMESTAMP'2015-01-01 00:00:00',TIMESTAMP'4000-01-01 00:00:00','N',1),
	 (13420470,8294050,2278224,3503273,TIMESTAMP'2015-01-01 00:00:00',TIMESTAMP'4000-01-01 00:00:00','N',1),
	 (16196266,9643783,2278224,3503273,TIMESTAMP'2015-01-01 00:00:00',TIMESTAMP'2015-08-01 00:00:00','N',1),
	 (16196287,9643782,2278224,3503273,TIMESTAMP'2015-04-01 00:00:00',TIMESTAMP'2015-08-01 00:00:00','N',1),
	 (27552060,17075352,2278224,3503273,TIMESTAMP'2023-01-01 00:00:00',TIMESTAMP'4000-01-01 00:00:00','N',1),
	 (7568463,5279067,2278224,3505981,TIMESTAMP'2017-01-01 00:00:00',TIMESTAMP'4000-01-01 00:00:00','N',1),
	 (8865017,5950014,2278224,3505981,TIMESTAMP'2018-01-01 00:00:00',TIMESTAMP'2022-12-31 00:00:00','N',1),
	 (8632775,5899320,2278224,3505981,TIMESTAMP'2015-01-01 00:00:00',TIMESTAMP'4000-01-01 00:00:00','N',1);
INSERT INTO PORTOWN.PP_PROV_NET_LOC_CYCLE (ID,PROV_NET_CYCLE_ID,PROV_ID,LOC_ID,START_DATE,END_DATE,"PRIMARY",LABEL_CLUSTER_ID) VALUES
	 (8754970,5910325,2278224,3505981,TIMESTAMP'2015-01-01 00:00:00',TIMESTAMP'2022-12-31 00:00:00','N',1),
	 (10576397,7169762,2278224,3505981,TIMESTAMP'2015-08-01 00:00:00',TIMESTAMP'4000-01-01 00:00:00','N',1),
	 (16705483,9863885,2278224,3505981,TIMESTAMP'2015-01-01 00:00:00',TIMESTAMP'2023-12-31 00:00:00','N',1),
	 (16901076,9953868,2278224,3505981,TIMESTAMP'2015-01-01 00:00:00',TIMESTAMP'4000-01-01 00:00:00','N',1),
	 (27551948,17075352,2278224,3505981,TIMESTAMP'2023-01-01 00:00:00',TIMESTAMP'4000-01-01 00:00:00','N',1),
	 (7565202,5279067,2278224,3502723,TIMESTAMP'2017-01-01 00:00:00',TIMESTAMP'4000-01-01 00:00:00','N',1),
	 (8864998,5950014,2278224,3502723,TIMESTAMP'2018-01-01 00:00:00',TIMESTAMP'2022-12-31 00:00:00','N',1),
	 (8632674,5899320,2278224,3502723,TIMESTAMP'2015-01-01 00:00:00',TIMESTAMP'4000-01-01 00:00:00','N',1),
	 (8754896,5910325,2278224,3502723,TIMESTAMP'2015-01-01 00:00:00',TIMESTAMP'2022-12-31 00:00:00','N',1),
	 (10585045,7169762,2278224,3502723,TIMESTAMP'2015-08-01 00:00:00',TIMESTAMP'4000-01-01 00:00:00','N',1);
INSERT INTO PORTOWN.PP_PROV_NET_LOC_CYCLE (ID,PROV_NET_CYCLE_ID,PROV_ID,LOC_ID,START_DATE,END_DATE,"PRIMARY",LABEL_CLUSTER_ID) VALUES
	 (16705710,9863885,2278224,3502723,TIMESTAMP'2015-01-01 00:00:00',TIMESTAMP'2023-12-31 00:00:00','N',1),
	 (16901237,9953868,2278224,3502723,TIMESTAMP'2015-01-01 00:00:00',TIMESTAMP'4000-01-01 00:00:00','N',1),
	 (27552039,17075352,2278224,3502723,TIMESTAMP'2023-01-01 00:00:00',TIMESTAMP'4000-01-01 00:00:00','N',1),
	 (7568351,5279067,2278224,3505869,TIMESTAMP'2017-01-01 00:00:00',TIMESTAMP'4000-01-01 00:00:00','N',1),
	 (8865013,5950014,2278224,3505869,TIMESTAMP'2018-01-01 00:00:00',TIMESTAMP'2022-12-31 00:00:00','N',1),
	 (8632757,5899320,2278224,3505869,TIMESTAMP'2015-01-01 00:00:00',TIMESTAMP'4000-01-01 00:00:00','N',1),
	 (8754964,5910325,2278224,3505869,TIMESTAMP'2015-01-01 00:00:00',TIMESTAMP'2022-12-31 00:00:00','N',1),
	 (10573345,7169762,2278224,3505869,TIMESTAMP'2015-08-01 00:00:00',TIMESTAMP'4000-01-01 00:00:00','N',1),
	 (16705517,9863885,2278224,3505869,TIMESTAMP'2015-01-01 00:00:00',TIMESTAMP'2023-12-31 00:00:00','N',1),
	 (16901259,9953868,2278224,3505869,TIMESTAMP'2015-01-01 00:00:00',TIMESTAMP'4000-01-01 00:00:00','N',1);
INSERT INTO PORTOWN.PP_PROV_NET_LOC_CYCLE (ID,PROV_NET_CYCLE_ID,PROV_ID,LOC_ID,START_DATE,END_DATE,"PRIMARY",LABEL_CLUSTER_ID) VALUES
	 (27552106,17075352,2278224,3505869,TIMESTAMP'2023-01-01 00:00:00',TIMESTAMP'4000-01-01 00:00:00','N',1),
	 (7568459,5279067,2278224,3505977,TIMESTAMP'2017-01-01 00:00:00',TIMESTAMP'4000-01-01 00:00:00','N',1),
	 (8865016,5950014,2278224,3505977,TIMESTAMP'2018-01-01 00:00:00',TIMESTAMP'2022-12-31 00:00:00','N',1),
	 (8632770,5899320,2278224,3505977,TIMESTAMP'2015-01-01 00:00:00',TIMESTAMP'4000-01-01 00:00:00','N',1),
	 (8754969,5910325,2278224,3505977,TIMESTAMP'2015-01-01 00:00:00',TIMESTAMP'2022-12-31 00:00:00','N',1),
	 (10593706,7169762,2278224,3505977,TIMESTAMP'2015-08-01 00:00:00',TIMESTAMP'4000-01-01 00:00:00','N',1),
	 (16705598,9863885,2278224,3505977,TIMESTAMP'2015-01-01 00:00:00',TIMESTAMP'2023-12-31 00:00:00','N',1),
	 (16901178,9953868,2278224,3505977,TIMESTAMP'2015-01-01 00:00:00',TIMESTAMP'4000-01-01 00:00:00','N',1),
	 (27551947,17075352,2278224,3505977,TIMESTAMP'2023-01-01 00:00:00',TIMESTAMP'4000-01-01 00:00:00','N',1),
	 (7565642,5279067,2278224,3503163,TIMESTAMP'2017-01-01 00:00:00',TIMESTAMP'4000-01-01 00:00:00','N',1);
INSERT INTO PORTOWN.PP_PROV_NET_LOC_CYCLE (ID,PROV_NET_CYCLE_ID,PROV_ID,LOC_ID,START_DATE,END_DATE,"PRIMARY",LABEL_CLUSTER_ID) VALUES
	 (8865000,5950014,2278224,3503163,TIMESTAMP'2018-01-01 00:00:00',TIMESTAMP'2022-12-31 00:00:00','N',1),
	 (8632683,5899320,2278224,3503163,TIMESTAMP'2015-01-01 00:00:00',TIMESTAMP'4000-01-01 00:00:00','N',1),
	 (8754899,5910325,2278224,3503163,TIMESTAMP'2015-01-01 00:00:00',TIMESTAMP'2022-12-31 00:00:00','N',1),
	 (10603519,7169762,2278224,3503163,TIMESTAMP'2015-08-01 00:00:00',TIMESTAMP'4000-01-01 00:00:00','N',1),
	 (13420587,8294053,2278224,3503163,TIMESTAMP'2015-01-01 00:00:00',TIMESTAMP'4000-01-01 00:00:00','N',1),
	 (13420673,8294054,2278224,3503163,TIMESTAMP'2015-01-01 00:00:00',TIMESTAMP'4000-01-01 00:00:00','N',1),
	 (13420829,8294050,2278224,3503163,TIMESTAMP'2015-01-01 00:00:00',TIMESTAMP'4000-01-01 00:00:00','N',1),
	 (13421186,8294057,2278224,3503163,TIMESTAMP'2015-01-01 00:00:00',TIMESTAMP'4000-01-01 00:00:00','N',1),
	 (13419749,8294052,2278224,3503163,TIMESTAMP'2015-01-01 00:00:00',TIMESTAMP'4000-01-01 00:00:00','N',1),
	 (13419947,8294056,2278224,3503163,TIMESTAMP'2015-01-01 00:00:00',TIMESTAMP'4000-01-01 00:00:00','N',1);
INSERT INTO PORTOWN.PP_PROV_NET_LOC_CYCLE (ID,PROV_NET_CYCLE_ID,PROV_ID,LOC_ID,START_DATE,END_DATE,"PRIMARY",LABEL_CLUSTER_ID) VALUES
	 (13420273,8294051,2278224,3503163,TIMESTAMP'2015-01-01 00:00:00',TIMESTAMP'4000-01-01 00:00:00','N',1),
	 (16196290,9643782,2278224,3503163,TIMESTAMP'2015-04-01 00:00:00',TIMESTAMP'2015-08-01 00:00:00','N',1),
	 (16196300,9643783,2278224,3503163,TIMESTAMP'2015-01-01 00:00:00',TIMESTAMP'2015-08-01 00:00:00','N',1),
	 (16705556,9863885,2278224,3503163,TIMESTAMP'2015-01-01 00:00:00',TIMESTAMP'2023-12-31 00:00:00','N',1),
	 (16901478,9953868,2278224,3503163,TIMESTAMP'2015-01-01 00:00:00',TIMESTAMP'4000-01-01 00:00:00','N',1),
	 (27552090,17075352,2278224,3503163,TIMESTAMP'2023-01-01 00:00:00',TIMESTAMP'4000-01-01 00:00:00','N',1),
	 (7568279,5279067,2278224,3505797,TIMESTAMP'2017-01-01 00:00:00',TIMESTAMP'4000-01-01 00:00:00','N',1),
	 (8865008,5950014,2278224,3505797,TIMESTAMP'2018-01-01 00:00:00',TIMESTAMP'2022-12-31 00:00:00','N',1),
	 (8632735,5899320,2278224,3505797,TIMESTAMP'2015-01-01 00:00:00',TIMESTAMP'4000-01-01 00:00:00','N',1),
	 (8754934,5910325,2278224,3505797,TIMESTAMP'2015-01-01 00:00:00',TIMESTAMP'2022-12-31 00:00:00','N',1);
INSERT INTO PORTOWN.PP_PROV_NET_LOC_CYCLE (ID,PROV_NET_CYCLE_ID,PROV_ID,LOC_ID,START_DATE,END_DATE,"PRIMARY",LABEL_CLUSTER_ID) VALUES
	 (10597493,7169762,2278224,3505797,TIMESTAMP'2015-08-01 00:00:00',TIMESTAMP'4000-01-01 00:00:00','N',1),
	 (13420952,8294053,2278224,3505797,TIMESTAMP'2015-01-01 00:00:00',TIMESTAMP'4000-01-01 00:00:00','N',1),
	 (13421251,8294054,2278224,3505797,TIMESTAMP'2015-01-01 00:00:00',TIMESTAMP'4000-01-01 00:00:00','N',1),
	 (13421326,8294056,2278224,3505797,TIMESTAMP'2015-01-01 00:00:00',TIMESTAMP'4000-01-01 00:00:00','N',1),
	 (13420094,8294057,2278224,3505797,TIMESTAMP'2015-01-01 00:00:00',TIMESTAMP'4000-01-01 00:00:00','N',1),
	 (13419727,8294050,2278224,3505797,TIMESTAMP'2015-01-01 00:00:00',TIMESTAMP'4000-01-01 00:00:00','N',1),
	 (13420323,8294052,2278224,3505797,TIMESTAMP'2015-01-01 00:00:00',TIMESTAMP'4000-01-01 00:00:00','N',1),
	 (13420489,8294051,2278224,3505797,TIMESTAMP'2015-01-01 00:00:00',TIMESTAMP'4000-01-01 00:00:00','N',1),
	 (16705482,9863885,2278224,3505797,TIMESTAMP'2015-01-01 00:00:00',TIMESTAMP'2023-12-31 00:00:00','N',1),
	 (16901074,9953868,2278224,3505797,TIMESTAMP'2015-01-01 00:00:00',TIMESTAMP'4000-01-01 00:00:00','N',1);
INSERT INTO PORTOWN.PP_PROV_NET_LOC_CYCLE (ID,PROV_NET_CYCLE_ID,PROV_ID,LOC_ID,START_DATE,END_DATE,"PRIMARY",LABEL_CLUSTER_ID) VALUES
	 (27551926,17075352,2278224,3505797,TIMESTAMP'2023-01-01 00:00:00',TIMESTAMP'4000-01-01 00:00:00','N',1),
	 (7568285,5279067,2278224,3505803,TIMESTAMP'2017-01-01 00:00:00',TIMESTAMP'4000-01-01 00:00:00','N',1),
	 (8865009,5950014,2278224,3505803,TIMESTAMP'2018-01-01 00:00:00',TIMESTAMP'2022-12-31 00:00:00','N',1),
	 (8632739,5899320,2278224,3505803,TIMESTAMP'2015-01-01 00:00:00',TIMESTAMP'4000-01-01 00:00:00','N',1),
	 (8754936,5910325,2278224,3505803,TIMESTAMP'2015-01-01 00:00:00',TIMESTAMP'2022-12-31 00:00:00','N',1),
	 (10566888,7169762,2278224,3505803,TIMESTAMP'2015-08-01 00:00:00',TIMESTAMP'4000-01-01 00:00:00','N',1),
	 (16705673,9863885,2278224,3505803,TIMESTAMP'2015-01-01 00:00:00',TIMESTAMP'2023-12-31 00:00:00','N',1),
	 (16901197,9953868,2278224,3505803,TIMESTAMP'2015-01-01 00:00:00',TIMESTAMP'4000-01-01 00:00:00','N',1),
	 (27551984,17075352,2278224,3505803,TIMESTAMP'2023-01-01 00:00:00',TIMESTAMP'4000-01-01 00:00:00','N',1),
	 (7568367,5279067,2278224,3505885,TIMESTAMP'2017-01-01 00:00:00',TIMESTAMP'4000-01-01 00:00:00','N',1);
INSERT INTO PORTOWN.PP_PROV_NET_LOC_CYCLE (ID,PROV_NET_CYCLE_ID,PROV_ID,LOC_ID,START_DATE,END_DATE,"PRIMARY",LABEL_CLUSTER_ID) VALUES
	 (8865014,5950014,2278224,3505885,TIMESTAMP'2018-01-01 00:00:00',TIMESTAMP'2022-12-31 00:00:00','N',1),
	 (8632762,5899320,2278224,3505885,TIMESTAMP'2015-01-01 00:00:00',TIMESTAMP'4000-01-01 00:00:00','N',1),
	 (8754965,5910325,2278224,3505885,TIMESTAMP'2015-01-01 00:00:00',TIMESTAMP'2022-12-31 00:00:00','N',1),
	 (10595344,7169762,2278224,3505885,TIMESTAMP'2015-08-01 00:00:00',TIMESTAMP'4000-01-01 00:00:00','N',1),
	 (16705558,9863885,2278224,3505885,TIMESTAMP'2015-01-01 00:00:00',TIMESTAMP'2023-12-31 00:00:00','N',1),
	 (16901360,9953868,2278224,3505885,TIMESTAMP'2015-01-01 00:00:00',TIMESTAMP'4000-01-01 00:00:00','N',1),
	 (27552093,17075352,2278224,3505885,TIMESTAMP'2023-01-01 00:00:00',TIMESTAMP'4000-01-01 00:00:00','N',1),
	 (7568381,5279067,2278224,3505899,TIMESTAMP'2017-01-01 00:00:00',TIMESTAMP'4000-01-01 00:00:00','N',1),
	 (8865015,5950014,2278224,3505899,TIMESTAMP'2018-01-01 00:00:00',TIMESTAMP'2022-12-31 00:00:00','N',1),
	 (8632766,5899320,2278224,3505899,TIMESTAMP'2015-01-01 00:00:00',TIMESTAMP'4000-01-01 00:00:00','N',1);
INSERT INTO PORTOWN.PP_PROV_NET_LOC_CYCLE (ID,PROV_NET_CYCLE_ID,PROV_ID,LOC_ID,START_DATE,END_DATE,"PRIMARY",LABEL_CLUSTER_ID) VALUES
	 (8754967,5910325,2278224,3505899,TIMESTAMP'2015-01-01 00:00:00',TIMESTAMP'2022-12-31 00:00:00','N',1),
	 (10577304,7169762,2278224,3505899,TIMESTAMP'2015-08-01 00:00:00',TIMESTAMP'4000-01-01 00:00:00','N',1),
	 (16705504,9863885,2278224,3505899,TIMESTAMP'2015-01-01 00:00:00',TIMESTAMP'2023-12-31 00:00:00','N',1),
	 (16901472,9953868,2278224,3505899,TIMESTAMP'2015-01-01 00:00:00',TIMESTAMP'4000-01-01 00:00:00','N',1),
	 (27552043,17075352,2278224,3505899,TIMESTAMP'2023-01-01 00:00:00',TIMESTAMP'4000-01-01 00:00:00','N',1);


-- Insert data for prov_loc_specialties UDA
INSERT INTO PORTOWN.PP_PROV_LOC_ATTRIB (ID,PROV_ID,LOC_ID,ATTRIBUTE_ID) VALUES
	 (42452581,2278224,3503455,106877),
	 (42464450,2278224,3505371,106877),
	 (42447411,2278224,3503483,106877),
	 (42629215,2278224,3504080,106877),
	 (42617084,2278224,3504288,106877),
	 (42451312,2278224,3503273,106877),
	 (42629223,2278224,3502723,106877),
	 (42616044,2278224,3505869,106877),
	 (42625523,2278224,3505977,106877),
	 (42453978,2278224,3503163,106877);
INSERT INTO PORTOWN.PP_PROV_LOC_ATTRIB (ID,PROV_ID,LOC_ID,ATTRIBUTE_ID) VALUES
	 (42618154,2278224,3505797,106877),
	 (42619863,2278224,3505899,106877);

-- Insert the field values for the prov loc specialties UDA
INSERT INTO PORTOWN.PP_PROV_LOC_ATTRIB_VALUES (ID,PROV_LOC_ATTRIBUTE_ID,FIELD_ID,VALUE,VALUE_DATE,VALUE_NUMBER,LABEL_CLUSTER_ID) VALUES
	 (105065766,42616044,111355,'Multi-Specialty',NULL,NULL,1),
	 (105116399,42625523,111355,'Multi-Specialty',NULL,NULL,1),
	 (104395371,42453978,111355,'Multi-Specialty',NULL,NULL,1),
	 (104388180,42452581,111355,'Multi-Specialty',NULL,NULL,1),
	 (105137639,42629223,111355,'Multi-Specialty',NULL,NULL,1),
	 (104382890,42451312,111355,'Multi-Specialty',NULL,NULL,1),
	 (104365938,42447411,111355,'Multi-Specialty',NULL,NULL,1),
	 (105137588,42629215,111355,'Multi-Specialty',NULL,NULL,1),
	 (104438322,42464450,111355,'Multi-Specialty',NULL,NULL,1),
	 (105076410,42618154,111355,'Multi-Specialty',NULL,NULL,1);
INSERT INTO PORTOWN.PP_PROV_LOC_ATTRIB_VALUES (ID,PROV_LOC_ATTRIBUTE_ID,FIELD_ID,VALUE,VALUE_DATE,VALUE_NUMBER,LABEL_CLUSTER_ID) VALUES
	 (105071217,42617084,111355,'Multi-Specialty',NULL,NULL,1),
	 (105084689,42619863,111355,'Multi-Specialty',NULL,NULL,1);

-- Insert into PP_PROV_LOC_OFHOURS
INSERT INTO PORTOWN.PP_PROV_LOC_OFHOURS (ID,PROV_ID,LOC_ID,EVENT,DAYOFWEEK,"time") VALUES
	 (47415560,2278224,3505981,'O','MO','A0800'),
	 (47415561,2278224,3505981,'C','MO','P0500'),
	 (47415562,2278224,3505981,'O','TU','A0800'),
	 (47415563,2278224,3505981,'C','TU','P0500'),
	 (47415564,2278224,3505981,'O','WE','A0800'),
	 (47415565,2278224,3505981,'C','WE','P0500'),
	 (47415566,2278224,3505981,'O','TH','A0800'),
	 (47415567,2278224,3505981,'C','TH','P0500'),
	 (47415568,2278224,3505981,'O','FR','A0800'),
	 (47415569,2278224,3505981,'C','FR','P0500');
INSERT INTO PORTOWN.PP_PROV_LOC_OFHOURS (ID,PROV_ID,LOC_ID,EVENT,DAYOFWEEK,"time") VALUES
	 (47414050,2278224,3505830,'O','MO','A0800'),
	 (47414051,2278224,3505830,'C','MO','P0500'),
	 (47414052,2278224,3505830,'O','TU','A0800'),
	 (47414053,2278224,3505830,'C','TU','P0500'),
	 (47414054,2278224,3505830,'O','WE','A0800'),
	 (47414055,2278224,3505830,'C','WE','P0500'),
	 (47414056,2278224,3505830,'O','TH','A0800'),
	 (47414057,2278224,3505830,'C','TH','P0500'),
	 (47414058,2278224,3505830,'O','FR','A0800'),
	 (47414059,2278224,3505830,'C','FR','P0500');
INSERT INTO PORTOWN.PP_PROV_LOC_OFHOURS (ID,PROV_ID,LOC_ID,EVENT,DAYOFWEEK,"time") VALUES
	 (47414080,2278224,3505833,'O','MO','A0800'),
	 (47414081,2278224,3505833,'C','MO','P0500'),
	 (47414082,2278224,3505833,'O','TU','A0800'),
	 (47414083,2278224,3505833,'C','TU','P0500'),
	 (47414084,2278224,3505833,'O','WE','A0800'),
	 (47414085,2278224,3505833,'C','WE','P0500'),
	 (47414086,2278224,3505833,'O','TH','A0800'),
	 (47414087,2278224,3505833,'C','TH','P0500'),
	 (47414088,2278224,3505833,'O','FR','A0800'),
	 (47414089,2278224,3505833,'C','FR','P0500');
INSERT INTO PORTOWN.PP_PROV_LOC_OFHOURS (ID,PROV_ID,LOC_ID,EVENT,DAYOFWEEK,"time") VALUES
	 (47390755,2278224,3503483,'C','MO','P0500'),
	 (47390756,2278224,3503483,'O','TU','A0800'),
	 (47390757,2278224,3503483,'C','TU','P0500'),
	 (47390758,2278224,3503483,'O','WE','A0800'),
	 (47390759,2278224,3503483,'C','WE','P0500'),
	 (47390760,2278224,3503483,'O','TH','A0800'),
	 (47390761,2278224,3503483,'C','TH','P0500'),
	 (47390762,2278224,3503483,'O','FR','A0800'),
	 (47390763,2278224,3503483,'C','FR','P0500'),
	 (47396726,2278224,3504080,'O','MO','A0800');
INSERT INTO PORTOWN.PP_PROV_LOC_OFHOURS (ID,PROV_ID,LOC_ID,EVENT,DAYOFWEEK,"time") VALUES
	 (47396727,2278224,3504080,'C','MO','P0500'),
	 (47396728,2278224,3504080,'O','TU','A0800'),
	 (47396729,2278224,3504080,'C','TU','P0500'),
	 (47396730,2278224,3504080,'O','WE','A0800'),
	 (47396731,2278224,3504080,'C','WE','P0500'),
	 (47414360,2278224,3505861,'O','MO','A0800'),
	 (47414361,2278224,3505861,'C','MO','P0500'),
	 (47414362,2278224,3505861,'O','TU','A0800'),
	 (47414363,2278224,3505861,'C','TU','P0500'),
	 (47414364,2278224,3505861,'O','WE','A0800');
INSERT INTO PORTOWN.PP_PROV_LOC_OFHOURS (ID,PROV_ID,LOC_ID,EVENT,DAYOFWEEK,"time") VALUES
	 (47414365,2278224,3505861,'C','WE','P0500'),
	 (47414366,2278224,3505861,'O','TH','A0800'),
	 (47414367,2278224,3505861,'C','TH','P0500'),
	 (47414368,2278224,3505861,'O','FR','A0800'),
	 (47414369,2278224,3505861,'C','FR','P0500'),
	 (47414600,2278224,3505885,'O','MO','A0800'),
	 (47414601,2278224,3505885,'C','MO','P0500'),
	 (47414602,2278224,3505885,'O','TU','A0800'),
	 (47414603,2278224,3505885,'C','TU','P0500'),
	 (47414604,2278224,3505885,'O','WE','A0800');
INSERT INTO PORTOWN.PP_PROV_LOC_OFHOURS (ID,PROV_ID,LOC_ID,EVENT,DAYOFWEEK,"time") VALUES
	 (47414605,2278224,3505885,'C','WE','P0500'),
	 (47414606,2278224,3505885,'O','TH','A0800'),
	 (47414607,2278224,3505885,'C','TH','P0500'),
	 (47414608,2278224,3505885,'O','FR','A0800'),
	 (47414609,2278224,3505885,'C','FR','P0500'),
	 (47388144,2278224,3503223,'O','MO','A0800'),
	 (47388145,2278224,3503223,'C','MO','P0500'),
	 (47388146,2278224,3503223,'O','TU','A0800'),
	 (47388147,2278224,3503223,'C','TU','P0500'),
	 (47388148,2278224,3503223,'O','WE','A0800');
INSERT INTO PORTOWN.PP_PROV_LOC_OFHOURS (ID,PROV_ID,LOC_ID,EVENT,DAYOFWEEK,"time") VALUES
	 (47388149,2278224,3503223,'C','WE','P0500'),
	 (47388150,2278224,3503223,'O','TH','A0800'),
	 (47388151,2278224,3503223,'C','TH','P0500'),
	 (47388152,2278224,3503223,'O','FR','A0800'),
	 (47388153,2278224,3503223,'C','FR','P0500'),
	 (47409456,2278224,3505371,'O','MO','A0800'),
	 (47409457,2278224,3505371,'C','MO','P0500'),
	 (47409458,2278224,3505371,'O','TU','A0800'),
	 (47409459,2278224,3505371,'C','TU','P0500'),
	 (47409460,2278224,3505371,'O','WE','A0800');
INSERT INTO PORTOWN.PP_PROV_LOC_OFHOURS (ID,PROV_ID,LOC_ID,EVENT,DAYOFWEEK,"time") VALUES
	 (47409461,2278224,3505371,'C','WE','P0500'),
	 (47409462,2278224,3505371,'O','TH','A0800'),
	 (47409463,2278224,3505371,'C','TH','P0500'),
	 (47409464,2278224,3505371,'O','FR','A0800'),
	 (47409465,2278224,3505371,'C','FR','P0500'),
	 (47413720,2278224,3505797,'O','MO','A0800'),
	 (47413721,2278224,3505797,'C','MO','P0500'),
	 (47413722,2278224,3505797,'O','TU','A0800'),
	 (47413723,2278224,3505797,'C','TU','P0500'),
	 (47413724,2278224,3505797,'O','WE','A0800');
INSERT INTO PORTOWN.PP_PROV_LOC_OFHOURS (ID,PROV_ID,LOC_ID,EVENT,DAYOFWEEK,"time") VALUES
	 (47413725,2278224,3505797,'C','WE','P0500'),
	 (47413726,2278224,3505797,'O','TH','A0800'),
	 (47413727,2278224,3505797,'C','TH','P0500'),
	 (47413728,2278224,3505797,'O','FR','A0800'),
	 (47413729,2278224,3505797,'C','FR','P0500'),
	 (47413780,2278224,3505803,'O','MO','A0800'),
	 (47413781,2278224,3505803,'C','MO','P0500'),
	 (47413782,2278224,3505803,'O','TU','A0800'),
	 (47413783,2278224,3505803,'C','TU','P0500'),
	 (47413784,2278224,3505803,'O','WE','A0800');
INSERT INTO PORTOWN.PP_PROV_LOC_OFHOURS (ID,PROV_ID,LOC_ID,EVENT,DAYOFWEEK,"time") VALUES
	 (47413785,2278224,3505803,'C','WE','P0500'),
	 (47413786,2278224,3505803,'O','TH','A0800'),
	 (47413787,2278224,3505803,'C','TH','P0500'),
	 (47413788,2278224,3505803,'O','FR','A0800'),
	 (47413789,2278224,3505803,'C','FR','P0500'),
	 (47383934,2278224,3502802,'O','MO','A0800'),
	 (47383935,2278224,3502802,'C','MO','P0500'),
	 (47383936,2278224,3502802,'O','TU','A0800'),
	 (47383937,2278224,3502802,'C','TU','P0500'),
	 (47383938,2278224,3502802,'O','WE','A0800');
INSERT INTO PORTOWN.PP_PROV_LOC_OFHOURS (ID,PROV_ID,LOC_ID,EVENT,DAYOFWEEK,"time") VALUES
	 (47383939,2278224,3502802,'C','WE','P0500'),
	 (47383940,2278224,3502802,'O','TH','A0800'),
	 (47383941,2278224,3502802,'C','TH','P0500'),
	 (47383942,2278224,3502802,'O','FR','A0800'),
	 (47383943,2278224,3502802,'C','FR','P0500'),
	 (47390754,2278224,3503483,'O','MO','A0800'),
	 (187713571,2278224,3505869,'C','WE','P0400'),
	 (187713575,2278224,3505869,'O','TH','A0700'),
	 (187713577,2278224,3505869,'C','TH','P0400'),
	 (187713580,2278224,3505869,'O','TU','A0700');
INSERT INTO PORTOWN.PP_PROV_LOC_OFHOURS (ID,PROV_ID,LOC_ID,EVENT,DAYOFWEEK,"time") VALUES
	 (187713582,2278224,3505869,'C','TU','P0400'),
	 (187713585,2278224,3505869,'C','MO','P0400'),
	 (187713586,2278224,3505869,'O','MO','A0700'),
	 (187713587,2278224,3505869,'O','FR','A0700'),
	 (187713588,2278224,3505869,'C','FR','P0400'),
	 (187713570,2278224,3505869,'O','WE','A0700'),
	 (187738375,2278224,3505899,'O','MO','A0900'),
	 (187738376,2278224,3505899,'C','MO','P0500'),
	 (187738377,2278224,3505899,'O','TU','A0900'),
	 (187738378,2278224,3505899,'C','TU','P0500');
INSERT INTO PORTOWN.PP_PROV_LOC_OFHOURS (ID,PROV_ID,LOC_ID,EVENT,DAYOFWEEK,"time") VALUES
	 (187738379,2278224,3505899,'O','FR','A0900'),
	 (187738380,2278224,3505899,'C','FR','P0500'),
	 (187738381,2278224,3505899,'C','WE','P0500'),
	 (187738382,2278224,3505899,'O','WE','A0900'),
	 (187738383,2278224,3505899,'O','TH','A0900'),
	 (187738384,2278224,3505899,'C','TH','P0500'),
	 (187738385,2278224,3505899,'C','SA','P0500'),
	 (187738386,2278224,3505899,'O','SA','A0900'),
	 (51507083,2278224,3505371,'O','SA','A0000'),
	 (51507084,2278224,3505371,'C','SA','P1159');
INSERT INTO PORTOWN.PP_PROV_LOC_OFHOURS (ID,PROV_ID,LOC_ID,EVENT,DAYOFWEEK,"time") VALUES
	 (51507093,2278224,3505797,'O','SU','A0000'),
	 (51507096,2278224,3505797,'C','SU','P1159'),
	 (51507098,2278224,3505797,'O','SA','A0000'),
	 (51507100,2278224,3505797,'C','SA','P1159'),
	 (51507105,2278224,3505803,'O','SU','A0000'),
	 (51507106,2278224,3505803,'C','SU','P1159'),
	 (51507109,2278224,3505803,'O','SA','A0000'),
	 (51507110,2278224,3505803,'C','SA','P1159'),
	 (51507121,2278224,3505830,'O','SU','A0000'),
	 (51507122,2278224,3505830,'C','SU','P1159');
INSERT INTO PORTOWN.PP_PROV_LOC_OFHOURS (ID,PROV_ID,LOC_ID,EVENT,DAYOFWEEK,"time") VALUES
	 (51507123,2278224,3505830,'O','SA','A0000'),
	 (51507124,2278224,3505830,'C','SA','P1159'),
	 (51507137,2278224,3505833,'O','SU','A0000'),
	 (51507138,2278224,3505833,'C','SU','P1159'),
	 (51507139,2278224,3505833,'O','SA','A0000'),
	 (51507140,2278224,3505833,'C','SA','P1159'),
	 (51507149,2278224,3505861,'O','SU','A0000'),
	 (51507150,2278224,3505861,'C','SU','P1159'),
	 (51507153,2278224,3505861,'O','SA','A0000'),
	 (51507154,2278224,3505861,'C','SA','P1159');
INSERT INTO PORTOWN.PP_PROV_LOC_OFHOURS (ID,PROV_ID,LOC_ID,EVENT,DAYOFWEEK,"time") VALUES
	 (51507161,2278224,3505869,'O','SU','A0000'),
	 (51507163,2278224,3505869,'C','SU','P1159'),
	 (51507165,2278224,3505869,'O','SA','A0000'),
	 (51507166,2278224,3505869,'C','SA','P1159'),
	 (51507177,2278224,3505885,'O','SU','A0000'),
	 (51507178,2278224,3505885,'C','SU','P1159'),
	 (51507179,2278224,3505885,'O','SA','A0000'),
	 (51507180,2278224,3505885,'C','SA','P1159'),
	 (51507190,2278224,3505899,'O','SU','A0000'),
	 (51507192,2278224,3505899,'C','SU','P1159');
INSERT INTO PORTOWN.PP_PROV_LOC_OFHOURS (ID,PROV_ID,LOC_ID,EVENT,DAYOFWEEK,"time") VALUES
	 (51507203,2278224,3505977,'O','SU','A0000'),
	 (51507204,2278224,3505977,'C','SU','P1159'),
	 (51507207,2278224,3505977,'O','SA','A0000'),
	 (51507208,2278224,3505977,'C','SA','P1159'),
	 (51507215,2278224,3505981,'O','SU','A0000'),
	 (51507217,2278224,3505981,'C','SU','P1159'),
	 (51507219,2278224,3505981,'O','SA','A0000'),
	 (51507220,2278224,3505981,'C','SA','P1159'),
	 (187785047,2278224,3504080,'O','TH','A0800'),
	 (187785048,2278224,3504080,'C','TH','P0200');
INSERT INTO PORTOWN.PP_PROV_LOC_OFHOURS (ID,PROV_ID,LOC_ID,EVENT,DAYOFWEEK,"time") VALUES
	 (187785049,2278224,3504080,'C','FR','P0200'),
	 (187785050,2278224,3504080,'O','FR','A0800'),
	 (187785053,2278224,3502723,'O','WE','A0900'),
	 (187785054,2278224,3502723,'C','WE','P0500'),
	 (187785055,2278224,3502723,'C','TH','P0500'),
	 (187785056,2278224,3502723,'O','TH','A0900'),
	 (187785057,2278224,3502723,'C','TU','P0500'),
	 (187785058,2278224,3502723,'O','TU','A0900'),
	 (187785059,2278224,3502723,'C','MO','P0500'),
	 (187785060,2278224,3502723,'O','MO','A0900');
INSERT INTO PORTOWN.PP_PROV_LOC_OFHOURS (ID,PROV_ID,LOC_ID,EVENT,DAYOFWEEK,"time") VALUES
	 (187785061,2278224,3502723,'O','FR','A0900'),
	 (187785062,2278224,3502723,'C','FR','P0500'),
	 (187721246,2278224,3504288,'O','MO','A0900'),
	 (187721247,2278224,3504288,'C','MO','P0600'),
	 (187721248,2278224,3504288,'O','WE','A0900'),
	 (187721249,2278224,3504288,'C','WE','P0600'),
	 (187721250,2278224,3504288,'C','TU','P0600'),
	 (187721251,2278224,3504288,'O','TU','A0900'),
	 (187721252,2278224,3504288,'C','FR','P0600'),
	 (187721253,2278224,3504288,'O','FR','A0900');
INSERT INTO PORTOWN.PP_PROV_LOC_OFHOURS (ID,PROV_ID,LOC_ID,EVENT,DAYOFWEEK,"time") VALUES
	 (187721254,2278224,3504288,'O','SA','A0900'),
	 (187721255,2278224,3504288,'C','SA','P0200'),
	 (187721256,2278224,3504288,'O','TH','A0900'),
	 (187721257,2278224,3504288,'C','TH','P0600'),
	 (186601996,2278224,3503273,'O','MO','A0900'),
	 (186601997,2278224,3503273,'C','MO','P0500'),
	 (186601998,2278224,3503273,'O','TU','A0900'),
	 (186601999,2278224,3503273,'C','TU','P0500'),
	 (186602002,2278224,3503273,'O','FR','A0900'),
	 (186602004,2278224,3503273,'C','FR','P0500');
INSERT INTO PORTOWN.PP_PROV_LOC_OFHOURS (ID,PROV_ID,LOC_ID,EVENT,DAYOFWEEK,"time") VALUES
	 (186602008,2278224,3503273,'C','WE','P0500'),
	 (186602011,2278224,3503273,'O','WE','A0900'),
	 (186602015,2278224,3503273,'O','TH','A0900'),
	 (186602017,2278224,3503273,'C','TH','P0500'),
	 (186602024,2278224,3503273,'C','SA','P0000'),
	 (186602026,2278224,3503273,'O','SA','A0900'),
	 (186619530,2278224,3503163,'O','MO','A0000'),
	 (186619531,2278224,3503163,'C','MO','P1159'),
	 (186619532,2278224,3503163,'O','WE','A0000'),
	 (186619533,2278224,3503163,'C','WE','P1159');
INSERT INTO PORTOWN.PP_PROV_LOC_OFHOURS (ID,PROV_ID,LOC_ID,EVENT,DAYOFWEEK,"time") VALUES
	 (186619534,2278224,3503163,'O','TU','A0000'),
	 (186619535,2278224,3503163,'C','TU','P1159'),
	 (186619536,2278224,3503163,'C','FR','P1159'),
	 (186619537,2278224,3503163,'O','FR','A0000'),
	 (186619541,2278224,3503163,'O','TH','A0000'),
	 (186619543,2278224,3503163,'C','TH','P1159'),
	 (51506918,2278224,3502723,'O','SU','A0000'),
	 (51506920,2278224,3502723,'C','SU','P1159'),
	 (51506923,2278224,3502723,'O','SA','A0000'),
	 (51506924,2278224,3502723,'C','SA','P1159');
INSERT INTO PORTOWN.PP_PROV_LOC_OFHOURS (ID,PROV_ID,LOC_ID,EVENT,DAYOFWEEK,"time") VALUES
	 (51506933,2278224,3502802,'O','SU','A0000'),
	 (51506934,2278224,3502802,'C','SU','P1159'),
	 (51506939,2278224,3502802,'O','SA','A0000'),
	 (51506940,2278224,3502802,'C','SA','P1159'),
	 (51506943,2278224,3503163,'O','SU','A0000'),
	 (51506944,2278224,3503163,'C','SU','P1159'),
	 (51506947,2278224,3503163,'O','SA','A0000'),
	 (51506948,2278224,3503163,'C','SA','P1159'),
	 (51506954,2278224,3503223,'O','SU','A0000'),
	 (51506955,2278224,3503223,'C','SU','P1159');
INSERT INTO PORTOWN.PP_PROV_LOC_OFHOURS (ID,PROV_ID,LOC_ID,EVENT,DAYOFWEEK,"time") VALUES
	 (51506959,2278224,3503223,'O','SA','A0000'),
	 (51506961,2278224,3503223,'C','SA','P1159'),
	 (51506969,2278224,3503273,'O','SU','A0000'),
	 (51506970,2278224,3503273,'C','SU','P1159'),
	 (51506982,2278224,3503455,'O','SU','A0000'),
	 (51506984,2278224,3503455,'C','SU','P1159'),
	 (51507034,2278224,3503483,'O','SU','A0000'),
	 (51507036,2278224,3503483,'C','SU','P1159'),
	 (51507039,2278224,3503483,'O','SA','A0000'),
	 (51507040,2278224,3503483,'C','SA','P1159');
INSERT INTO PORTOWN.PP_PROV_LOC_OFHOURS (ID,PROV_ID,LOC_ID,EVENT,DAYOFWEEK,"time") VALUES
	 (51507049,2278224,3504080,'O','SU','A0000'),
	 (51507050,2278224,3504080,'C','SU','P1159'),
	 (51507053,2278224,3504080,'O','SA','A0000'),
	 (51507054,2278224,3504080,'C','SA','P1159'),
	 (51507065,2278224,3504288,'O','SU','A0000'),
	 (51507066,2278224,3504288,'C','SU','P1159'),
	 (51507081,2278224,3505371,'O','SU','A0000'),
	 (51507082,2278224,3505371,'C','SU','P1159'),
	 (186610344,2278224,3503455,'O','MO','A0730'),
	 (186610345,2278224,3503455,'C','MO','P0530');
INSERT INTO PORTOWN.PP_PROV_LOC_OFHOURS (ID,PROV_ID,LOC_ID,EVENT,DAYOFWEEK,"time") VALUES
	 (186610348,2278224,3503455,'O','WE','A0730'),
	 (186610349,2278224,3503455,'C','WE','P0530'),
	 (186610352,2278224,3503455,'C','TU','P0430'),
	 (186610354,2278224,3503455,'O','TU','A0730'),
	 (186610358,2278224,3503455,'C','FR','P0530'),
	 (186610360,2278224,3503455,'O','FR','A0730'),
	 (186610363,2278224,3503455,'O','SA','A0800'),
	 (186610365,2278224,3503455,'C','SA','P0000'),
	 (186610368,2278224,3503455,'O','TH','A0730'),
	 (186610369,2278224,3503455,'C','TH','P0430');
INSERT INTO PORTOWN.PP_PROV_LOC_OFHOURS (ID,PROV_ID,LOC_ID,EVENT,DAYOFWEEK,"time") VALUES
	 (187767910,2278224,3505977,'C','WE','P0500'),
	 (187767911,2278224,3505977,'C','TU','P0500'),
	 (187767912,2278224,3505977,'O','TU','A0900'),
	 (187767913,2278224,3505977,'O','FR','A0900'),
	 (187767909,2278224,3505977,'O','WE','A0900'),
	 (187767914,2278224,3505977,'C','FR','P0500'),
	 (187767915,2278224,3505977,'O','MO','A0900'),
	 (187767916,2278224,3505977,'C','MO','P0500'),
	 (187767917,2278224,3505977,'C','TH','P0500'),
	 (187767918,2278224,3505977,'O','TH','A0900');
