INSERT INTO PORTOWN.PP_PRAC (ID,FNAME,MNAME,LNAME,XNAME,"degree",SEX,DOB,SSN,EMAIL,SALUTATION,LABEL_CLUSTER_ID,PRAC_TYPE_ID,NARRATIVE) VALUES
	 (3055745,'Kimberly','J','Fordham',NULL,'MD','F',TIMESTAMP'1972-09-23 00:00:00',NULL,NULL,NULL,1,NULL,NULL);

INSERT INTO PORTOWN.PP_ADDR (ID,"type",ADDR1,ADDR2,CITY_ID,COUNTY_ID,ZIP,PLUS4,ADDR3,POSTAL_CODE,COUNTRY_ID,START_DATE,END_DATE,LATITUDE,LONGITUDE,UGLY_ADDR1,UGLY_ADDR2,COUNTY_FIPS,LATITUDE7,LONGITUDE7) VALUES
	 (13283606,'MAILING','15230 Lakeshore Dr',NULL,3798,964,'95422','8107',NULL,NULL,1,TIMESTAMP'1800-01-01 00:00:00',TIMESTAMP'4000-01-01 00:00:00',38.95,-122.627,'15230 Lakeshore Dr',NULL,'06033',38.94997,-122.6269);

INSERT INTO PORTOWN.PP_PHONES (ID,"type",AREACODE,EXCHANGE,NUM,EXTENSION,"FOREIGN",COUNTRY_CODE,FOREIGN_PHONE) VALUES
	 (17563774,'PHONE','707','995','4500',NULL,'N',1,NULL);

INSERT INTO PORTOWN.PP_ADDR_PHONES (ADDRESS_ID,PHONE_ID) VALUES
	 (13283606,17563774);

INSERT INTO PORTOWN.PP_PRAC_ADDR (PRAC_ID,ADDRESS_ID) VALUES
	 (3055745,13283606);

INSERT INTO PORTOWN.PP_ADDR (ID,"type",ADDR1,ADDR2,CITY_ID,COUNTY_ID,ZIP,PLUS4,ADDR3,POSTAL_CODE,COUNTRY_ID,START_DATE,END_DATE,LATITUDE,LONGITUDE,UGLY_ADDR1,UGLY_ADDR2,COUNTY_FIPS,LATITUDE7,LONGITUDE7) VALUES
	 (13233679,'MAIN','21337 Bush St.',NULL,13127,964,'95461',NULL,NULL,NULL,1,TIMESTAMP'1800-01-01 00:00:00',TIMESTAMP'4000-01-01 00:00:00',38.748,-122.617,'21337 Bush St',NULL,'06033',38.748474,-122.617348),
	 --(4695645,'MAIN','15230 Lakeshore Dr',NULL,3798,964,'95422','8107',NULL,NULL,1,TIMESTAMP'1800-01-01 00:00:00',TIMESTAMP'4000-01-01 00:00:00',38.95,-122.627,'15230 Lakeshore Dr',NULL,'06033',38.94997,-122.6269),
	 (10288432,'MAIN','21337 Bush Street',NULL,13127,964,'95461',NULL,NULL,NULL,1,TIMESTAMP'1800-01-01 00:00:00',TIMESTAMP'4000-01-01 00:00:00',38.748,-122.617,'21337 Bush St',NULL,'06033',38.748474,-122.617348);

INSERT INTO PORTOWN.PP_PROV_TIN_LOC (ID,TIN_ID,ADDRESS_ID,NAME,"PRIMARY",PRINT_SUPPRESS,OFFICE_MGR,TRAIN,BUS,TRANSIT_ROUTE,HANDICAP,LABEL_CLUSTER_ID,PROV_TIN_PRC_CONT_ID) VALUES
	 -- (3518957,1794145,4695645,'DIRECT NETWORK: LAKE','N',NULL,NULL,NULL,NULL,NULL,NULL,1,NULL),
	 (7879542,1794145,10288432,'Direct Network Lake','N','N',NULL,'N','N',NULL,'Y',1,NULL),
	 (10640351,1794145,13233679,'DIRECT NETWORK: LAKE','N',NULL,NULL,NULL,NULL,NULL,NULL,1,NULL);



INSERT INTO PORTOWN.PP_PRAC_LOC (PRAC_ID,PROV_ID,LOC_ID,"PRIMARY",PRINT_SUPPRESS,START_DATE,END_DATE,LABEL_CLUSTER_ID) VALUES
	 (3055745,2278168,3518957,'N','N',TIMESTAMP'2015-01-01 00:00:00',TIMESTAMP'4000-01-01 00:00:00',1),
	 (3055745,2278168,7879542,'N','N',TIMESTAMP'2022-04-01 00:00:00',TIMESTAMP'4000-01-01 00:00:00',1),
	 (3055745,2278168,10640351,NULL,'N',TIMESTAMP'1995-06-01 00:00:00',TIMESTAMP'4000-01-01 00:00:00',1);

INSERT INTO PORTOWN.PP_PRAC_NET_CYCLE (ID,PRAC_ID,NET_ID,START_DATE,END_DATE,STATUS,LABEL_CLUSTER_ID) VALUES
	 (8130542,3055745,4179,TIMESTAMP'2017-01-01 00:00:00',TIMESTAMP'4000-01-01 00:00:00','Par',1),
	 (8561903,3055745,5256,TIMESTAMP'2015-01-01 00:00:00',TIMESTAMP'2022-12-31 00:00:00','Par',1),
	 (14299292,3055745,8242,TIMESTAMP'2015-01-01 00:00:00',TIMESTAMP'4000-01-01 00:00:00','Par',1),
	 (14299293,3055745,9716,TIMESTAMP'2015-01-01 00:00:00',TIMESTAMP'2023-12-31 00:00:00','Par',1);

INSERT INTO PORTOWN.PP_PRAC_NET_LOC_CYCLE (ID,PRAC_ID,PROV_ID,LOC_ID,PRAC_NET_CYCLE_ID,START_DATE,END_DATE,"PRIMARY",LABEL_CLUSTER_ID) VALUES
	 (12285595,3055745,2278168,3518957,8130542,TIMESTAMP'2017-01-01 00:00:00',TIMESTAMP'4000-01-01 00:00:00','N',1),
	 (13451663,3055745,2278168,3518957,8561903,TIMESTAMP'2015-01-01 00:00:00',TIMESTAMP'2022-12-31 00:00:00','N',1),
	 (56283440,3055745,2278168,7879542,8561903,TIMESTAMP'2022-04-01 00:00:00',TIMESTAMP'2022-12-31 00:00:00','N',1),
	 (33153470,3055745,2278168,3518957,14299292,TIMESTAMP'2015-01-01 00:00:00',TIMESTAMP'2022-03-31 00:00:00','N',1),
	 (56289587,3055745,2278168,7879542,14299292,TIMESTAMP'2022-04-01 00:00:00',TIMESTAMP'2025-09-19 00:00:00','N',1),
	 (97456730,3055745,2278168,10640351,14299292,TIMESTAMP'2022-04-01 00:00:00',TIMESTAMP'2025-09-19 00:00:00','N',1),
	 (33153471,3055745,2278168,3518957,14299293,TIMESTAMP'2015-01-01 00:00:00',TIMESTAMP'2023-12-31 00:00:00','N',1),
	 (56289586,3055745,2278168,7879542,14299293,TIMESTAMP'2022-04-01 00:00:00',TIMESTAMP'2023-12-31 00:00:00','N',1);

INSERT INTO PORTOWN.PP_PRAC_ATTRIB (ID,PRAC_ID,ATTRIBUTE_ID) VALUES
	 (13865431,3055745,501),
	 (15655754,3055745,103279);

INSERT INTO PORTOWN.PP_PRAC_ATTRIB_VALUES (ID,PRAC_ATTRIBUTE_ID,FIELD_ID,VALUE,VALUE_DATE,VALUE_NUMBER,LABEL_CLUSTER_ID) VALUES
	 (23552480,13865431,703,'11/07/2019',TIMESTAMP'2019-11-07 00:00:00',NULL,1),
	 (23552481,13865431,701,'1376568808',NULL,1376568808,1),
	 (23552482,13865431,704,'01/01/4000',TIMESTAMP'4000-01-01 00:00:00',NULL,1),
	 (23552483,13865431,702,'Type 1',NULL,NULL,1),
	 (26700515,15655754,105838,'P105263',NULL,NULL,1);

INSERT INTO PORTOWN.PP_PRAC_LOC_ATTRIB (ID,PRAC_ID,PROV_ID,LOC_ID,ATTRIBUTE_ID) VALUES
	 (47273387,3055745,2278168,10640351,107097);

INSERT INTO PORTOWN.PP_PRAC_LOC_ATTRIB_VALUES (ID,PRAC_LOC_ATTRIBUTE_ID,FIELD_ID,VALUE,VALUE_DATE,VALUE_NUMBER,LABEL_CLUSTER_ID) VALUES
	 (112869509,47273387,111635,'Y',NULL,NULL,1),
	 (112869511,47273387,111636,'Family Medicine',NULL,NULL,1);
