INSERT INTO PORTOWN.PP_PRAC (ID,FNAME,MNAME,LNAME,XNAME,"DEGREE",SEX,DOB,SSN,EMAIL,SALUTATION,LABEL_CLUSTER_ID,PRAC_TYPE_ID,NARRATIVE) VALUES
	 (3235639,'Lemuel','C','Martin',NULL,'PT','M',TIMESTAMP'1958-07-31 00:00:00','549-33-4254',NULL,NULL,1,NULL,NULL);

INSERT INTO PORTOWN.PP_ADDR (ID,"TYPE",ADDR1,ADDR2,CITY_ID,COUNTY_ID,ZIP,PLUS4,ADDR3,POSTAL_CODE,COUNTRY_ID,START_DATE,END_DATE,LATITUDE,LONGITUDE,UGLY_ADDR1,UGLY_ADDR2,COUNTY_FIPS,LATITUDE7,LONGITUDE7) VALUES
	 (13360378,'MAILING','PO BOX 1560',NULL,10980,964,'95453',NULL,NULL,NULL,1,TIMESTAMP'1800-01-01 00:00:00',TIMESTAMP'4000-01-01 00:00:00',39.049,-122.927,'PO Box 1560',NULL,'06033',39.048565,-122.926727);

-- No phones to be inserted
-- No PP_ADDR_PHONES data to be inserted

INSERT INTO PORTOWN.PP_PRAC_ADDR (PRAC_ID,ADDRESS_ID) VALUES
	 (3235639,13360378);

INSERT INTO PORTOWN.PP_PRAC_LOC (PRAC_ID,PROV_ID,LOC_ID,"PRIMARY",PRINT_SUPPRESS,START_DATE,END_DATE,LABEL_CLUSTER_ID) VALUES
	 (3235639,2278168,3542414,NULL,'Y',TIMESTAMP'2015-01-01 00:00:00',TIMESTAMP'4000-01-01 00:00:00',1),
	 (3235639,2278168,5295853,'N','N',TIMESTAMP'2015-01-01 00:00:00',TIMESTAMP'2017-01-29 00:00:00',1);

INSERT INTO PORTOWN.PP_PRAC_NET_CYCLE (ID,PRAC_ID,NET_ID,START_DATE,END_DATE,STATUS,LABEL_CLUSTER_ID) VALUES
	 (8113498,3235639,4179,TIMESTAMP'2017-01-01 00:00:00',TIMESTAMP'4000-01-01 00:00:00','Par',1),
	 (8855192,3235639,5256,TIMESTAMP'2017-01-30 00:00:00',TIMESTAMP'2022-12-31 00:00:00','Par',1),
	 (14183928,3235639,9716,TIMESTAMP'2015-01-01 00:00:00',TIMESTAMP'2023-12-31 00:00:00','Par',1),
	 (14183926,3235639,8242,TIMESTAMP'2015-01-01 00:00:00',TIMESTAMP'4000-01-01 00:00:00','Par',1);

INSERT INTO PORTOWN.PP_PRAC_NET_LOC_CYCLE (ID,PRAC_ID,PROV_ID,LOC_ID,PRAC_NET_CYCLE_ID,START_DATE,END_DATE,"PRIMARY",LABEL_CLUSTER_ID) VALUES
	 (12267690,3235639,2278168,3542414,8113498,TIMESTAMP'2017-01-01 00:00:00',TIMESTAMP'4000-01-01 00:00:00','N',1),
	 (14317911,3235639,2278168,3542414,8855192,TIMESTAMP'2017-01-30 00:00:00',TIMESTAMP'2022-12-31 00:00:00','N',1),
	 (32861944,3235639,2278168,3542414,14183928,TIMESTAMP'2015-01-01 00:00:00',TIMESTAMP'2023-12-31 00:00:00','N',1),
	 (29809721,3235639,2278168,5295853,8855192,TIMESTAMP'2015-01-01 00:00:00',TIMESTAMP'2022-12-31 00:00:00','N',1),
	 (32861936,3235639,2278168,5295853,14183926,TIMESTAMP'2015-01-01 00:00:00',TIMESTAMP'2017-01-29 00:00:00','N',1),
	 (32861939,3235639,2278168,3542414,14183926,TIMESTAMP'2015-01-01 00:00:00',TIMESTAMP'2025-09-19 00:00:00','N',1),
	 (32861941,3235639,2278168,5295853,14183928,TIMESTAMP'2015-01-01 00:00:00',TIMESTAMP'2023-12-31 00:00:00','N',1);

INSERT INTO PORTOWN.PP_PRAC_ATTRIB (ID,PRAC_ID,ATTRIBUTE_ID) VALUES
	 (15379165,3235639,501),
	 (15662498,3235639,103279);

INSERT INTO PORTOWN.PP_PRAC_ATTRIB_VALUES (ID,PRAC_ATTRIBUTE_ID,FIELD_ID,VALUE,VALUE_DATE,VALUE_NUMBER,LABEL_CLUSTER_ID) VALUES
	 (26290313,15379165,701,'1083622039',NULL,1083622039,1),
	 (26290314,15379165,702,'Type 1',NULL,NULL,1),
	 (69037277,15379165,703,'08/04/2006',TIMESTAMP'2006-08-04 00:00:00',NULL,1),
	 (26707294,15662498,105838,'P075854',NULL,NULL,1);

INSERT INTO PORTOWN.PP_PRAC_LOC_ATTRIB (ID,PRAC_ID,PROV_ID,LOC_ID,ATTRIBUTE_ID) VALUES
	 (47272551,3235639,2278168,3542414,107097);

INSERT INTO PORTOWN.PP_PRAC_LOC_ATTRIB_VALUES (ID,PRAC_LOC_ATTRIBUTE_ID,FIELD_ID,VALUE,VALUE_DATE,VALUE_NUMBER,LABEL_CLUSTER_ID) VALUES
	 (112868493,47272551,111635,'Y',NULL,NULL,1),
	 (112868494,47272551,111636,'Physical Therapist',NULL,NULL,1);
