INSERT INTO PORTOWN.PP_PRAC (ID,FNAME,MNAME,LNAME,XNAME,"degree",SEX,DOB,SSN,EMAIL,SALUTATION,LABEL_CLUSTER_ID,PRAC_TYPE_ID,NARRATIVE) VALUES
	 (3246689,'Michael','T','Dunlap',NULL,'MD','M',TIMESTAMP'1966-02-12 00:00:00',NULL,NULL,NULL,1,NULL,NULL);

INSERT INTO PORTOWN.PP_ADDR (ID,"type",ADDR1,ADDR2,CITY_ID,COUNTY_ID,ZIP,PLUS4,ADDR3,POSTAL_CODE,COUNTRY_ID,START_DATE,END_DATE,LATITUDE,LONGITUDE,UGLY_ADDR1,UGLY_ADDR2,COUNTY_FIPS,LATITUDE7,LONGITUDE7) VALUES
	 (13295700,'MAILING','3330 Lomita Blvd',NULL,20973,1031,'90505','5002',NULL,NULL,1,TIMESTAMP'1800-01-01 00:00:00',TIMESTAMP'4000-01-01 00:00:00',33.812,-118.344,'3330 Lomita Blvd',NULL,'06037',33.812351,-118.344414);

INSERT INTO PORTOWN.PP_PHONES (ID,"TYPE",AREACODE,EXCHANGE,NUM,EXTENSION,"FOREIGN",COUNTRY_CODE,FOREIGN_PHONE) VALUES
	 (17630745,'FAX','310','784','3749',NULL,'N',1,NULL),
	 (17630741,'PHONE','310','517','4649',NULL,'N',1,NULL);

INSERT INTO PORTOWN.PP_ADDR_PHONES (ADDRESS_ID,PHONE_ID) VALUES
	 (13295700,17630741),
	 (13295700,17630745);

INSERT INTO PORTOWN.PP_PRAC_ADDR (PRAC_ID,ADDRESS_ID) VALUES
	 (3246689,13295700);

INSERT INTO PORTOWN.PP_ADDR (ID,"type",ADDR1,ADDR2,CITY_ID,COUNTY_ID,ZIP,PLUS4,ADDR3,POSTAL_CODE,COUNTRY_ID,START_DATE,END_DATE,LATITUDE,LONGITUDE,UGLY_ADDR1,UGLY_ADDR2,COUNTY_FIPS,LATITUDE7,LONGITUDE7) VALUES
	 (4679710,'MAIN','3330 Lomita Blvd',NULL,20973,1031,'90505','5002',NULL,NULL,1,TIMESTAMP'1800-01-01 00:00:00',TIMESTAMP'4000-01-01 00:00:00',33.812,-118.344,'3330 Lomita Blvd',NULL,'06037',33.812351,-118.344414);

INSERT INTO PORTOWN.PP_PROV_TIN_LOC (ID,TIN_ID,ADDRESS_ID,NAME,"PRIMARY",PRINT_SUPPRESS,OFFICE_MGR,TRAIN,BUS,TRANSIT_ROUTE,HANDICAP,LABEL_CLUSTER_ID,PROV_TIN_PRC_CONT_ID) VALUES
	 (3503163,1794145,4679710,'Health Net Direct Network','N',NULL,NULL,NULL,NULL,NULL,NULL,1,NULL);


INSERT INTO PORTOWN.PP_PRAC_LOC (PRAC_ID,PROV_ID,LOC_ID,"PRIMARY",PRINT_SUPPRESS,START_DATE,END_DATE,LABEL_CLUSTER_ID) VALUES
	 (3246689,2278224,3503163,NULL,'N',TIMESTAMP'2015-01-01 00:00:00',TIMESTAMP'4000-01-01 00:00:00',1);

INSERT INTO PORTOWN.PP_PRAC_NET_CYCLE (ID,PRAC_ID,NET_ID,START_DATE,END_DATE,STATUS,LABEL_CLUSTER_ID) VALUES
	 (8126708,3246689,4179,TIMESTAMP'2017-01-01 00:00:00',TIMESTAMP'4000-01-01 00:00:00','Par',1),
	 (8858754,3246689,5256,TIMESTAMP'2015-01-01 00:00:00',TIMESTAMP'2022-12-31 00:00:00','Par',1),
	 (12266641,3246689,8246,TIMESTAMP'2015-01-01 00:00:00',TIMESTAMP'4000-01-01 00:00:00','Par',1),
	 (9854383,3246689,4945,TIMESTAMP'2015-01-01 00:00:00',TIMESTAMP'4000-01-01 00:00:00','Par',1),
	 (12266635,3246689,8219,TIMESTAMP'2015-01-01 00:00:00',TIMESTAMP'4000-01-01 00:00:00','Par',1),
	 (12266636,3246689,8237,TIMESTAMP'2015-01-01 00:00:00',TIMESTAMP'4000-01-01 00:00:00','Par',1),
	 (12266637,3246689,8238,TIMESTAMP'2015-01-01 00:00:00',TIMESTAMP'4000-01-01 00:00:00','Par',1),
	 (12266638,3246689,8239,TIMESTAMP'2015-01-01 00:00:00',TIMESTAMP'4000-01-01 00:00:00','Par',1),
	 (12266639,3246689,8243,TIMESTAMP'2015-01-01 00:00:00',TIMESTAMP'4000-01-01 00:00:00','Par',1),
	 (12266640,3246689,8245,TIMESTAMP'2015-01-01 00:00:00',TIMESTAMP'4000-01-01 00:00:00','Par',1);
INSERT INTO PORTOWN.PP_PRAC_NET_CYCLE (ID,PRAC_ID,NET_ID,START_DATE,END_DATE,STATUS,LABEL_CLUSTER_ID) VALUES
	 (13654069,3246689,7016,TIMESTAMP'2015-04-01 00:00:00',TIMESTAMP'2015-07-31 00:00:00','Par',1),
	 (13654070,3246689,6356,TIMESTAMP'2015-01-01 00:00:00',TIMESTAMP'2015-07-31 00:00:00','Par',1),
	 (14268918,3246689,8242,TIMESTAMP'2015-01-01 00:00:00',TIMESTAMP'4000-01-01 00:00:00','Par',1),
	 (14268921,3246689,9716,TIMESTAMP'2015-01-01 00:00:00',TIMESTAMP'2023-12-31 00:00:00','Par',1);

INSERT INTO PORTOWN.PP_PRAC_NET_LOC_CYCLE (ID,PRAC_ID,PROV_ID,LOC_ID,PRAC_NET_CYCLE_ID,START_DATE,END_DATE,"PRIMARY",LABEL_CLUSTER_ID) VALUES
	 (12281701,3246689,2278224,3503163,8126708,TIMESTAMP'2017-01-01 00:00:00',TIMESTAMP'4000-01-01 00:00:00','Y',1),
	 (14324155,3246689,2278224,3503163,8858754,TIMESTAMP'2015-01-01 00:00:00',TIMESTAMP'2022-12-31 00:00:00','Y',1),
	 (24387787,3246689,2278224,3503163,12266639,TIMESTAMP'2015-01-01 00:00:00',TIMESTAMP'2025-09-19 00:00:00','Y',1),
	 (16954093,3246689,2278224,3503163,9854383,TIMESTAMP'2015-01-01 00:00:00',TIMESTAMP'4000-01-01 00:00:00','Y',1),
	 (24387777,3246689,2278224,3503163,12266635,TIMESTAMP'2015-01-01 00:00:00',TIMESTAMP'2025-09-19 00:00:00','Y',1),
	 (24387780,3246689,2278224,3503163,12266636,TIMESTAMP'2015-01-01 00:00:00',TIMESTAMP'2025-09-19 00:00:00','Y',1),
	 (24387782,3246689,2278224,3503163,12266637,TIMESTAMP'2015-01-01 00:00:00',TIMESTAMP'2025-09-19 00:00:00','Y',1),
	 (24387784,3246689,2278224,3503163,12266638,TIMESTAMP'2015-01-01 00:00:00',TIMESTAMP'2025-09-19 00:00:00','Y',1),
	 (24387790,3246689,2278224,3503163,12266640,TIMESTAMP'2015-01-01 00:00:00',TIMESTAMP'2025-09-19 00:00:00','Y',1),
	 (24387794,3246689,2278224,3503163,12266641,TIMESTAMP'2015-01-01 00:00:00',TIMESTAMP'2025-09-19 00:00:00','Y',1);
INSERT INTO PORTOWN.PP_PRAC_NET_LOC_CYCLE (ID,PRAC_ID,PROV_ID,LOC_ID,PRAC_NET_CYCLE_ID,START_DATE,END_DATE,"PRIMARY",LABEL_CLUSTER_ID) VALUES
	 (33070868,3246689,2278224,3503163,14268921,TIMESTAMP'2015-01-01 00:00:00',TIMESTAMP'2023-12-31 00:00:00','Y',1),
	 (29693650,3246689,2278224,3503163,13654069,TIMESTAMP'2015-04-01 00:00:00',TIMESTAMP'2015-07-31 00:00:00','Y',1),
	 (29693651,3246689,2278224,3503163,13654070,TIMESTAMP'2015-01-01 00:00:00',TIMESTAMP'2015-07-31 00:00:00','Y',1),
	 (33070845,3246689,2278224,3503163,14268918,TIMESTAMP'2015-01-01 00:00:00',TIMESTAMP'2025-09-19 00:00:00','Y',1);

INSERT INTO PORTOWN.PP_PRAC_ATTRIB (ID,PRAC_ID,ATTRIBUTE_ID) VALUES
	 (15459351,3246689,501),
	 (15673506,3246689,103279);

INSERT INTO PORTOWN.PP_PRAC_ATTRIB_VALUES (ID,PRAC_ATTRIBUTE_ID,FIELD_ID,VALUE,VALUE_DATE,VALUE_NUMBER,LABEL_CLUSTER_ID) VALUES
	 (26406238,15459351,701,'1912002544',NULL,1912002544,1),
	 (26406239,15459351,702,'Type 1',NULL,NULL,1),
	 (36521901,15459351,703,'03/23/2024',TIMESTAMP'2024-03-23 00:00:00',NULL,1),
	 (26718305,15673506,105838,'P099112',NULL,NULL,1);

INSERT INTO PORTOWN.PP_PRAC_LOC_ATTRIB (ID,PRAC_ID,PROV_ID,LOC_ID,ATTRIBUTE_ID) VALUES
	 (46490907,3246689,2278224,3503163,107097);

INSERT INTO PORTOWN.PP_PRAC_LOC_ATTRIB_VALUES (ID,PRAC_LOC_ATTRIBUTE_ID,FIELD_ID,VALUE,VALUE_DATE,VALUE_NUMBER,LABEL_CLUSTER_ID) VALUES
	 (111659852,46490907,111635,'Y',NULL,NULL,1),
	 (111659854,46490907,111636,'Pathology: Clinical Pathology',NULL,NULL,1);
