INSERT INTO PORTOWN.PP_PRAC (ID,FNAME,MNAME,LNAME,XNAME,"DEGREE",SEX,DOB,SSN,EMAIL,SALUTATION,LABEL_CLUSTER_ID,PRAC_TYPE_ID,NARRATIVE) VALUES
	 (730072,'Megan','E','Lee',NULL,'PA','F',TIMESTAMP'1984-07-16 00:00:00',NULL,NULL,NULL,1,NULL,NULL);

-- NO ADDRESS OR PHONES FOR THE PRACTITIONER

INSERT INTO PORTOWN.PP_ADDR (ID,"TYPE",ADDR1,ADDR2,CITY_ID,COUNTY_ID,ZIP,PLUS4,ADDR3,POSTAL_CODE,COUNTRY_ID,START_DATE,END_DATE,LATITUDE,LONGITUDE,UGLY_ADDR1,UGLY_ADDR2,COUNTY_FIPS,LATITUDE7,LONGITUDE7) VALUES
	 (25764,'MAIN','55 Fogg Rd',NULL,19629,1242,'02190','2432',NULL,NULL,1,TIMESTAMP'1800-01-01 00:00:00',TIMESTAMP'4000-01-01 00:00:00',42.176,-70.954,'55 Fogg RD',NULL,'25021',42.175716,-70.954216);

INSERT INTO PORTOWN.PP_PROV_TIN_LOC (ID,TIN_ID,ADDRESS_ID,NAME,"PRIMARY",PRINT_SUPPRESS,OFFICE_MGR,TRAIN,BUS,TRANSIT_ROUTE,HANDICAP,LABEL_CLUSTER_ID,PROV_TIN_PRC_CONT_ID) VALUES
	 (14684,10826,25764,'South Shore Hospital','Y',NULL,NULL,'N','N',NULL,'Y',1,NULL);

INSERT INTO PORTOWN.PP_PRAC_LOC (PRAC_ID,PROV_ID,LOC_ID,"PRIMARY",PRINT_SUPPRESS,START_DATE,END_DATE,LABEL_CLUSTER_ID) VALUES
	 (730072,10963,14684,'N','Y',TIMESTAMP'2009-07-01 00:00:00',TIMESTAMP'4000-01-01 00:00:00',1);

INSERT INTO PORTOWN.PP_PRAC_NET_CYCLE (ID,PRAC_ID,NET_ID,START_DATE,END_DATE,STATUS,LABEL_CLUSTER_ID) VALUES
	 (1491628,730072,169,TIMESTAMP'2010-02-01 00:00:00',TIMESTAMP'2015-01-31 00:00:00','Nonpar',1),
	 (1491629,730072,111,TIMESTAMP'2009-07-01 00:00:00',TIMESTAMP'2015-01-31 00:00:00','Nonpar',1),
	 (5818695,730072,3676,TIMESTAMP'2015-08-04 00:00:00',TIMESTAMP'4000-01-01 00:00:00','Par',1),
	 (5818696,730072,900,TIMESTAMP'2015-08-04 00:00:00',TIMESTAMP'4000-01-01 00:00:00','Par',1);

INSERT INTO PORTOWN.PP_PRAC_NET_LOC_CYCLE (ID,PRAC_ID,PROV_ID,LOC_ID,PRAC_NET_CYCLE_ID,START_DATE,END_DATE,"PRIMARY",LABEL_CLUSTER_ID) VALUES
	 (1186736,730072,10963,14684,1491628,TIMESTAMP'2010-02-01 00:00:00',TIMESTAMP'2015-01-31 00:00:00','N',1),
	 (1186757,730072,10963,14684,1491629,TIMESTAMP'2009-07-01 00:00:00',TIMESTAMP'2015-01-31 00:00:00','N',1),
	 (8894226,730072,10963,14684,5818695,TIMESTAMP'2015-08-04 00:00:00',TIMESTAMP'4000-01-01 00:00:00','N',1),
	 (8894184,730072,10963,14684,5818696,TIMESTAMP'2015-08-04 00:00:00',TIMESTAMP'4000-01-01 00:00:00','N',1);

INSERT INTO PORTOWN.PP_PRAC_ATTRIB (ID,PRAC_ID,ATTRIBUTE_ID) VALUES
	 (2889758,730072,501),
	 (9619855,730072,100039),
	 (9619859,730072,100043),
	 (13174381,730072,100051),
	 (9619857,730072,100052);

INSERT INTO PORTOWN.PP_PRAC_ATTRIB_VALUES (ID,PRAC_ATTRIBUTE_ID,FIELD_ID,VALUE,VALUE_DATE,VALUE_NUMBER,LABEL_CLUSTER_ID) VALUES
	 (4645053,2889758,702,'Type 1',NULL,NULL,1),
	 (4645054,2889758,701,'1881992170',NULL,1881992170,1),
	 (4645055,2889758,703,'09/29/2011',TIMESTAMP'2011-09-29 00:00:00',NULL,1),
	 (15501877,9619855,100232,' ',NULL,NULL,1),
	 (15501878,9619855,100233,' ',NULL,NULL,1),
	 (15501906,9619859,100242,'NA',NULL,NULL,1),
	 (22068569,13174381,100260,'ML2355560',NULL,NULL,1),
	 (22068570,13174381,100259,'03-31-2017',TIMESTAMP'2017-03-31 00:00:00',NULL,1),
	 (22068571,13174381,100697,'MA',NULL,NULL,1),
	 (15501900,9619857,100677,'03/01/2017',TIMESTAMP'2017-03-01 00:00:00',NULL,1);
INSERT INTO PORTOWN.PP_PRAC_ATTRIB_VALUES (ID,PRAC_ATTRIBUTE_ID,FIELD_ID,VALUE,VALUE_DATE,VALUE_NUMBER,LABEL_CLUSTER_ID) VALUES
	 (15501901,9619857,100261,'MA',NULL,NULL,1),
	 (15501902,9619857,100262,'PA4140',NULL,NULL,1),
	 (22068565,9619857,104028,'AC',NULL,NULL,1);

-- no specialties
