INSERT INTO PORTOWN.PP_PROV_TIN (ID,NAME,"TYPE",TIN,LABEL_CLUSTER_ID) VALUES
	 (1794145,'CA Prison Network',NULL,'95-0000000',1);

INSERT INTO PORTOWN.PP_ADDR (ID,"TYPE",ADDR1,ADDR2,CITY_ID,COUNTY_ID,ZIP,PLUS4,ADDR3,POSTAL_CODE,COUNTRY_ID,START_DATE,END_DATE,LATITUDE,LONGITUDE,UGLY_ADDR1,UGLY_ADDR2,COUNTY_FIPS,LATITUDE7,LONGITUDE7) VALUES
	 (4701844,'BILLING','21281 Burbank Blvd',NULL,23174,1031,'91367','6607',NULL,NULL,1,TIMESTAMP'1800-01-01 00:00:00',TIMESTAMP'4000-01-01 00:00:00',34.176,-118.595,'21281 Burbank Blvd',NULL,'06037',34.175701,-118.595001);

INSERT INTO PORTOWN.PP_ADDR (ID,"TYPE",ADDR1,ADDR2,CITY_ID,COUNTY_ID,ZIP,PLUS4,ADDR3,POSTAL_CODE,COUNTRY_ID,START_DATE,END_DATE,LATITUDE,LONGITUDE,UGLY_ADDR1,UGLY_ADDR2,COUNTY_FIPS,LATITUDE7,LONGITUDE7) VALUES
	 (5310322,'MAILING','180 Grand Ave',NULL,15067,17,'94612','3723',NULL,NULL,1,TIMESTAMP'1800-01-01 00:00:00',TIMESTAMP'4000-01-01 00:00:00',37.811,-122.263,'180 Grand Ave',NULL,'06001',37.811325,-122.262939);

INSERT INTO PORTOWN.PP_PROV (ID,TIN_ID,ADDRESS_ID,SPEC_ID,SUB_PROV_CODE,NAME,NAME_USAGE,MEDICARE_NO,PROV_TYPE_ID,LABEL_CLUSTER_ID) VALUES
	 (2278165,1794145,4701844,2073,NULL,'DIRECT NETWORK: GLENN','P',NULL,155,1);

INSERT INTO PORTOWN.PP_PROV_ADDR (PROV_ID,ADDRESS_ID) VALUES
	 (2278165,5310322);

-- No data to insert in PP_PHONES related to the provider
-- No data to insert in PP_ADDR_PHONES

INSERT INTO PORTOWN.PP_PROV_ATTRIB (ID,PROV_ID,ATTRIBUTE_ID) VALUES
	 (15502008,2278165,103277);

INSERT INTO PORTOWN.PP_PROV_ATTRIB_VALUES (ID,PROV_ATTRIBUTE_ID,FIELD_ID,VALUE,VALUE_DATE,VALUE_NUMBER,LABEL_CLUSTER_ID) VALUES
	 (22167520,15502008,106275,'Y',NULL,NULL,1),
	 (19141028,15502008,106276,'Y',NULL,NULL,1),
	 (19053209,15502008,105835,'M2006',NULL,NULL,1),
	 (20343333,15502008,105836,'M2000',NULL,NULL,1),
	 (22624485,15502008,107275,'06/01/1995',TIMESTAMP'1995-06-01 00:00:00',NULL,1);

-- Insert the addresses that are needed for the location

INSERT INTO PORTOWN.PP_ADDR (ID,"TYPE",ADDR1,ADDR2,CITY_ID,COUNTY_ID,ZIP,PLUS4,ADDR3,POSTAL_CODE,COUNTRY_ID,START_DATE,END_DATE,LATITUDE,LONGITUDE,UGLY_ADDR1,UGLY_ADDR2,COUNTY_FIPS,LATITUDE7,LONGITUDE7) VALUES
	 (4720155,'MAIN','155 Grand Ave',NULL,15067,17,'94612','3758',NULL,NULL,1,TIMESTAMP'1800-01-01 00:00:00',TIMESTAMP'4000-01-01 00:00:00',37.811,-122.264,'155 Grand Ave',NULL,'06001',37.810745,-122.263893),
	 (6806400,'MAIN','519 4th St',NULL,15436,675,'95963','1317',NULL,NULL,1,TIMESTAMP'1800-01-01 00:00:00',TIMESTAMP'4000-01-01 00:00:00',39.749,-122.194,'519 4th St',NULL,'06021',39.748886,-122.193604),
	 (10592826,'MAIN','263 N Villa Ave',NULL,22954,675,'95988','2607',NULL,NULL,1,TIMESTAMP'1800-01-01 00:00:00',TIMESTAMP'4000-01-01 00:00:00',39.522,-122.209,'263 N Villa Ave',NULL,'06021',39.52215,-122.20896),
	 (4701845,'MAIN','1361 Cortina Dr','Ste A',15436,675,'95963','2402',NULL,NULL,1,TIMESTAMP'1800-01-01 00:00:00',TIMESTAMP'4000-01-01 00:00:00',39.739,-122.201,'1361 Cortina Dr','Ste A','06021',39.739162,-122.201057),
	 (10200584,'MAIN','1070 W Wood St','Ste B',22954,675,'95988','2349',NULL,NULL,1,TIMESTAMP'1800-01-01 00:00:00',TIMESTAMP'4000-01-01 00:00:00',39.524,-122.207,'1070 W Wood St','Ste B','06021',39.523983,-122.207085);

-- Insert the phones that are associated with the location

INSERT INTO PORTOWN.PP_PHONES (ID,"TYPE",AREACODE,EXCHANGE,NUM,EXTENSION,"FOREIGN",COUNTRY_CODE,FOREIGN_PHONE) VALUES
	 (4733759,'PHONE','800','638','3889',NULL,'N',1,NULL),
	 (17225755,'PHONE','530','934','3373',NULL,'N',1,NULL),
	 (17225938,'PHONE','530','934','8700',NULL,'N',1,NULL),
	 (6044530,'PHONE','530','865','3400',NULL,'N',1,NULL),
	 (17225787,'FAX','530','934','3011',NULL,'N',1,NULL),
	 (17225908,'FAX','330','934','3522',NULL,'N',1,NULL);

-- Insert the phone and address association

INSERT INTO PORTOWN.PP_ADDR_PHONES (ADDRESS_ID,PHONE_ID) VALUES
	 (4720155,4733759),
	 (10592826,17225787),
	 (10592826,17225938),
	 (4701845,6044530),
	 (10200584,17225755),
	 (10200584,17225908);

-- Insert the locations that are to be used for the scenario
INSERT INTO PORTOWN.PP_PROV_TIN_LOC (ID,TIN_ID,ADDRESS_ID,NAME,"PRIMARY",PRINT_SUPPRESS,OFFICE_MGR,TRAIN,BUS,TRANSIT_ROUTE,HANDICAP,LABEL_CLUSTER_ID,PROV_TIN_PRC_CONT_ID) VALUES
	 (7810350,1794145,10200584,'DIRECT NETWORK: GLENN','N',NULL,NULL,NULL,NULL,NULL,NULL,1,NULL),
	 (3543355,1794145,4720155,'DIRECT NETWORK: GLENN','Y',NULL,NULL,NULL,NULL,NULL,'N',1,NULL),
	 (3525132,1794145,4701845,'Direct Network Glenn','N','N',NULL,'N','N',NULL,'Y',1,NULL),
	 (5295556,1794145,6806400,'Direct Network Glenn','N','N',NULL,'N','N',NULL,'N',1,NULL),
	 (8137195,1794145,10592826,'DIRECT NETWORK: GLENN','N',NULL,NULL,NULL,NULL,NULL,NULL,1,NULL);

-- Insert data for PP_PROV_LOC table
INSERT INTO PORTOWN.PP_PROV_LOC (PROV_ID,LOC_ID,NAME_USAGE,"PRIMARY",START_DATE,END_DATE,PRINT_SUPPRESS,LABEL_CLUSTER_ID) VALUES
	 (2278165,3525132,'C','N',TIMESTAMP'2015-01-01 00:00:00',TIMESTAMP'4000-01-01 00:00:00','N',1),
	 (2278165,3543355,'C','Y',TIMESTAMP'2015-01-01 00:00:00',TIMESTAMP'4000-01-01 00:00:00','N',1),
	 (2278165,5295556,'C','N',TIMESTAMP'2015-01-01 00:00:00',TIMESTAMP'4000-01-01 00:00:00','N',1),
	 (2278165,7810350,'C','N',TIMESTAMP'2015-01-01 00:00:00',TIMESTAMP'4000-01-01 00:00:00','N',1),
	 (2278165,8137195,'C','N',TIMESTAMP'2015-01-01 00:00:00',TIMESTAMP'4000-01-01 00:00:00','N',1);

-- Insert into PP_PROV_LOC_OFHOURS
INSERT INTO PORTOWN.PP_PROV_LOC_OFHOURS (ID,PROV_ID,LOC_ID,EVENT,DAYOFWEEK,"TIME") VALUES
	 (51841426,2278165,3525132,'O','SU','A0000'),
	 (51841427,2278165,3525132,'C','SU','P1159'),
	 (51841428,2278165,3525132,'O','SA','A0000'),
	 (51841429,2278165,3525132,'C','SA','P1159'),
	 (186804087,2278165,7810350,'O','WE','A0800'),
	 (186804088,2278165,7810350,'C','WE','P0500'),
	 (186804089,2278165,7810350,'C','TU','P0500'),
	 (186804090,2278165,7810350,'O','TU','A0800'),
	 (186804091,2278165,7810350,'O','FR','A0800'),
	 (186804092,2278165,7810350,'C','FR','P0500');
INSERT INTO PORTOWN.PP_PROV_LOC_OFHOURS (ID,PROV_ID,LOC_ID,EVENT,DAYOFWEEK,"TIME") VALUES
	 (186804093,2278165,7810350,'O','MO','A0800'),
	 (186804094,2278165,7810350,'C','MO','P0500'),
	 (186804095,2278165,7810350,'C','TH','P0500'),
	 (186804096,2278165,7810350,'O','TH','A0800'),
	 (51823596,2278165,3543355,'O','SU','A0000'),
	 (51823597,2278165,3543355,'C','SU','P1159'),
	 (51823598,2278165,3543355,'O','SA','A0000'),
	 (51823599,2278165,3543355,'C','SA','P1159'),
	 (186804231,2278165,8137195,'O','MO','A0800'),
	 (186804232,2278165,8137195,'C','MO','P0500');
INSERT INTO PORTOWN.PP_PROV_LOC_OFHOURS (ID,PROV_ID,LOC_ID,EVENT,DAYOFWEEK,"TIME") VALUES
	 (186804233,2278165,8137195,'O','WE','A0800'),
	 (186804234,2278165,8137195,'C','WE','P0500'),
	 (186804235,2278165,8137195,'C','TU','P0500'),
	 (186804236,2278165,8137195,'O','TU','A0800'),
	 (186804237,2278165,8137195,'O','FR','A0800'),
	 (186804238,2278165,8137195,'C','FR','P0500'),
	 (186804239,2278165,8137195,'C','TH','P0500'),
	 (186804240,2278165,8137195,'O','TH','A0800'),
	 (47607086,2278165,3525132,'O','MO','A0800'),
	 (47607087,2278165,3525132,'C','MO','P0500');
INSERT INTO PORTOWN.PP_PROV_LOC_OFHOURS (ID,PROV_ID,LOC_ID,EVENT,DAYOFWEEK,"TIME") VALUES
	 (47607088,2278165,3525132,'O','TU','A0800'),
	 (47607089,2278165,3525132,'C','TU','P0500'),
	 (47607090,2278165,3525132,'O','WE','A0800'),
	 (47607091,2278165,3525132,'C','WE','P0500'),
	 (47607092,2278165,3525132,'O','TH','A0800'),
	 (47607093,2278165,3525132,'C','TH','P0500'),
	 (47607094,2278165,3525132,'O','FR','A0800'),
	 (47607095,2278165,3525132,'C','FR','P0500'),
	 (47789386,2278165,3543355,'O','MO','A0900'),
	 (47789387,2278165,3543355,'C','MO','P0400');
INSERT INTO PORTOWN.PP_PROV_LOC_OFHOURS (ID,PROV_ID,LOC_ID,EVENT,DAYOFWEEK,"TIME") VALUES
	 (47789388,2278165,3543355,'O','TU','A0900'),
	 (47789389,2278165,3543355,'C','TU','P0400'),
	 (47789390,2278165,3543355,'O','WE','A0900'),
	 (47789391,2278165,3543355,'C','WE','P0400'),
	 (47789392,2278165,3543355,'O','TH','A0900'),
	 (47789393,2278165,3543355,'C','TH','P0400'),
	 (47789414,2278165,3543355,'O','FR','A0900'),
	 (47789415,2278165,3543355,'C','FR','P0400');

-- Insert the PNC data

INSERT INTO PORTOWN.PP_PROV_NET_CYCLE (ID,PROV_ID,NET_ID,STATUS,START_DATE,END_DATE,LABEL_CLUSTER_ID) VALUES
	 (5279294,2278165,4179,'Par',TIMESTAMP'2017-01-01 00:00:00',TIMESTAMP'4000-01-01 00:00:00',1),
	 (8294082,2278165,8239,'Par',TIMESTAMP'2015-01-01 00:00:00',TIMESTAMP'4000-01-01 00:00:00',1),
	 (8294079,2278165,8219,'Par',TIMESTAMP'2015-01-01 00:00:00',TIMESTAMP'4000-01-01 00:00:00',1),
	 (8294081,2278165,8238,'Par',TIMESTAMP'2015-01-01 00:00:00',TIMESTAMP'4000-01-01 00:00:00',1),
	 (8294085,2278165,8246,'Par',TIMESTAMP'2015-01-01 00:00:00',TIMESTAMP'4000-01-01 00:00:00',1),
	 (10249313,2278166,9837,'Par',TIMESTAMP'2015-01-01 00:00:00',TIMESTAMP'4000-01-01 00:00:00',1),
	 (9863891,2278165,9716,'Par',TIMESTAMP'2015-01-01 00:00:00',TIMESTAMP'2023-12-31 00:00:00',1),
	 (9953874,2278165,8242,'Par',TIMESTAMP'2015-01-01 00:00:00',TIMESTAMP'4000-01-01 00:00:00',1),
	 (8294083,2278165,8243,'Par',TIMESTAMP'2015-01-01 00:00:00',TIMESTAMP'4000-01-01 00:00:00',1),
	 (8294084,2278165,8245,'Par',TIMESTAMP'2015-01-01 00:00:00',TIMESTAMP'4000-01-01 00:00:00',1);
INSERT INTO PORTOWN.PP_PROV_NET_CYCLE (ID,PROV_ID,NET_ID,STATUS,START_DATE,END_DATE,LABEL_CLUSTER_ID) VALUES
	 (9643791,2278165,6356,'Par',TIMESTAMP'2015-01-01 00:00:00',TIMESTAMP'2015-08-01 00:00:00',1),
	 (5910331,2278165,5256,'Par',TIMESTAMP'2015-01-01 00:00:00',TIMESTAMP'2022-12-31 00:00:00',1),
	 (8294080,2278165,8237,'Par',TIMESTAMP'2015-01-01 00:00:00',TIMESTAMP'4000-01-01 00:00:00',1);

-- Insert the PNLC data
INSERT INTO PORTOWN.PP_PROV_NET_LOC_CYCLE (ID,PROV_NET_CYCLE_ID,PROV_ID,LOC_ID,START_DATE,END_DATE,"PRIMARY",LABEL_CLUSTER_ID) VALUES
	 (26326178,5910331,2278165,7810350,TIMESTAMP'2015-01-01 00:00:00',TIMESTAMP'2022-12-31 00:00:00','N',1),
	 (26326179,8294083,2278165,7810350,TIMESTAMP'2015-01-01 00:00:00',TIMESTAMP'4000-01-01 00:00:00','N',1),
	 (26326180,8294084,2278165,7810350,TIMESTAMP'2015-01-01 00:00:00',TIMESTAMP'4000-01-01 00:00:00','N',1),
	 (26326181,8294079,2278165,7810350,TIMESTAMP'2015-01-01 00:00:00',TIMESTAMP'4000-01-01 00:00:00','N',1),
	 (26326182,8294082,2278165,7810350,TIMESTAMP'2015-01-01 00:00:00',TIMESTAMP'4000-01-01 00:00:00','N',1),
	 (26326183,8294085,2278165,7810350,TIMESTAMP'2015-01-01 00:00:00',TIMESTAMP'4000-01-01 00:00:00','N',1),
	 (26326184,9863891,2278165,7810350,TIMESTAMP'2015-01-01 00:00:00',TIMESTAMP'2023-12-31 00:00:00','N',1),
	 (26326185,8294080,2278165,7810350,TIMESTAMP'2015-01-01 00:00:00',TIMESTAMP'4000-01-01 00:00:00','N',1),
	 (26326186,8294081,2278165,7810350,TIMESTAMP'2015-01-01 00:00:00',TIMESTAMP'4000-01-01 00:00:00','N',1),
	 (26326187,9953874,2278165,7810350,TIMESTAMP'2015-01-01 00:00:00',TIMESTAMP'4000-01-01 00:00:00','N',1);
INSERT INTO PORTOWN.PP_PROV_NET_LOC_CYCLE (ID,PROV_NET_CYCLE_ID,PROV_ID,LOC_ID,START_DATE,END_DATE,"PRIMARY",LABEL_CLUSTER_ID) VALUES
	 (7605923,5279294,2278165,3543355,TIMESTAMP'2017-01-01 00:00:00',TIMESTAMP'4000-01-01 00:00:00','N',1),
	 (8750544,5910331,2278165,3543355,TIMESTAMP'2015-01-01 00:00:00',TIMESTAMP'2022-12-31 00:00:00','N',1),
	 (12760384,8294083,2278165,3543355,TIMESTAMP'2015-01-01 00:00:00',TIMESTAMP'4000-01-01 00:00:00','Y',1),
	 (12760385,8294084,2278165,3543355,TIMESTAMP'2015-01-01 00:00:00',TIMESTAMP'4000-01-01 00:00:00','Y',1),
	 (12760386,8294085,2278165,3543355,TIMESTAMP'2015-01-01 00:00:00',TIMESTAMP'4000-01-01 00:00:00','Y',1),
	 (12760380,8294079,2278165,3543355,TIMESTAMP'2015-01-01 00:00:00',TIMESTAMP'4000-01-01 00:00:00','Y',1),
	 (12760381,8294080,2278165,3543355,TIMESTAMP'2015-01-01 00:00:00',TIMESTAMP'4000-01-01 00:00:00','Y',1),
	 (12760382,8294081,2278165,3543355,TIMESTAMP'2015-01-01 00:00:00',TIMESTAMP'4000-01-01 00:00:00','Y',1),
	 (12760383,8294082,2278165,3543355,TIMESTAMP'2015-01-01 00:00:00',TIMESTAMP'4000-01-01 00:00:00','Y',1),
	 (15665504,9643791,2278165,3543355,TIMESTAMP'2015-01-01 00:00:00',TIMESTAMP'2015-08-01 00:00:00','N',1);
INSERT INTO PORTOWN.PP_PROV_NET_LOC_CYCLE (ID,PROV_NET_CYCLE_ID,PROV_ID,LOC_ID,START_DATE,END_DATE,"PRIMARY",LABEL_CLUSTER_ID) VALUES
	 (16699390,9863891,2278165,3543355,TIMESTAMP'2015-01-01 00:00:00',TIMESTAMP'2023-12-31 00:00:00','N',1),
	 (16882889,9953874,2278165,3543355,TIMESTAMP'2015-01-01 00:00:00',TIMESTAMP'4000-01-01 00:00:00','Y',1),
	 (17437003,10249313,2278166,3543355,TIMESTAMP'2015-01-01 00:00:00',TIMESTAMP'4000-01-01 00:00:00','N',1),
	 (7587652,5279294,2278165,3525132,TIMESTAMP'2017-01-01 00:00:00',TIMESTAMP'4000-01-01 00:00:00','N',1),
	 (8756656,5910331,2278165,3525132,TIMESTAMP'2015-01-01 00:00:00',TIMESTAMP'2022-12-31 00:00:00','N',1),
	 (13424386,8294080,2278165,3525132,TIMESTAMP'2015-01-01 00:00:00',TIMESTAMP'4000-01-01 00:00:00','N',1),
	 (13424388,8294082,2278165,3525132,TIMESTAMP'2015-01-01 00:00:00',TIMESTAMP'4000-01-01 00:00:00','N',1),
	 (13424389,8294084,2278165,3525132,TIMESTAMP'2015-01-01 00:00:00',TIMESTAMP'4000-01-01 00:00:00','N',1),
	 (13424391,8294083,2278165,3525132,TIMESTAMP'2015-01-01 00:00:00',TIMESTAMP'4000-01-01 00:00:00','N',1),
	 (13424393,8294079,2278165,3525132,TIMESTAMP'2015-01-01 00:00:00',TIMESTAMP'4000-01-01 00:00:00','N',1);
INSERT INTO PORTOWN.PP_PROV_NET_LOC_CYCLE (ID,PROV_NET_CYCLE_ID,PROV_ID,LOC_ID,START_DATE,END_DATE,"PRIMARY",LABEL_CLUSTER_ID) VALUES
	 (13424394,8294081,2278165,3525132,TIMESTAMP'2015-01-01 00:00:00',TIMESTAMP'4000-01-01 00:00:00','N',1),
	 (13424396,8294085,2278165,3525132,TIMESTAMP'2015-01-01 00:00:00',TIMESTAMP'4000-01-01 00:00:00','N',1),
	 (16706670,9863891,2278165,3525132,TIMESTAMP'2015-01-01 00:00:00',TIMESTAMP'2023-12-31 00:00:00','N',1),
	 (16903144,9953874,2278165,3525132,TIMESTAMP'2015-01-01 00:00:00',TIMESTAMP'4000-01-01 00:00:00','N',1),
	 (15794635,8294080,2278165,5295556,TIMESTAMP'2015-01-01 00:00:00',TIMESTAMP'4000-01-01 00:00:00','N',1),
	 (15794636,8294082,2278165,5295556,TIMESTAMP'2015-01-01 00:00:00',TIMESTAMP'4000-01-01 00:00:00','N',1),
	 (15794637,8294083,2278165,5295556,TIMESTAMP'2015-01-01 00:00:00',TIMESTAMP'4000-01-01 00:00:00','N',1),
	 (15794638,8294084,2278165,5295556,TIMESTAMP'2015-01-01 00:00:00',TIMESTAMP'4000-01-01 00:00:00','N',1),
	 (15794639,8294085,2278165,5295556,TIMESTAMP'2015-01-01 00:00:00',TIMESTAMP'4000-01-01 00:00:00','N',1),
	 (15794640,8294079,2278165,5295556,TIMESTAMP'2015-01-01 00:00:00',TIMESTAMP'4000-01-01 00:00:00','N',1);
INSERT INTO PORTOWN.PP_PROV_NET_LOC_CYCLE (ID,PROV_NET_CYCLE_ID,PROV_ID,LOC_ID,START_DATE,END_DATE,"PRIMARY",LABEL_CLUSTER_ID) VALUES
	 (15794641,8294081,2278165,5295556,TIMESTAMP'2015-01-01 00:00:00',TIMESTAMP'4000-01-01 00:00:00','N',1),
	 (15794642,5910331,2278165,5295556,TIMESTAMP'2015-01-01 00:00:00',TIMESTAMP'2022-12-31 00:00:00','N',1),
	 (16706668,9863891,2278165,5295556,TIMESTAMP'2015-01-01 00:00:00',TIMESTAMP'2023-12-31 00:00:00','N',1),
	 (16903147,9953874,2278165,5295556,TIMESTAMP'2015-01-01 00:00:00',TIMESTAMP'4000-01-01 00:00:00','N',1),
	 (27883187,5910331,2278165,8137195,TIMESTAMP'2015-01-01 00:00:00',TIMESTAMP'2022-12-31 00:00:00','N',1),
	 (27883188,8294079,2278165,8137195,TIMESTAMP'2015-01-01 00:00:00',TIMESTAMP'4000-01-01 00:00:00','N',1),
	 (27883189,8294080,2278165,8137195,TIMESTAMP'2015-01-01 00:00:00',TIMESTAMP'4000-01-01 00:00:00','N',1),
	 (27883190,8294081,2278165,8137195,TIMESTAMP'2015-01-01 00:00:00',TIMESTAMP'4000-01-01 00:00:00','N',1),
	 (27883191,8294082,2278165,8137195,TIMESTAMP'2015-01-01 00:00:00',TIMESTAMP'4000-01-01 00:00:00','N',1),
	 (27883192,9953874,2278165,8137195,TIMESTAMP'2015-01-01 00:00:00',TIMESTAMP'4000-01-01 00:00:00','N',1);
INSERT INTO PORTOWN.PP_PROV_NET_LOC_CYCLE (ID,PROV_NET_CYCLE_ID,PROV_ID,LOC_ID,START_DATE,END_DATE,"PRIMARY",LABEL_CLUSTER_ID) VALUES
	 (27883193,8294083,2278165,8137195,TIMESTAMP'2015-01-01 00:00:00',TIMESTAMP'4000-01-01 00:00:00','N',1),
	 (27883194,8294084,2278165,8137195,TIMESTAMP'2015-01-01 00:00:00',TIMESTAMP'4000-01-01 00:00:00','N',1),
	 (27883195,8294085,2278165,8137195,TIMESTAMP'2015-01-01 00:00:00',TIMESTAMP'4000-01-01 00:00:00','N',1),
	 (27883196,9863891,2278165,8137195,TIMESTAMP'2015-01-01 00:00:00',TIMESTAMP'2023-12-31 00:00:00','N',1);

-- Insert data for prov_loc_specialties UDA

INSERT INTO PORTOWN.PP_PROV_LOC_ATTRIB (ID,PROV_ID,LOC_ID,ATTRIBUTE_ID) VALUES
	 (42482718,2278165,7810350,106877),
	 (42505357,2278165,3543355,106877),
	 (42482999,2278165,8137195,106877);

-- Insert the field values for the prov loc specialties UDA

INSERT INTO PORTOWN.PP_PROV_LOC_ATTRIB_VALUES (ID,PROV_LOC_ATTRIBUTE_ID,FIELD_ID,VALUE,VALUE_DATE,VALUE_NUMBER,LABEL_CLUSTER_ID) VALUES
	 (104516437,42482718,111355,'Multi-Specialty',NULL,NULL,1),
	 (104614756,42505357,111355,'Multi-Specialty',NULL,NULL,1),
	 (104517374,42482999,111355,'Multi-Specialty',NULL,NULL,1);




