INSERT INTO PORTOWN.PP_PRAC (ID,FNAME,MNAME,LNAME,XNAME,"DEGREE",SEX,DOB,SSN,EMAIL,SALUTATION,LABEL_CLUSTER_ID,PRAC_TYPE_ID,NARRATIVE) VALUES
	 (3153640,'Damien','Michael','Larkins',NULL,'MD','M',TIMESTAMP'1980-03-11 00:00:00',NULL,'credentialing@legacycommunityhealth.org',NULL,1,NULL,NULL);

INSERT INTO PORTOWN.PP_ADDR (ID,"TYPE",ADDR1,ADDR2,CITY_ID,COUNTY_ID,ZIP,PLUS4,ADDR3,POSTAL_CODE,COUNTRY_ID,START_DATE,END_DATE,LATITUDE,LONGITUDE,UGLY_ADDR1,UGLY_ADDR2,COUNTY_FIPS,LATITUDE7,LONGITUDE7) VALUES
	 (5693162,'MAILING','5616 Lawndale St','Ste A110',9461,765,'77023','3841',NULL,NULL,1,TIMESTAMP'2018-06-29 00:00:00',TIMESTAMP'4000-01-01 00:00:00',29.726,-95.317,'5616 Lawndale St','Ste A110','48201',29.72625,-95.317146),
	 (5693163,'CRED_CORRESPONDENCE','PO Box 66308','Attn : Credentialing',9461,765,'77266','6308',NULL,NULL,1,TIMESTAMP'2024-05-29 00:00:00',TIMESTAMP'4000-01-01 00:00:00',29.734,-95.395,'PO Box 66308','Attn Credentialing','48201',29.73436,-95.39498),
	 (9595179,'CRED_CORRESPONDENCE','5616 Lawndale St','Ste A110',9461,765,'77023','3841',NULL,NULL,1,TIMESTAMP'2021-06-17 00:00:00',TIMESTAMP'4000-01-01 00:00:00',29.726,-95.317,'5616 Lawndale St','Ste A110','48201',29.72625,-95.317146);

INSERT INTO PORTOWN.PP_PHONES (ID,"TYPE",AREACODE,EXCHANGE,NUM,EXTENSION,"FOREIGN",COUNTRY_CODE,FOREIGN_PHONE) VALUES
	 (14727234,'PHONE','832','548','5067',NULL,'N',1,NULL),
	 (14727248,'FAX','713','559','3255',NULL,'N',1,NULL);

INSERT INTO PORTOWN.PP_ADDR_PHONES (ADDRESS_ID,PHONE_ID) VALUES
	 (5693163,14727234),
	 (5693163,14727248);

INSERT INTO PORTOWN.PP_PRAC_ADDR (PRAC_ID,ADDRESS_ID) VALUES
	 (3153640,5693162),
	 (3153640,5693163),
	 (3153640,9595179);

INSERT INTO PORTOWN.PP_ADDR (ID,"TYPE",ADDR1,ADDR2,CITY_ID,COUNTY_ID,ZIP,PLUS4,ADDR3,POSTAL_CODE,COUNTRY_ID,START_DATE,END_DATE,LATITUDE,LONGITUDE,UGLY_ADDR1,UGLY_ADDR2,COUNTY_FIPS,LATITUDE7,LONGITUDE7) VALUES
	 (4516185,'MAIN','2014 Washington St',NULL,14569,1141,'02462','1607',NULL,NULL,1,TIMESTAMP'1800-01-01 00:00:00',TIMESTAMP'4000-01-01 00:00:00',42.331,-71.245,'2014 Washington St',NULL,'25017',42.331085,-71.245346);

INSERT INTO PORTOWN.PP_PROV_TIN_LOC (ID,TIN_ID,ADDRESS_ID,NAME,"PRIMARY",PRINT_SUPPRESS,OFFICE_MGR,TRAIN,BUS,TRANSIT_ROUTE,HANDICAP,LABEL_CLUSTER_ID,PROV_TIN_PRC_CONT_ID) VALUES
	 (3404656,10786,4516185,'NEWTON WELLESLEY HOSPITA','Y','N',NULL,'N','N','N','Y',1,NULL);

INSERT INTO PORTOWN.PP_PRAC_LOC (PRAC_ID,PROV_ID,LOC_ID,"PRIMARY",PRINT_SUPPRESS,START_DATE,END_DATE,LABEL_CLUSTER_ID) VALUES
	 (3153640,10923,3404656,'Y','Y',TIMESTAMP'2013-01-01 00:00:00',TIMESTAMP'4000-01-01 00:00:00',1);

INSERT INTO PORTOWN.PP_PRAC_NET_CYCLE (ID,PRAC_ID,NET_ID,START_DATE,END_DATE,STATUS,LABEL_CLUSTER_ID) VALUES
	 (7879568,3153640,7692,TIMESTAMP'2013-01-01 00:00:00',TIMESTAMP'4000-01-01 00:00:00','Nonpar',1);

INSERT INTO PORTOWN.PP_PRAC_NET_LOC_CYCLE (ID,PRAC_ID,PROV_ID,LOC_ID,PRAC_NET_CYCLE_ID,START_DATE,END_DATE,"PRIMARY",LABEL_CLUSTER_ID) VALUES
	 (11760686,3153640,10923,3404656,7879568,TIMESTAMP'2013-01-01 00:00:00',TIMESTAMP'4000-01-01 00:00:00','Y',1);

INSERT INTO PORTOWN.PP_PRAC_ATTRIB (ID,PRAC_ID,ATTRIBUTE_ID) VALUES
	 (14470804,3153640,501),
	 (19692175,3153640,101957),
	 (19692176,3153640,101957),
	 (19692177,3153640,101957),
	 (19692178,3153640,101957),
	 (19692179,3153640,101957),
	 (19692180,3153640,101957),
	 (19692181,3153640,101957),
	 (19692182,3153640,101957),
	 (19692148,3153640,101977);
INSERT INTO PORTOWN.PP_PRAC_ATTRIB (ID,PRAC_ID,ATTRIBUTE_ID) VALUES
	 (19692149,3153640,101977),
	 (19692150,3153640,101977),
	 (19692151,3153640,101977),
	 (19692152,3153640,101977),
	 (19692153,3153640,101977),
	 (19692154,3153640,101977),
	 (19692155,3153640,101977),
	 (19692156,3153640,101977),
	 (19692157,3153640,101977),
	 (19692158,3153640,101977);
INSERT INTO PORTOWN.PP_PRAC_ATTRIB (ID,PRAC_ID,ATTRIBUTE_ID) VALUES
	 (19692159,3153640,101977),
	 (19692160,3153640,101977),
	 (19692161,3153640,101977),
	 (19692162,3153640,101977),
	 (19692163,3153640,101977),
	 (19692164,3153640,101977),
	 (19692165,3153640,101977),
	 (19692166,3153640,101977),
	 (19692167,3153640,101977),
	 (19692168,3153640,101977);
INSERT INTO PORTOWN.PP_PRAC_ATTRIB (ID,PRAC_ID,ATTRIBUTE_ID) VALUES
	 (19692169,3153640,101977),
	 (19692170,3153640,101977),
	 (19692171,3153640,101977),
	 (19692172,3153640,101977),
	 (19692173,3153640,101977),
	 (19692174,3153640,101977);

INSERT INTO PORTOWN.PP_PRAC_ATTRIB_VALUES (ID,PRAC_ATTRIBUTE_ID,FIELD_ID,VALUE,VALUE_DATE,VALUE_NUMBER,LABEL_CLUSTER_ID) VALUES
	 (24779730,14470804,704,'01/01/4000',TIMESTAMP'4000-01-01 00:00:00',NULL,1),
	 (24779731,14470804,702,'Type 1',NULL,NULL,1),
	 (24779732,14470804,701,'1487940359',NULL,1487940359,1),
	 (24779733,14470804,703,'05/30/2020',TIMESTAMP'2020-05-30 00:00:00',NULL,1),
	 (33740729,19692175,103595,'ADOLESCENT PSYCH',NULL,NULL,1),
	 (33740730,19692176,103595,'ANGER',NULL,NULL,1),
	 (33740731,19692177,103595,'Child Psychiatry',NULL,NULL,1),
	 (33740732,19692178,103595,'DEV EVAL',NULL,NULL,1),
	 (33740733,19692179,103595,'DOMESTIC',NULL,NULL,1),
	 (33740734,19692180,103595,'MED MAN',NULL,NULL,1);
INSERT INTO PORTOWN.PP_PRAC_ATTRIB_VALUES (ID,PRAC_ATTRIBUTE_ID,FIELD_ID,VALUE,VALUE_DATE,VALUE_NUMBER,LABEL_CLUSTER_ID) VALUES
	 (33740735,19692181,103595,'MOOD',NULL,NULL,1),
	 (33740736,19692182,103595,'Stress Management',NULL,NULL,1),
	 (33740702,19692148,103615,'ADD/ADHD',NULL,NULL,1),
	 (33740703,19692149,103615,'HIV/AIDS',NULL,NULL,1),
	 (33740704,19692150,103615,'ANXIETY DIS',NULL,NULL,1),
	 (33740705,19692151,103615,'ADULT ADD',NULL,NULL,1),
	 (33740706,19692152,103615,'AUT/ASP',NULL,NULL,1),
	 (33740707,19692153,103615,'BIPOLAR',NULL,NULL,1),
	 (33740708,19692154,103615,'Co-Occurring Disorders',NULL,NULL,1),
	 (33740709,19692155,103615,'CULTURAL',NULL,NULL,1);
INSERT INTO PORTOWN.PP_PRAC_ATTRIB_VALUES (ID,PRAC_ATTRIBUTE_ID,FIELD_ID,VALUE,VALUE_DATE,VALUE_NUMBER,LABEL_CLUSTER_ID) VALUES
	 (33740710,19692156,103615,'Depression',NULL,NULL,1),
	 (33740711,19692157,103615,'DEVELOPMENT DISORDER',NULL,NULL,1),
	 (33740712,19692158,103615,'DISRUPTIVE',NULL,NULL,1),
	 (33740713,19692159,103615,'DISSOCIATIVE DIS',NULL,NULL,1),
	 (33740714,19692160,103615,'GRIEF / LOSS / BEREA',NULL,NULL,1),
	 (33740715,19692161,103615,'Chronic Illness',NULL,NULL,1),
	 (33740716,19692162,103615,'MOOD DIS',NULL,NULL,1),
	 (33740717,19692163,103615,'OCD',NULL,NULL,1),
	 (33740718,19692164,103615,'ODD',NULL,NULL,1),
	 (33740719,19692165,103615,'Panic Disorder',NULL,NULL,1);
INSERT INTO PORTOWN.PP_PRAC_ATTRIB_VALUES (ID,PRAC_ATTRIBUTE_ID,FIELD_ID,VALUE,VALUE_DATE,VALUE_NUMBER,LABEL_CLUSTER_ID) VALUES
	 (33740720,19692166,103615,'PERSONALITY DIS',NULL,NULL,1),
	 (33740721,19692167,103615,'Phobias',NULL,NULL,1),
	 (33740722,19692168,103615,'POST PART DIS',NULL,NULL,1),
	 (33740723,19692169,103615,'SERIOUS/PERSISTENT',NULL,NULL,1),
	 (33740724,19692170,103615,'S/P/A ADULTS',NULL,NULL,1),
	 (33740725,19692171,103615,'S/P/A CHILD',NULL,NULL,1),
	 (33740726,19692172,103615,'STRESS MAN',NULL,NULL,1),
	 (33740727,19692173,103615,'Substance Abuse',NULL,NULL,1),
	 (33740728,19692174,103615,'Trauma/PTSD',NULL,NULL,1);

-- no specialties
