INSERT INTO PORTOWN.PP_PROV_TIN (ID,NAME,"type",TIN,LABEL_CLUSTER_ID) VALUES
	 (12626,'HEALTHALLIANCE HOSPITAL - BURBANK C',NULL,'04-2103555',1);

INSERT INTO PORTOWN.PP_ADDR (ID,"type",ADDR1,ADDR2,CITY_ID,COUNTY_ID,ZIP,PLUS4,ADDR3,POSTAL_CODE,COUNTRY_ID,START_DATE,END_DATE,LATITUDE,LONGITUDE,UGLY_ADDR1,UGLY_ADDR2,COUNTY_FIPS,LATITUDE7,LONGITUDE7) VALUES
	 (30666,'BILLING','PO Box 417315',NULL,2015,1664,'02241','7315',NULL,NULL,1,TIMESTAMP'2009-06-17 00:00:00',TIMESTAMP'4000-01-01 00:00:00',42.36,-71.058,'PO Box 417315',NULL,'25025',42.36025,-71.05829);

INSERT INTO PORTOWN.PP_PROV (ID,TIN_ID,ADDRESS_ID,SPEC_ID,SUB_PROV_CODE,NAME,NAME_USAGE,MEDICARE_NO,PROV_TYPE_ID,LABEL_CLUSTER_ID) VALUES
	 (12783,12626,30666,1944,NULL,'HealthAlliance Hospital','P','220001',104,1);

INSERT INTO PORTOWN.PP_ADDR (ID,"type",ADDR1,ADDR2,CITY_ID,COUNTY_ID,ZIP,PLUS4,ADDR3,POSTAL_CODE,COUNTRY_ID,START_DATE,END_DATE,LATITUDE,LONGITUDE,UGLY_ADDR1,UGLY_ADDR2,COUNTY_FIPS,LATITUDE7,LONGITUDE7) VALUES
	 (30664,'MAIN','275 Nichols Rd',NULL,6878,1896,'01420','1919',NULL,NULL,1,TIMESTAMP'2009-06-17 00:00:00',TIMESTAMP'4000-01-01 00:00:00',42.598,-71.806,'275 Nichols RD',NULL,'25027',42.59798,-71.806198);

INSERT INTO PORTOWN.PP_PROV_ADDR (PROV_ID,ADDRESS_ID) VALUES
	 (12783,30664);

-- No data for PP_PHONES and PP_ADDR_PHONES

INSERT INTO PORTOWN.PP_PROV_ATTRIB (ID,PROV_ID,ATTRIBUTE_ID) VALUES
	 (20086,12783,502),
	 (20087,12783,100011), --Medicaid id
	 (42357233,12783,100011),
	 (20089,12783,100053), -- prov license
	 (20088,12783,100073),
	 (20092,12783,100088),
	 (20093,12783,100089), -- NCQA Accred
	 (20095,12783,100090), -- URAC - ACCRED
	 (20094,12783,100091), -- HCFA ACCRED
-- 	(4336537,12783,101577), -- ECP TYPE
	 (20091,12783,100114);

INSERT INTO PORTOWN.PP_PROV_ATTRIB_VALUES (ID,PROV_ATTRIBUTE_ID,FIELD_ID,VALUE,VALUE_DATE,VALUE_NUMBER,LABEL_CLUSTER_ID) VALUES
	 (21101,20086,707,'Type 2',NULL,NULL,1),
	 (21102,20086,706,'1013995133',NULL,1013995133,1),
	 (21103,20086,708,'06-17-2009',TIMESTAMP'2009-06-17 00:00:00',NULL,1),
	 (21104,20087,100094,'1000128',NULL,1000128,1),
	 (21105,20087,100477,'MA',NULL,NULL,1),
	 (55021572,42357233,100094,'215448',NULL,NULL,1),
	 (55021573,42357233,100477,'AZ',NULL,NULL,1),
	 (21106,20088,100283,'220001',NULL,220001,1),
	 (21110,20092,100312,'No',NULL,NULL,1),
	 (21111,20093,100314,'No',NULL,NULL,1);
INSERT INTO PORTOWN.PP_PROV_ATTRIB_VALUES (ID,PROV_ATTRIBUTE_ID,FIELD_ID,VALUE,VALUE_DATE,VALUE_NUMBER,LABEL_CLUSTER_ID) VALUES
	 (21113,20095,100316,'No',NULL,NULL,1),
	 (21112,20094,100318,'No',NULL,NULL,1),
	 (21109,20091,100348,'HO',NULL,NULL,1);
-- 	 (5233854,4336537,102376,'Y',NULL,NULL,1),
-- 	 (5233855,4336537,102377,'Y',NULL,NULL,1),
-- 	 (5233856,4336537,102378,'N',NULL,NULL,1),
-- 	 (5233857,4336537,102379,'N',NULL,NULL,1),
-- 	 (5233858,4336537,102380,'N',NULL,NULL,1),
-- 	 (5233859,4336537,102381,'N',NULL,NULL,1);

INSERT INTO PORTOWN.PP_PROV_ATTRIB_VALUES (ID,PROV_ATTRIBUTE_ID,FIELD_ID,VALUE,VALUE_DATE,VALUE_NUMBER,LABEL_CLUSTER_ID) VALUES
	 (21107,20089,100264,'MA',NULL,NULL,1);


INSERT INTO PORTOWN.PP_ADDR (ID,"type",ADDR1,ADDR2,CITY_ID,COUNTY_ID,ZIP,PLUS4,ADDR3,POSTAL_CODE,COUNTRY_ID,START_DATE,END_DATE,LATITUDE,LONGITUDE,UGLY_ADDR1,UGLY_ADDR2,COUNTY_FIPS,LATITUDE7,LONGITUDE7) VALUES
	 (123488,'MAIN','60 Hospital Rd',NULL,11358,1896,'01453','2205',NULL,NULL,1,TIMESTAMP'1800-01-01 00:00:00',TIMESTAMP'4000-01-01 00:00:00',42.54,-71.762,'60 Hospital RD',NULL,'25027',42.540359,-71.761925),
	 (3037769,'MAIN','510 N Main St',NULL,11358,1896,'01453','1814',NULL,NULL,1,TIMESTAMP'1800-01-01 00:00:00',TIMESTAMP'4000-01-01 00:00:00',42.549,-71.763,'510 N Main St',NULL,'25027',42.548672,-71.763115),
	 (30665,'MAIN','275 Nichols Rd',NULL,6878,1896,'01420','1919',NULL,NULL,1,TIMESTAMP'1800-01-01 00:00:00',TIMESTAMP'4000-01-01 00:00:00',42.598,-71.806,'275 Nichols RD',NULL,'25027',42.59798,-71.806198),
	 (1323029,'MAIN','275 Nichols Rd',NULL,6878,1896,'01420','1919',NULL,NULL,1,TIMESTAMP'1800-01-01 00:00:00',TIMESTAMP'4000-01-01 00:00:00',42.598,-71.806,'275 Nichols RD',NULL,'25027',42.59798,-71.806198);

INSERT INTO PORTOWN.PP_PHONES (ID,"type",AREACODE,EXCHANGE,NUM,EXTENSION,"FOREIGN",COUNTRY_CODE,FOREIGN_PHONE) VALUES
	 (17126,'PHONE','978','343','5000',NULL,'N',1,NULL),
	 (1113348,'PHONE','978','466','2000',NULL,'N',1,NULL),
	 (1051940,'PHONE','978','343','5005',NULL,'N',1,NULL),
	 (2718400,'PHONE','978','466','8820',NULL,'N',1,NULL);

INSERT INTO PORTOWN.PP_ADDR_PHONES (ADDRESS_ID,PHONE_ID) VALUES
	 (123488,1113348),
	 (3037769,2718400),
	 (30665,17126),
	 (1323029,1051940);

INSERT INTO PORTOWN.PP_PROV_TIN_LOC (ID,TIN_ID,ADDRESS_ID,NAME,"PRIMARY",PRINT_SUPPRESS,OFFICE_MGR,TRAIN,BUS,TRANSIT_ROUTE,HANDICAP,LABEL_CLUSTER_ID,PROV_TIN_PRC_CONT_ID) VALUES
	 (2174361,12626,3037769,'Health Alliance Hospital','N','Y',NULL,'N','N',NULL,'N',1,NULL),
	 (907570,12626,1323029,'Health Alliance Hospital','N','Y',NULL,'N','N',NULL,'Y',1,NULL),
	 (17085,12626,30665,'HealthAlliance Hospital - Burbank Campus','N',NULL,NULL,'N','N',NULL,'Y',1,NULL),
	 (89927,12626,123488,'Health Alliance Hospital','Y',NULL,NULL,'N','N',NULL,'N',1,NULL);

INSERT INTO PORTOWN.PP_PROV_LOC (PROV_ID,LOC_ID,NAME_USAGE,"PRIMARY",START_DATE,END_DATE,PRINT_SUPPRESS,LABEL_CLUSTER_ID) VALUES
	 (12783,17085,'L','Y',TIMESTAMP'2009-06-17 00:00:00',TIMESTAMP'4000-01-01 00:00:00','N',1),
	 (12783,89927,'C','Y',TIMESTAMP'2009-06-17 00:00:00',TIMESTAMP'4000-01-01 00:00:00','N',1),
	 (12783,907570,'C','N',TIMESTAMP'2013-04-01 00:00:00',TIMESTAMP'4000-01-01 00:00:00','N',1),
	 (12783,2174361,'C','N',TIMESTAMP'2015-01-01 00:00:00',TIMESTAMP'4000-01-01 00:00:00','N',1);

INSERT INTO PORTOWN.PP_PROV_NET_CYCLE (ID,PROV_ID,NET_ID,STATUS,START_DATE,END_DATE,LABEL_CLUSTER_ID) VALUES
	 (588467,12783,1860,'Nonpar',TIMESTAMP'2012-01-01 00:00:00',TIMESTAMP'4000-01-01 00:00:00',1),
	 (2278269,12783,169,'Nonpar',TIMESTAMP'2010-02-01 00:00:00',TIMESTAMP'4000-01-01 00:00:00',1),
	 (6952008,12783,4681,'Nonpar',TIMESTAMP'2017-01-01 00:00:00',TIMESTAMP'2022-12-31 00:00:00',1),
	 (6945132,12783,4736,'Nonpar',TIMESTAMP'2017-01-01 00:00:00',TIMESTAMP'4000-01-01 00:00:00',1),
	 (7499860,12783,1844,'Nonpar',TIMESTAMP'2011-07-01 00:00:00',TIMESTAMP'4000-01-01 00:00:00',1),
	 (17065206,12783,13296,'Nonpar',TIMESTAMP'2023-01-01 00:00:00',TIMESTAMP'4000-01-01 00:00:00',1),
	 (16746607,12783,11478,'Nonpar',TIMESTAMP'2021-03-01 00:00:00',TIMESTAMP'4000-01-01 00:00:00',1),
	 (21023041,12783,13152,'Nonpar',TIMESTAMP'2025-01-01 00:00:00',TIMESTAMP'4000-01-01 00:00:00',1),
	 (904633,12783,1177,'Par',TIMESTAMP'2013-04-01 00:00:00',TIMESTAMP'2025-04-11 00:00:00',1),
	 (16239990,12783,1556,'Nonpar',TIMESTAMP'2014-01-01 00:00:00',TIMESTAMP'4000-01-01 00:00:00',1);
INSERT INTO PORTOWN.PP_PROV_NET_CYCLE (ID,PROV_ID,NET_ID,STATUS,START_DATE,END_DATE,LABEL_CLUSTER_ID) VALUES
	 (17273740,12783,6716,'Par',TIMESTAMP'2022-03-03 00:00:00',TIMESTAMP'4000-01-01 00:00:00',1),
	 (17146829,12783,3936,'Par',TIMESTAMP'2022-02-05 00:00:00',TIMESTAMP'4000-01-01 00:00:00',1),
	 (19807197,12783,2617,'Par',TIMESTAMP'2024-01-06 00:00:00',TIMESTAMP'4000-01-01 00:00:00',1),
	 (1289351,12783,3676,'Nonpar',TIMESTAMP'2013-01-01 00:00:00',TIMESTAMP'4000-01-01 00:00:00',1),
	 (3838442,12783,2956,'Nonpar',TIMESTAMP'2016-03-01 00:00:00',TIMESTAMP'2018-09-30 00:00:00',1),
	 (6947987,12783,4740,'Nonpar',TIMESTAMP'2017-01-01 00:00:00',TIMESTAMP'4000-01-01 00:00:00',1),
	 (6951433,12783,5256,'Nonpar',TIMESTAMP'2017-01-01 00:00:00',TIMESTAMP'2022-12-31 00:00:00',1),
	 (6951614,12783,4682,'Nonpar',TIMESTAMP'2017-01-01 00:00:00',TIMESTAMP'2022-12-31 00:00:00',1),
	 (6940762,12783,4742,'Nonpar',TIMESTAMP'2017-01-01 00:00:00',TIMESTAMP'4000-01-01 00:00:00',1),
	 (6949584,12783,4741,'Nonpar',TIMESTAMP'2017-01-01 00:00:00',TIMESTAMP'4000-01-01 00:00:00',1);
INSERT INTO PORTOWN.PP_PROV_NET_CYCLE (ID,PROV_ID,NET_ID,STATUS,START_DATE,END_DATE,LABEL_CLUSTER_ID) VALUES
	 (5904076,12783,281,'Nonpar',TIMESTAMP'2010-11-01 00:00:00',TIMESTAMP'4000-01-01 00:00:00',1),
	 (6939093,12783,4743,'Nonpar',TIMESTAMP'2017-01-01 00:00:00',TIMESTAMP'2022-12-31 00:00:00',1),
	 (6946545,12783,4738,'Nonpar',TIMESTAMP'2017-01-01 00:00:00',TIMESTAMP'4000-01-01 00:00:00',1),
	 (4140273,12783,1079,'Nonpar',TIMESTAMP'2013-06-01 00:00:00',TIMESTAMP'2023-03-31 00:00:00',1),
	 (7734780,12783,4636,'Nonpar',TIMESTAMP'2017-08-01 00:00:00',TIMESTAMP'4000-01-01 00:00:00',1),
	 (6950992,12783,4680,'Nonpar',TIMESTAMP'2017-01-01 00:00:00',TIMESTAMP'4000-01-01 00:00:00',1),
	 (6942247,12783,4739,'Nonpar',TIMESTAMP'2017-01-01 00:00:00',TIMESTAMP'4000-01-01 00:00:00',1),
	 (6943678,12783,4737,'Nonpar',TIMESTAMP'2017-01-01 00:00:00',TIMESTAMP'4000-01-01 00:00:00',1),
	 (19824387,12783,2599,'Par',TIMESTAMP'2024-01-06 00:00:00',TIMESTAMP'4000-01-01 00:00:00',1),
	 (22025,12783,111,'Nonpar',TIMESTAMP'2009-06-17 00:00:00',TIMESTAMP'4000-01-01 00:00:00',1);
INSERT INTO PORTOWN.PP_PROV_NET_CYCLE (ID,PROV_ID,NET_ID,STATUS,START_DATE,END_DATE,LABEL_CLUSTER_ID) VALUES
	 (6952213,12783,4683,'Nonpar',TIMESTAMP'2017-01-01 00:00:00',TIMESTAMP'2022-12-31 00:00:00',1);

INSERT INTO PORTOWN.PP_PROV_NET_LOC_CYCLE (ID,PROV_NET_CYCLE_ID,PROV_ID,LOC_ID,START_DATE,END_DATE,"PRIMARY",LABEL_CLUSTER_ID) VALUES
	 (1158522,904633,12783,907570,TIMESTAMP'2013-04-01 00:00:00',TIMESTAMP'4000-01-01 00:00:00','N',1),
	 (720091,588467,12783,17085,TIMESTAMP'2012-01-01 00:00:00',TIMESTAMP'4000-01-01 00:00:00','N',1),
	 (1158499,904633,12783,17085,TIMESTAMP'2013-04-01 00:00:00',TIMESTAMP'4000-01-01 00:00:00','N',1),
	 (27899373,17273740,12783,17085,TIMESTAMP'2022-03-03 00:00:00',TIMESTAMP'4000-01-01 00:00:00','N',1),
	 (27666088,17146829,12783,17085,TIMESTAMP'2022-02-05 00:00:00',TIMESTAMP'4000-01-01 00:00:00','N',1),
	 (33324632,19807197,12783,17085,TIMESTAMP'2024-01-06 00:00:00',TIMESTAMP'4000-01-01 00:00:00','N',1),
	 (33477147,19824387,12783,17085,TIMESTAMP'2024-01-06 00:00:00',TIMESTAMP'4000-01-01 00:00:00','N',1),
	 (17002,22025,12783,17085,TIMESTAMP'2009-06-17 00:00:00',TIMESTAMP'4000-01-01 00:00:00','N',1),
	 (108671,22025,12783,89927,TIMESTAMP'2009-06-17 00:00:00',TIMESTAMP'4000-01-01 00:00:00','N',1),
	 (1645125,1289351,12783,89927,TIMESTAMP'2013-01-01 00:00:00',TIMESTAMP'4000-01-01 00:00:00','Y',1);
INSERT INTO PORTOWN.PP_PROV_NET_LOC_CYCLE (ID,PROV_NET_CYCLE_ID,PROV_ID,LOC_ID,START_DATE,END_DATE,"PRIMARY",LABEL_CLUSTER_ID) VALUES
	 (1158420,904633,12783,89927,TIMESTAMP'2013-04-01 00:00:00',TIMESTAMP'4000-01-01 00:00:00','N',1),
	 (3251366,2278269,12783,89927,TIMESTAMP'2010-02-01 00:00:00',TIMESTAMP'4000-01-01 00:00:00','Y',1),
	 (5672894,3838442,12783,89927,TIMESTAMP'2016-03-01 00:00:00',TIMESTAMP'2018-09-30 00:00:00','N',1),
	 (6147828,4140273,12783,89927,TIMESTAMP'2013-06-01 00:00:00',TIMESTAMP'2023-03-31 00:00:00','N',1),
	 (10147973,6947987,12783,89927,TIMESTAMP'2017-01-01 00:00:00',TIMESTAMP'4000-01-01 00:00:00','N',1),
	 (10152396,6952213,12783,89927,TIMESTAMP'2017-01-01 00:00:00',TIMESTAMP'2022-12-31 00:00:00','N',1),
	 (10151610,6951433,12783,89927,TIMESTAMP'2017-01-01 00:00:00',TIMESTAMP'2022-12-31 00:00:00','N',1),
	 (10151793,6951614,12783,89927,TIMESTAMP'2017-01-01 00:00:00',TIMESTAMP'2022-12-31 00:00:00','N',1),
	 (10152211,6952008,12783,89927,TIMESTAMP'2017-01-01 00:00:00',TIMESTAMP'2022-12-31 00:00:00','N',1),
	 (10149729,6949584,12783,89927,TIMESTAMP'2017-01-01 00:00:00',TIMESTAMP'4000-01-01 00:00:00','N',1);
INSERT INTO PORTOWN.PP_PROV_NET_LOC_CYCLE (ID,PROV_NET_CYCLE_ID,PROV_ID,LOC_ID,START_DATE,END_DATE,"PRIMARY",LABEL_CLUSTER_ID) VALUES
	 (10151170,6950992,12783,89927,TIMESTAMP'2017-01-01 00:00:00',TIMESTAMP'4000-01-01 00:00:00','N',1),
	 (8738711,5904076,12783,89927,TIMESTAMP'2010-11-01 00:00:00',TIMESTAMP'4000-01-01 00:00:00','N',1),
	 (10140409,6940762,12783,89927,TIMESTAMP'2017-01-01 00:00:00',TIMESTAMP'4000-01-01 00:00:00','N',1),
	 (10141959,6942247,12783,89927,TIMESTAMP'2017-01-01 00:00:00',TIMESTAMP'4000-01-01 00:00:00','N',1),
	 (10138684,6939093,12783,89927,TIMESTAMP'2017-01-01 00:00:00',TIMESTAMP'2022-12-31 00:00:00','N',1),
	 (10145046,6945132,12783,89927,TIMESTAMP'2017-01-01 00:00:00',TIMESTAMP'4000-01-01 00:00:00','N',1),
	 (10146479,6946545,12783,89927,TIMESTAMP'2017-01-01 00:00:00',TIMESTAMP'4000-01-01 00:00:00','N',1),
	 (10143465,6943678,12783,89927,TIMESTAMP'2017-01-01 00:00:00',TIMESTAMP'4000-01-01 00:00:00','N',1),
	 (11358322,7499860,12783,89927,TIMESTAMP'2011-07-01 00:00:00',TIMESTAMP'4000-01-01 00:00:00','N',1),
	 (11712366,7734780,12783,89927,TIMESTAMP'2017-08-01 00:00:00',TIMESTAMP'4000-01-01 00:00:00','N',1);
INSERT INTO PORTOWN.PP_PROV_NET_LOC_CYCLE (ID,PROV_NET_CYCLE_ID,PROV_ID,LOC_ID,START_DATE,END_DATE,"PRIMARY",LABEL_CLUSTER_ID) VALUES
	 (25870470,16239990,12783,89927,TIMESTAMP'2014-01-01 00:00:00',TIMESTAMP'4000-01-01 00:00:00','Y',1),
	 (27531299,17065206,12783,89927,TIMESTAMP'2023-01-01 00:00:00',TIMESTAMP'4000-01-01 00:00:00','N',1),
	 (27009331,16746607,12783,89927,TIMESTAMP'2021-03-01 00:00:00',TIMESTAMP'4000-01-01 00:00:00','N',1),
	 (44448707,21023041,12783,89927,TIMESTAMP'2025-01-01 00:00:00',TIMESTAMP'4000-01-01 00:00:00','Y',1),
	 (44448706,21023041,12783,89927,TIMESTAMP'2025-01-01 00:00:00',TIMESTAMP'4000-01-01 00:00:00','Y',1);

INSERT INTO PORTOWN.PP_PROV_LOC_ATTRIB (ID,PROV_ID,LOC_ID,ATTRIBUTE_ID) VALUES
	 (35787807,12783,2174361,106877),
	 (35787806,12783,907570,106877),
	 (35787804,12783,17085,106877),
	 (35787805,12783,89927,106877);

INSERT INTO PORTOWN.PP_PROV_LOC_ATTRIB_VALUES (ID,PROV_LOC_ATTRIBUTE_ID,FIELD_ID,VALUE,VALUE_DATE,VALUE_NUMBER,LABEL_CLUSTER_ID) VALUES
	 (92830808,35787805,111355,'General Acute Care Hospital',NULL,NULL,1),
	 (92830807,35787804,111355,'General Acute Care Hospital',NULL,NULL,1),
	 (92830810,35787807,111355,'General Acute Care Hospital',NULL,NULL,1),
	 (92830809,35787806,111355,'General Acute Care Hospital',NULL,NULL,1);
