INSERT INTO PORTOWN.PP_PRAC (ID,FNAME,MNAME,LNAME,XNAME,"DEGREE",SEX,DOB,SSN,EMAIL,SALUTATION,LABEL_CLUSTER_ID,PRAC_TYPE_ID,NARRATIVE) VALUES
	 (57335,'Jordan','R','Ship',NULL,'MD','M',TIMESTAMP'2012-12-24 00:00:00',NULL,NULL,NULL,1,NULL,NULL);

-- no address or phone number for the practitioner

INSERT INTO PORTOWN.PP_ADDR (ID,"TYPE",ADDR1,ADDR2,CITY_ID,COUNTY_ID,ZIP,PLUS4,ADDR3,POSTAL_CODE,COUNTRY_ID,START_DATE,END_DATE,LATITUDE,LONGITUDE,UGLY_ADDR1,UGLY_ADDR2,COUNTY_FIPS,LATITUDE7,LONGITUDE7) VALUES
	 (25764,'MAIN','55 Fogg Rd',NULL,19629,1242,'02190','2432',NULL,NULL,1,TIMESTAMP'1800-01-01 00:00:00',TIMESTAMP'4000-01-01 00:00:00',42.176,-70.954,'55 Fogg RD',NULL,'25021',42.175716,-70.954216);

INSERT INTO PORTOWN.PP_PROV_TIN_LOC (ID,TIN_ID,ADDRESS_ID,NAME,"PRIMARY",PRINT_SUPPRESS,OFFICE_MGR,TRAIN,BUS,TRANSIT_ROUTE,HANDICAP,LABEL_CLUSTER_ID,PROV_TIN_PRC_CONT_ID) VALUES
	 (14684,10826,25764,'South Shore Hospital','Y',NULL,NULL,'N','N',NULL,'Y',1,NULL);

INSERT INTO PORTOWN.PP_PRAC_LOC (PRAC_ID,PROV_ID,LOC_ID,"PRIMARY",PRINT_SUPPRESS,START_DATE,END_DATE,LABEL_CLUSTER_ID) VALUES
	 (57335,10963,14684,'Y','Y',TIMESTAMP'2009-12-22 00:00:00',TIMESTAMP'4000-01-01 00:00:00',1);

INSERT INTO PORTOWN.PP_PRAC_NET_CYCLE (ID,PRAC_ID,NET_ID,START_DATE,END_DATE,STATUS,LABEL_CLUSTER_ID) VALUES
	 (89323,57335,111,TIMESTAMP'2009-06-01 00:00:00',TIMESTAMP'2015-01-31 00:00:00','Nonpar',1),
	 (154670,57335,169,TIMESTAMP'2010-02-01 00:00:00',TIMESTAMP'2015-01-31 00:00:00','Nonpar',1),
	 (1356981,57335,1860,TIMESTAMP'2012-01-01 00:00:00',TIMESTAMP'2021-11-28 00:00:00','Nonpar',1),
	 (2998672,57335,3676,TIMESTAMP'2013-01-01 00:00:00',TIMESTAMP'2015-01-31 00:00:00','Nonpar',1),
	 (5278423,57335,3676,TIMESTAMP'2015-02-01 00:00:00',TIMESTAMP'4000-01-01 00:00:00','Par',1),
	 (6300362,57335,900,TIMESTAMP'2015-02-01 00:00:00',TIMESTAMP'4000-01-01 00:00:00','Par',1);

INSERT INTO PORTOWN.PP_PRAC_NET_LOC_CYCLE (ID,PRAC_ID,PROV_ID,LOC_ID,PRAC_NET_CYCLE_ID,START_DATE,END_DATE,"PRIMARY",LABEL_CLUSTER_ID) VALUES
	 (88071,57335,10963,14684,89323,TIMESTAMP'2009-06-01 00:00:00',TIMESTAMP'2015-01-31 00:00:00','N',1),
	 (171994,57335,10963,14684,154670,TIMESTAMP'2009-06-01 00:00:00',TIMESTAMP'2015-01-31 00:00:00','N',1),
	 (1091022,57335,10963,14684,1356981,TIMESTAMP'2012-01-01 00:00:00',TIMESTAMP'4000-01-01 00:00:00','N',1),
	 (2905835,57335,10963,14684,2998672,TIMESTAMP'2013-01-01 00:00:00',TIMESTAMP'2015-01-31 00:00:00','N',1),
	 (8763889,57335,10963,14684,5278423,TIMESTAMP'2015-10-01 00:00:00',TIMESTAMP'4000-01-01 00:00:00','N',1),
	 (8763890,57335,10963,14684,6300362,TIMESTAMP'2015-10-01 00:00:00',TIMESTAMP'4000-01-01 00:00:00','N',1);

INSERT INTO PORTOWN.PP_PRAC_ATTRIB (ID,PRAC_ID,ATTRIBUTE_ID) VALUES
	 (215209,57335,501),
	 (15189735,57335,100051),
	 (8764833,57335,100052);

INSERT INTO PORTOWN.PP_PRAC_ATTRIB_VALUES (ID,PRAC_ATTRIBUTE_ID,FIELD_ID,VALUE,VALUE_DATE,VALUE_NUMBER,LABEL_CLUSTER_ID) VALUES
	 (339059,215209,701,'1861470247',NULL,1861470247,1),
	 (339060,215209,703,'01/05/2006',TIMESTAMP'2006-01-05 00:00:00',NULL,1),
	 (4314268,215209,702,'Type 1',NULL,NULL,1),
	 (25946850,15189735,100260,'FS1212125',NULL,NULL,1),
	 (13950658,8764833,100261,'MA',NULL,NULL,1),
	 (13950659,8764833,104028,'AC',NULL,NULL,1),
	 (13950660,8764833,100677,'12-24-2015',TIMESTAMP'2015-12-24 00:00:00',NULL,1),
	 (13950661,8764833,100262,'238508',NULL,NULL,1);

-- no specialties
