INSERT INTO PORTOWN.PP_PRAC (ID,FNAME,MNAME,LNAME,XNAME,"DEGREE",SEX,DOB,SSN,EMAIL,SALUTATION,LABEL_CLUSTER_ID,PRAC_TYPE_ID,NARRATIVE) VALUES
	 (2504634,'Gregory','J.','Howarth',NULL,'PA','M',TIMESTAMP'1986-09-02 00:00:00',NULL,'ghowarth@partners.org',NULL,1,NULL,NULL);

-- no address or phone number for the practitioner

INSERT INTO PORTOWN.PP_ADDR (ID,"TYPE",ADDR1,ADDR2,CITY_ID,COUNTY_ID,ZIP,PLUS4,ADDR3,POSTAL_CODE,COUNTRY_ID,START_DATE,END_DATE,LATITUDE,LONGITUDE,UGLY_ADDR1,UGLY_ADDR2,COUNTY_FIPS,LATITUDE7,LONGITUDE7) VALUES
	 (25764,'MAIN','55 Fogg Rd',NULL,19629,1242,'02190','2432',NULL,NULL,1,TIMESTAMP'1800-01-01 00:00:00',TIMESTAMP'4000-01-01 00:00:00',42.176,-70.954,'55 Fogg RD',NULL,'25021',42.175716,-70.954216);

INSERT INTO PORTOWN.PP_PROV_TIN_LOC (ID,TIN_ID,ADDRESS_ID,NAME,"PRIMARY",PRINT_SUPPRESS,OFFICE_MGR,TRAIN,BUS,TRANSIT_ROUTE,HANDICAP,LABEL_CLUSTER_ID,PROV_TIN_PRC_CONT_ID) VALUES
	 (14684,10826,25764,'South Shore Hospital','Y',NULL,NULL,'N','N',NULL,'Y',1,NULL);

INSERT INTO PORTOWN.PP_PRAC_LOC (PRAC_ID,PROV_ID,LOC_ID,"PRIMARY",PRINT_SUPPRESS,START_DATE,END_DATE,LABEL_CLUSTER_ID) VALUES
	 (2504634,10963,14684,'N','N',TIMESTAMP'2013-01-01 00:00:00',TIMESTAMP'4000-01-01 00:00:00',1);

INSERT INTO PORTOWN.PP_PRAC_NET_CYCLE (ID,PRAC_ID,NET_ID,START_DATE,END_DATE,STATUS,LABEL_CLUSTER_ID) VALUES
	 (6315281,2504634,3676,TIMESTAMP'2013-01-01 00:00:00',TIMESTAMP'2013-01-02 00:00:00','Par Pending',1),
	 (6315284,2504634,900,TIMESTAMP'2013-01-01 00:00:00',TIMESTAMP'2016-11-08 00:00:00','Par Pending',1),
	 (6513567,2504634,3676,TIMESTAMP'2013-01-03 00:00:00',TIMESTAMP'2013-01-31 00:00:00','Nonpar',1),
	 (7445618,2504634,900,TIMESTAMP'2016-11-09 00:00:00',TIMESTAMP'4000-01-01 00:00:00','Par',1);

INSERT INTO PORTOWN.PP_PRAC_NET_LOC_CYCLE (ID,PRAC_ID,PROV_ID,LOC_ID,PRAC_NET_CYCLE_ID,START_DATE,END_DATE,"PRIMARY",LABEL_CLUSTER_ID) VALUES
	 (8669292,2504634,10963,14684,6315281,TIMESTAMP'2013-01-01 00:00:00',TIMESTAMP'2013-01-02 00:00:00','Y',1),
	 (8669330,2504634,10963,14684,6315284,TIMESTAMP'2013-01-01 00:00:00',TIMESTAMP'2016-11-08 00:00:00','N',1),
	 (9030475,2504634,10963,14684,6513567,TIMESTAMP'2013-01-03 00:00:00',TIMESTAMP'2013-01-31 00:00:00','N',1),
	 (10773198,2504634,10963,14684,7445618,TIMESTAMP'2016-11-09 00:00:00',TIMESTAMP'4000-01-01 00:00:00','N',1);

INSERT INTO PORTOWN.PP_PRAC_ATTRIB (ID,PRAC_ID,ATTRIBUTE_ID) VALUES
	 (10752717,2504634,501),
	 (13518712,2504634,100039),
	 (13518714,2504634,100043),
	 (10752716,2504634,100052);

INSERT INTO PORTOWN.PP_PRAC_ATTRIB_VALUES (ID,PRAC_ATTRIBUTE_ID,FIELD_ID,VALUE,VALUE_DATE,VALUE_NUMBER,LABEL_CLUSTER_ID) VALUES
	 (17646675,10752717,703,'02/03/2016',TIMESTAMP'2016-02-03 00:00:00',NULL,1),
	 (17646676,10752717,701,'1508114018',NULL,1508114018,1),
	 (17646677,10752717,702,'Type 1',NULL,NULL,1),
	 (22801954,13518712,100232,' ',NULL,NULL,1),
	 (22801955,13518712,100233,' ',NULL,NULL,1),
	 (22801957,13518714,100242,'NA',NULL,NULL,1),
	 (17646672,10752716,100677,'03/01/2017',TIMESTAMP'2017-03-01 00:00:00',NULL,1),
	 (17646673,10752716,100262,'PA4465',NULL,NULL,1),
	 (17646674,10752716,100261,'MA',NULL,NULL,1);

-- no specialties
