INSERT INTO PORTOWN.PP_PRAC (ID,FNAME,MNAME,LNAME,XNAME,"degree",SEX,DOB,SSN,EMAIL,SALUTATION,LABEL_CLUSTER_ID,PRAC_TYPE_ID,NARRATIVE) VALUES
	 (3239854,'Jenna','J','Brimmer',NULL,'MD','F',TIMESTAMP'1970-07-24 00:00:00','472-04-1153',NULL,NULL,1,NULL,NULL);

INSERT INTO PORTOWN.PP_ADDR (ID,"type",ADDR1,ADDR2,CITY_ID,COUNTY_ID,ZIP,PLUS4,ADDR3,POSTAL_CODE,COUNTRY_ID,START_DATE,END_DATE,LATITUDE,LONGITUDE,UGLY_ADDR1,UGLY_ADDR2,COUNTY_FIPS,LATITUDE7,LONGITUDE7) VALUES
	 (13279690,'MAILING','1510 4TH ST STE 1',NULL,1480,17,'94710',NULL,NULL,NULL,1,TIMESTAMP'1800-01-01 00:00:00',TIMESTAMP'4000-01-01 00:00:00',37.874,-122.302,'1510 4th St Ste 1',NULL,'06001',37.874298,-122.302307);

-- No phones to be inserted
-- NO pp_addr_phones data to be inserted

INSERT INTO PORTOWN.PP_PRAC_ADDR (PRAC_ID,ADDRESS_ID) VALUES
	 (3239854,13279690);

INSERT INTO PORTOWN.PP_ADDR (ID,"TYPE",ADDR1,ADDR2,CITY_ID,COUNTY_ID,ZIP,PLUS4,ADDR3,POSTAL_CODE,COUNTRY_ID,START_DATE,END_DATE,LATITUDE,LONGITUDE,UGLY_ADDR1,UGLY_ADDR2,COUNTY_FIPS,LATITUDE7,LONGITUDE7) VALUES
	 (13216893,'MAIN','1510 Fourth St.','Ste 1',1480,17,'94710',NULL,NULL,NULL,1,TIMESTAMP'1800-01-01 00:00:00',TIMESTAMP'4000-01-01 00:00:00',37.874,-122.302,'1510 Fourth St','Ste 1','06001',37.874298,-122.302307),
	 (4701429,'MAIN','1510 4th St',NULL,1480,17,'94710','1717',NULL,NULL,1,TIMESTAMP'1800-01-01 00:00:00',TIMESTAMP'4000-01-01 00:00:00',37.874,-122.302,'1510 4th St',NULL,'06001',37.874298,-122.302307);


INSERT INTO PORTOWN.PP_PROV_TIN_LOC (ID,TIN_ID,ADDRESS_ID,NAME,"PRIMARY",PRINT_SUPPRESS,OFFICE_MGR,TRAIN,BUS,TRANSIT_ROUTE,HANDICAP,LABEL_CLUSTER_ID,PROV_TIN_PRC_CONT_ID) VALUES
	 (3524717,1794145,4701429,'Health Net Direct Network','N','N',NULL,'N','N',NULL,'Y',1,NULL),
	 (10633719,1794145,13216893,'HEALTH NET DIRECT NETWORK','N',NULL,NULL,NULL,NULL,NULL,NULL,1,NULL);


INSERT INTO PORTOWN.PP_PRAC_LOC (PRAC_ID,PROV_ID,LOC_ID,"PRIMARY",PRINT_SUPPRESS,START_DATE,END_DATE,LABEL_CLUSTER_ID) VALUES
	 (3239854,2278224,3524717,'Y','N',TIMESTAMP'2015-01-01 00:00:00',TIMESTAMP'4000-01-01 00:00:00',1),
	 (3239854,2278224,10633719,NULL,'N',TIMESTAMP'1995-06-01 00:00:00',TIMESTAMP'4000-01-01 00:00:00',1);

INSERT INTO PORTOWN.PP_PRAC_NET_CYCLE (ID,PRAC_ID,NET_ID,START_DATE,END_DATE,STATUS,LABEL_CLUSTER_ID) VALUES
	 (8118499,3239854,4179,TIMESTAMP'2017-01-01 00:00:00',TIMESTAMP'4000-01-01 00:00:00','Par',1),
	 (8561242,3239854,5256,TIMESTAMP'2015-01-01 00:00:00',TIMESTAMP'2022-12-31 00:00:00','Par',1),
	 (11988244,3239854,8219,TIMESTAMP'2015-01-01 00:00:00',TIMESTAMP'4000-01-01 00:00:00','Par',1),
	 (11988248,3239854,8237,TIMESTAMP'2015-01-01 00:00:00',TIMESTAMP'4000-01-01 00:00:00','Par',1),
	 (11988250,3239854,8238,TIMESTAMP'2015-01-01 00:00:00',TIMESTAMP'4000-01-01 00:00:00','Par',1),
	 (11988253,3239854,8239,TIMESTAMP'2015-01-01 00:00:00',TIMESTAMP'4000-01-01 00:00:00','Par',1),
	 (11988257,3239854,8243,TIMESTAMP'2015-01-01 00:00:00',TIMESTAMP'4000-01-01 00:00:00','Par',1),
	 (11988261,3239854,8245,TIMESTAMP'2015-01-01 00:00:00',TIMESTAMP'4000-01-01 00:00:00','Par',1),
	 (11988264,3239854,8246,TIMESTAMP'2015-01-01 00:00:00',TIMESTAMP'4000-01-01 00:00:00','Par',1),
	 (14267475,3239854,9716,TIMESTAMP'2015-01-01 00:00:00',TIMESTAMP'2023-12-31 00:00:00','Par',1);
INSERT INTO PORTOWN.PP_PRAC_NET_CYCLE (ID,PRAC_ID,NET_ID,START_DATE,END_DATE,STATUS,LABEL_CLUSTER_ID) VALUES
	 (14267476,3239854,8242,TIMESTAMP'2015-01-01 00:00:00',TIMESTAMP'4000-01-01 00:00:00','Par',1);

INSERT INTO PORTOWN.PP_PRAC_NET_LOC_CYCLE (ID,PRAC_ID,PROV_ID,LOC_ID,PRAC_NET_CYCLE_ID,START_DATE,END_DATE,"PRIMARY",LABEL_CLUSTER_ID) VALUES
	 (12273072,3239854,2278224,3524717,8118499,TIMESTAMP'2017-01-01 00:00:00',TIMESTAMP'4000-01-01 00:00:00','N',1),
	 (13451002,3239854,2278224,3524717,8561242,TIMESTAMP'2015-01-01 00:00:00',TIMESTAMP'2022-12-31 00:00:00','N',1),
	 (23844913,3239854,2278224,3524717,11988244,TIMESTAMP'2015-01-01 00:00:00',TIMESTAMP'2025-09-19 00:00:00','N',1),
	 (97227241,3239854,2278224,10633719,11988244,TIMESTAMP'2010-05-01 00:00:00',TIMESTAMP'4000-01-01 00:00:00','N',1),
	 (23844919,3239854,2278224,3524717,11988248,TIMESTAMP'2015-01-01 00:00:00',TIMESTAMP'2025-09-19 00:00:00','N',1),
	 (97184373,3239854,2278224,10633719,11988248,TIMESTAMP'2010-05-01 00:00:00',TIMESTAMP'4000-01-01 00:00:00','N',1),
	 (23844921,3239854,2278224,3524717,11988250,TIMESTAMP'2015-01-01 00:00:00',TIMESTAMP'2025-09-19 00:00:00','N',1),
	 (97389375,3239854,2278224,10633719,11988250,TIMESTAMP'2010-05-01 00:00:00',TIMESTAMP'4000-01-01 00:00:00','N',1),
	 (23844925,3239854,2278224,3524717,11988253,TIMESTAMP'2015-01-01 00:00:00',TIMESTAMP'2025-09-19 00:00:00','N',1),
	 (97426082,3239854,2278224,10633719,11988253,TIMESTAMP'2010-05-01 00:00:00',TIMESTAMP'4000-01-01 00:00:00','N',1);
INSERT INTO PORTOWN.PP_PRAC_NET_LOC_CYCLE (ID,PRAC_ID,PROV_ID,LOC_ID,PRAC_NET_CYCLE_ID,START_DATE,END_DATE,"PRIMARY",LABEL_CLUSTER_ID) VALUES
	 (23844929,3239854,2278224,3524717,11988257,TIMESTAMP'2015-01-01 00:00:00',TIMESTAMP'2025-09-19 00:00:00','N',1),
	 (97260842,3239854,2278224,10633719,11988257,TIMESTAMP'2010-05-01 00:00:00',TIMESTAMP'4000-01-01 00:00:00','N',1),
	 (23844933,3239854,2278224,3524717,11988261,TIMESTAMP'2015-01-01 00:00:00',TIMESTAMP'2025-09-19 00:00:00','N',1),
	 (97301257,3239854,2278224,10633719,11988261,TIMESTAMP'2010-05-01 00:00:00',TIMESTAMP'4000-01-01 00:00:00','N',1),
	 (23844936,3239854,2278224,3524717,11988264,TIMESTAMP'2015-01-01 00:00:00',TIMESTAMP'2025-09-19 00:00:00','N',1),
	 (97339413,3239854,2278224,10633719,11988264,TIMESTAMP'2010-05-01 00:00:00',TIMESTAMP'4000-01-01 00:00:00','N',1),
	 (33066546,3239854,2278224,3524717,14267475,TIMESTAMP'2015-01-01 00:00:00',TIMESTAMP'2023-12-31 00:00:00','N',1),
	 (33553993,3239854,2278224,3524717,14267476,TIMESTAMP'2015-01-01 00:00:00',TIMESTAMP'2025-09-19 00:00:00','N',1),
	 (97462200,3239854,2278224,10633719,14267476,TIMESTAMP'2010-05-01 00:00:00',TIMESTAMP'4000-01-01 00:00:00','N',1);

INSERT INTO PORTOWN.PP_PRAC_ATTRIB (ID,PRAC_ID,ATTRIBUTE_ID) VALUES
	 (15410281,3239854,501),
	 (15666699,3239854,103279);

INSERT INTO PORTOWN.PP_PRAC_ATTRIB_VALUES (ID,PRAC_ATTRIBUTE_ID,FIELD_ID,VALUE,VALUE_DATE,VALUE_NUMBER,LABEL_CLUSTER_ID) VALUES
	 (26335429,15410281,701,'1295703775',NULL,1295703775,1),
	 (26335430,15410281,702,'Type 1',NULL,NULL,1),
	 (29640585,15410281,703,'01/01/2017',TIMESTAMP'2017-01-01 00:00:00',NULL,1),
	 (26711497,15666699,105838,'P110851',NULL,NULL,1);

INSERT INTO PORTOWN.PP_PRAC_LOC_ATTRIB (ID,PRAC_ID,PROV_ID,LOC_ID,ATTRIBUTE_ID) VALUES
	 (46318679,3239854,2278224,10633719,107097);

INSERT INTO PORTOWN.PP_PRAC_LOC_ATTRIB_VALUES (ID,PRAC_LOC_ATTRIBUTE_ID,FIELD_ID,VALUE,VALUE_DATE,VALUE_NUMBER,LABEL_CLUSTER_ID) VALUES
	 (111390367,46318679,111635,'Y',NULL,NULL,1),
	 (111390368,46318679,111636,'Internal Medicine',NULL,NULL,1);
