INSERT INTO PORTOWN.PP_PRAC (ID,FNAME,MNAME,LNAME,XNAME,"degree",SEX,DOB,SSN,EMAIL,SALUTATION,LABEL_CLUSTER_ID,PRAC_TYPE_ID,NARRATIVE) VALUES
	 (3245929,'Alfonso',NULL,'Camberos',NULL,'MD','M',TIMESTAMP'1968-03-11 00:00:00',NULL,NULL,NULL,1,NULL,NULL);

INSERT INTO PORTOWN.PP_ADDR (ID,"type",ADDR1,ADDR2,CITY_ID,COUNTY_ID,ZIP,PLUS4,ADDR3,POSTAL_CODE,COUNTRY_ID,START_DATE,END_DATE,LATITUDE,LONGITUDE,UGLY_ADDR1,UGLY_ADDR2,COUNTY_FIPS,LATITUDE7,LONGITUDE7) VALUES
	 (13297917,'MAILING','PO BOX 939087',NULL,18363,1537,'92193',NULL,NULL,NULL,1,TIMESTAMP'1800-01-01 00:00:00',TIMESTAMP'4000-01-01 00:00:00',32.802,-117.14,'PO Box 939087',NULL,'06073',32.80154,-117.14003);

-- No phones to be inserted
-- No PP_ADDR_PHONES data to be inserted

INSERT INTO PORTOWN.PP_PRAC_ADDR (PRAC_ID,ADDRESS_ID) VALUES
	 (3245929,13297917);

INSERT INTO PORTOWN.PP_ADDR (ID,"type",ADDR1,ADDR2,CITY_ID,COUNTY_ID,ZIP,PLUS4,ADDR3,POSTAL_CODE,COUNTRY_ID,START_DATE,END_DATE,LATITUDE,LONGITUDE,UGLY_ADDR1,UGLY_ADDR2,COUNTY_FIPS,LATITUDE7,LONGITUDE7) VALUES
	 (4704080,'MAIN','1463 S 4th St','Ste B',6101,842,'92243','4749',NULL,NULL,1,TIMESTAMP'1800-01-01 00:00:00',TIMESTAMP'4000-01-01 00:00:00',32.78,-115.552,'1463 S 4th St','Ste B','06025',32.78031,-115.55237);

INSERT INTO PORTOWN.PP_PROV_TIN_LOC (ID,TIN_ID,ADDRESS_ID,NAME,"PRIMARY",PRINT_SUPPRESS,OFFICE_MGR,TRAIN,BUS,TRANSIT_ROUTE,HANDICAP,LABEL_CLUSTER_ID,PROV_TIN_PRC_CONT_ID) VALUES
	 (3527357,1794145,4704080,'Direct Network Imperial','N','N',NULL,'N','N',NULL,'Y',1,NULL);


INSERT INTO PORTOWN.PP_PRAC_LOC (PRAC_ID,PROV_ID,LOC_ID,"PRIMARY",PRINT_SUPPRESS,START_DATE,END_DATE,LABEL_CLUSTER_ID) VALUES
	 (3245929,2278167,3527357,'Y','N',TIMESTAMP'2015-01-01 00:00:00',TIMESTAMP'4000-01-01 00:00:00',1);

INSERT INTO PORTOWN.PP_PRAC_NET_CYCLE (ID,PRAC_ID,NET_ID,START_DATE,END_DATE,STATUS,LABEL_CLUSTER_ID) VALUES
	 (8125799,3245929,4179,TIMESTAMP'2017-01-01 00:00:00',TIMESTAMP'4000-01-01 00:00:00','Par',1),
	 (8585332,3245929,5256,TIMESTAMP'2015-01-01 00:00:00',TIMESTAMP'2022-12-31 00:00:00','Par',1),
	 (9859341,3245929,4945,TIMESTAMP'2015-01-01 00:00:00',TIMESTAMP'4000-01-01 00:00:00','Par',1),
	 (12111267,3245929,8219,TIMESTAMP'2015-01-01 00:00:00',TIMESTAMP'4000-01-01 00:00:00','Par',1),
	 (12111268,3245929,8237,TIMESTAMP'2015-01-01 00:00:00',TIMESTAMP'4000-01-01 00:00:00','Par',1),
	 (12111271,3245929,8238,TIMESTAMP'2015-01-01 00:00:00',TIMESTAMP'4000-01-01 00:00:00','Par',1),
	 (12111272,3245929,8239,TIMESTAMP'2015-01-01 00:00:00',TIMESTAMP'4000-01-01 00:00:00','Par',1),
	 (12111275,3245929,8243,TIMESTAMP'2015-01-01 00:00:00',TIMESTAMP'4000-01-01 00:00:00','Par',1),
	 (12111299,3245929,8245,TIMESTAMP'2015-01-01 00:00:00',TIMESTAMP'4000-01-01 00:00:00','Par',1),
	 (12111300,3245929,8246,TIMESTAMP'2015-01-01 00:00:00',TIMESTAMP'4000-01-01 00:00:00','Par',1);
INSERT INTO PORTOWN.PP_PRAC_NET_CYCLE (ID,PRAC_ID,NET_ID,START_DATE,END_DATE,STATUS,LABEL_CLUSTER_ID) VALUES
	 (14301053,3245929,8242,TIMESTAMP'2015-01-01 00:00:00',TIMESTAMP'4000-01-01 00:00:00','Par',1),
	 (14301054,3245929,9716,TIMESTAMP'2015-01-01 00:00:00',TIMESTAMP'2023-12-31 00:00:00','Par',1);

INSERT INTO PORTOWN.PP_PRAC_NET_LOC_CYCLE (ID,PRAC_ID,PROV_ID,LOC_ID,PRAC_NET_CYCLE_ID,START_DATE,END_DATE,"PRIMARY",LABEL_CLUSTER_ID) VALUES
	 (12280772,3245929,2278167,3527357,8125799,TIMESTAMP'2017-01-01 00:00:00',TIMESTAMP'4000-01-01 00:00:00','N',1),
	 (13475210,3245929,2278167,3527357,8585332,TIMESTAMP'2015-01-01 00:00:00',TIMESTAMP'2017-11-22 00:00:00','N',1),
	 (16973983,3245929,2278167,3527357,9859341,TIMESTAMP'2015-01-01 00:00:00',TIMESTAMP'4000-01-01 00:00:00','N',1),
	 (29966956,3245929,2278167,3527357,12111267,TIMESTAMP'2015-01-01 00:00:00',TIMESTAMP'2017-09-27 00:00:00','N',1),
	 (29966960,3245929,2278167,3527357,12111268,TIMESTAMP'2015-01-01 00:00:00',TIMESTAMP'2017-09-27 00:00:00','N',1),
	 (29966963,3245929,2278167,3527357,12111271,TIMESTAMP'2015-01-01 00:00:00',TIMESTAMP'2017-09-27 00:00:00','N',1),
	 (29966966,3245929,2278167,3527357,12111272,TIMESTAMP'2015-01-01 00:00:00',TIMESTAMP'2017-09-27 00:00:00','N',1),
	 (29966970,3245929,2278167,3527357,12111275,TIMESTAMP'2015-01-01 00:00:00',TIMESTAMP'2017-09-27 00:00:00','N',1),
	 (29966974,3245929,2278167,3527357,12111299,TIMESTAMP'2015-01-01 00:00:00',TIMESTAMP'2017-09-27 00:00:00','N',1),
	 (29966978,3245929,2278167,3527357,12111300,TIMESTAMP'2015-01-01 00:00:00',TIMESTAMP'2017-09-27 00:00:00','N',1);
INSERT INTO PORTOWN.PP_PRAC_NET_LOC_CYCLE (ID,PRAC_ID,PROV_ID,LOC_ID,PRAC_NET_CYCLE_ID,START_DATE,END_DATE,"PRIMARY",LABEL_CLUSTER_ID) VALUES
	 (33158073,3245929,2278167,3527357,14301053,TIMESTAMP'2015-01-01 00:00:00',TIMESTAMP'2017-09-27 00:00:00','N',1),
	 (33158075,3245929,2278167,3527357,14301054,TIMESTAMP'2015-01-01 00:00:00',TIMESTAMP'2017-09-27 00:00:00','N',1);

INSERT INTO PORTOWN.PP_PRAC_ATTRIB (ID,PRAC_ID,ATTRIBUTE_ID) VALUES
	 (15454166,3245929,501),
	 (15672750,3245929,103279);

INSERT INTO PORTOWN.PP_PRAC_ATTRIB_VALUES (ID,PRAC_ATTRIBUTE_ID,FIELD_ID,VALUE,VALUE_DATE,VALUE_NUMBER,LABEL_CLUSTER_ID) VALUES
	 (26398779,15454166,701,'1942225388',NULL,1942225388,1),
	 (26398780,15454166,702,'Type 1',NULL,NULL,1),
	 (31211407,15454166,703,'10/30/2022',TIMESTAMP'2022-10-30 00:00:00',NULL,1),
	 (26717549,15672750,105838,'P132136',NULL,NULL,1);

-- No PRAC_LOC_SPECIALTY UDA for this practitioner
