INSERT INTO PORTOWN.PP_PROV_TIN (ID,NAME,"type",TIN,LABEL_CLUSTER_ID) VALUES
	 (10786,'Newton Wellesley Hospital',NULL,'04-2103611',1);

INSERT INTO PORTOWN.PP_ADDR (ID,"type",ADDR1,ADDR2,CITY_ID,COUNTY_ID,ZIP,PLUS4,ADDR3,POSTAL_CODE,COUNTRY_ID,START_DATE,END_DATE,LATITUDE,LONGITUDE,UGLY_ADDR1,UGLY_ADDR2,COUNTY_FIPS,LATITUDE7,LONGITUDE7) VALUES
	 (25665,'BILLING','2014 Washington St',NULL,14569,1141,'02462','1607',NULL,NULL,1,TIMESTAMP'2009-06-11 00:00:00',TIMESTAMP'4000-01-01 00:00:00',42.331,-71.245,'2014 Washington St',NULL,'25017',42.331085,-71.245346);

INSERT INTO PORTOWN.PP_PROV (ID,TIN_ID,ADDRESS_ID,SPEC_ID,SUB_PROV_CODE,NAME,NAME_USAGE,MEDICARE_NO,PROV_TYPE_ID,LABEL_CLUSTER_ID) VALUES
	 (10923,10786,25665,1944,NULL,'Newton Wellesley Hospital','P','220101',104,1);

INSERT INTO PORTOWN.PP_ADDR (ID,"type",ADDR1,ADDR2,CITY_ID,COUNTY_ID,ZIP,PLUS4,ADDR3,POSTAL_CODE,COUNTRY_ID,START_DATE,END_DATE,LATITUDE,LONGITUDE,UGLY_ADDR1,UGLY_ADDR2,COUNTY_FIPS,LATITUDE7,LONGITUDE7) VALUES
	 (25663,'MAIN','2014 Washington St',NULL,14569,1141,'02462','1607',NULL,NULL,1,TIMESTAMP'2009-06-11 00:00:00',TIMESTAMP'4000-01-01 00:00:00',42.331,-71.245,'2014 Washington St',NULL,'25017',42.331085,-71.245346);

INSERT INTO PORTOWN.PP_PROV_ADDR (PROV_ID,ADDRESS_ID) VALUES
	 (10923,25663);

-- No data for PP_PHONES and PP_ADDR_PHONES
INSERT INTO PORTOWN.PP_PROV_ATTRIB (ID,PROV_ID,ATTRIBUTE_ID) VALUES
	 (15446,10923,502),
	 (15447,10923,100011),
	 (3937970,10923,100011),
	 (12090435,10923,100011),
	 (9251257,10923,100073),
	 (15451,10923,100088),
	 (15452,10923,100089),
	 (15466,10923,100090),
	 (15453,10923,100091),
	 (15297665,10923,100114);

INSERT INTO PORTOWN.PP_PROV_ATTRIB_VALUES (ID,PROV_ATTRIBUTE_ID,FIELD_ID,VALUE,VALUE_DATE,VALUE_NUMBER,LABEL_CLUSTER_ID) VALUES
	 (16021,15446,707,'Type 2',NULL,NULL,1),
	 (16022,15446,706,'1992737761',NULL,1992737761,1),
	 (16023,15446,708,'06-11-2009',TIMESTAMP'2009-06-11 00:00:00',NULL,1),
	 (16024,15447,100094,'1002252',NULL,1002252,1),
	 (16025,15447,100477,'MA',NULL,NULL,1),
	 (4760178,3937970,100477,NULL,NULL,NULL,1),
	 (4760179,3937970,100094,NULL,NULL,NULL,1),
	 (28284835,3937970,104756,NULL,NULL,NULL,1),
	 (28284836,3937970,103215,NULL,NULL,NULL,1),
	 (14798730,12090435,100477,'OH',NULL,NULL,1);
INSERT INTO PORTOWN.PP_PROV_ATTRIB_VALUES (ID,PROV_ATTRIBUTE_ID,FIELD_ID,VALUE,VALUE_DATE,VALUE_NUMBER,LABEL_CLUSTER_ID) VALUES
	 (14798731,12090435,100094,'9111115',NULL,NULL,1),
	 (11202103,9251257,100283,'220101',NULL,NULL,1),
	 (16029,15451,100312,'No',NULL,NULL,1),
	 (16030,15452,100314,'No',NULL,NULL,1),
	 (16041,15466,100316,'No',NULL,NULL,1),
	 (16031,15453,100318,'No',NULL,NULL,1),
	 (18754383,15297665,100348,'BH',NULL,NULL,1);

INSERT INTO PORTOWN.PP_ADDR (ID,"type",ADDR1,ADDR2,CITY_ID,COUNTY_ID,ZIP,PLUS4,ADDR3,POSTAL_CODE,COUNTRY_ID,START_DATE,END_DATE,LATITUDE,LONGITUDE,UGLY_ADDR1,UGLY_ADDR2,COUNTY_FIPS,LATITUDE7,LONGITUDE7) VALUES
	 (4516188,'MAIN','2014 Washington St',NULL,14569,1141,'02462','1607',NULL,NULL,1,TIMESTAMP'1800-01-01 00:00:00',TIMESTAMP'4000-01-01 00:00:00',42.331,-71.245,'2014 Washington St',NULL,'25017',42.331085,-71.245346),
	 (25664,'MAIN','2014 Washington St',NULL,14569,1141,'02462','1607',NULL,NULL,1,TIMESTAMP'1800-01-01 00:00:00',TIMESTAMP'4000-01-01 00:00:00',42.331,-71.245,'2014 Washington St',NULL,'25017',42.331085,-71.245346),
	 (4516185,'MAIN','2014 Washington St',NULL,14569,1141,'02462','1607',NULL,NULL,1,TIMESTAMP'1800-01-01 00:00:00',TIMESTAMP'4000-01-01 00:00:00',42.331,-71.245,'2014 Washington St',NULL,'25017',42.331085,-71.245346),
	 (4516186,'MAIN','837 Washington Street',NULL,5343,1664,'02124','4611',NULL,NULL,1,TIMESTAMP'1800-01-01 00:00:00',TIMESTAMP'4000-01-01 00:00:00',42.283,-71.071,'837 Washington St',NULL,'25025',42.2828,-71.07148),
	 (4516187,'MAIN','PO Box 9142',NULL,3421,1664,'02129',NULL,NULL,NULL,1,TIMESTAMP'1800-01-01 00:00:00',TIMESTAMP'4000-01-01 00:00:00',42.376,-71.066,'PO Box 9142',NULL,'25025',42.376064,-71.065788);

INSERT INTO PORTOWN.PP_PHONES (ID,"type",AREACODE,EXCHANGE,NUM,EXTENSION,"FOREIGN",COUNTRY_CODE,FOREIGN_PHONE) VALUES
	 (4521354,'PHONE','617','724','5527',NULL,'N',1,NULL),
	 (4521356,'PHONE','617','643','6799',NULL,'N',1,NULL),
	 (14106,'PHONE','617','243','6000',NULL,'N',1,NULL),
	 (14107,'FAX','617','243','6630',NULL,'N',1,NULL),
	 (4521355,'PHONE','617','825','9660',NULL,'N',1,NULL);

INSERT INTO PORTOWN.PP_ADDR_PHONES (ADDRESS_ID,PHONE_ID) VALUES
	 (4516188,4521356),
	 (25664,14106),
	 (25664,14107),
	 (4516185,4521354),
	 (4516186,4521355);

INSERT INTO PORTOWN.PP_PROV_TIN_LOC (ID,TIN_ID,ADDRESS_ID,NAME,"PRIMARY",PRINT_SUPPRESS,OFFICE_MGR,TRAIN,BUS,TRANSIT_ROUTE,HANDICAP,LABEL_CLUSTER_ID,PROV_TIN_PRC_CONT_ID) VALUES
	 (14624,10786,25664,'Newton Wellesley Hospital','Y',NULL,NULL,'N','N',NULL,'Y',1,NULL),
	 (3404656,10786,4516185,'NEWTON WELLESLEY HOSPITA','Y','N',NULL,'N','N','N','Y',1,NULL),
	 (3404657,10786,4516186,'NEWTON WELLESLEY HOSPITA','N','N',NULL,'N','N','N','Y',1,NULL),
	 (3404658,10786,4516187,'NEWTON WELLESLEY AMBULATORY','N','N',NULL,'N','N','N','Y',1,NULL),
	 (3404659,10786,4516188,'Newton Wellesley Hospital','Y','Y',NULL,'N','N','N','Y',1,NULL);

INSERT INTO PORTOWN.PP_PROV_LOC (PROV_ID,LOC_ID,NAME_USAGE,"PRIMARY",START_DATE,END_DATE,PRINT_SUPPRESS,LABEL_CLUSTER_ID) VALUES
	 (10923,14624,'C','Y',TIMESTAMP'2004-01-01 00:00:00',TIMESTAMP'4000-01-01 00:00:00','Y',1),
	 (10923,3404656,'C','Y',TIMESTAMP'2013-01-01 00:00:00',TIMESTAMP'4000-01-01 00:00:00','N',1),
	 (10923,3404657,'C','N',TIMESTAMP'2013-01-01 00:00:00',TIMESTAMP'4000-01-01 00:00:00','N',1),
	 (10923,3404658,'C','N',TIMESTAMP'2013-01-01 00:00:00',TIMESTAMP'4000-01-01 00:00:00','Y',1),
	 (10923,3404659,'C','Y',TIMESTAMP'2008-07-01 00:00:00',TIMESTAMP'4000-01-01 00:00:00','Y',1);

INSERT INTO PORTOWN.PP_PROV_NET_CYCLE (ID,PROV_ID,NET_ID,STATUS,START_DATE,END_DATE,LABEL_CLUSTER_ID) VALUES
	 (11283703,10923,8249,'Nonpar',TIMESTAMP'2018-01-01 00:00:00',TIMESTAMP'4000-01-01 00:00:00',1),
	 (11283704,10923,8250,'Nonpar',TIMESTAMP'2018-01-01 00:00:00',TIMESTAMP'4000-01-01 00:00:00',1),
	 (16102048,10923,40,'Nonpar',TIMESTAMP'2008-01-01 00:00:00',TIMESTAMP'4000-01-01 00:00:00',1),
	 (590903,10923,1860,'Nonpar',TIMESTAMP'2012-01-01 00:00:00',TIMESTAMP'4000-01-01 00:00:00',1),
	 (1289152,10923,3676,'Nonpar',TIMESTAMP'2013-01-01 00:00:00',TIMESTAMP'4000-01-01 00:00:00',1),
	 (2205314,10923,1916,'Nonpar',TIMESTAMP'2014-09-01 00:00:00',TIMESTAMP'2023-03-31 00:00:00',1),
	 (2891018,10923,900,'Nonpar',TIMESTAMP'2013-06-01 00:00:00',TIMESTAMP'4000-01-01 00:00:00',1),
	 (3940146,10923,784,'Nonpar',TIMESTAMP'2004-01-01 00:00:00',TIMESTAMP'4000-01-01 00:00:00',1),
	 (4097101,10923,3197,'Nonpar',TIMESTAMP'2016-04-01 00:00:00',TIMESTAMP'2017-12-31 00:00:00',1),
	 (11283691,10923,8237,'Nonpar',TIMESTAMP'2018-01-01 00:00:00',TIMESTAMP'4000-01-01 00:00:00',1);
INSERT INTO PORTOWN.PP_PROV_NET_CYCLE (ID,PROV_ID,NET_ID,STATUS,START_DATE,END_DATE,LABEL_CLUSTER_ID) VALUES
	 (11283700,10923,8246,'Nonpar',TIMESTAMP'2018-01-01 00:00:00',TIMESTAMP'4000-01-01 00:00:00',1),
	 (11283702,10923,8248,'Nonpar',TIMESTAMP'2018-01-01 00:00:00',TIMESTAMP'4000-01-01 00:00:00',1),
	 (12953120,10923,4743,'Nonpar',TIMESTAMP'2015-01-01 00:00:00',TIMESTAMP'2022-12-31 00:00:00',1),
	 (19660919,10923,11478,'Nonpar',TIMESTAMP'2021-10-02 00:00:00',TIMESTAMP'4000-01-01 00:00:00',1),
	 (20371551,10923,4741,'Par',TIMESTAMP'2024-10-07 00:00:00',TIMESTAMP'4000-01-01 00:00:00',1),
	 (11283681,10923,7037,'Nonpar',TIMESTAMP'2018-01-01 00:00:00',TIMESTAMP'4000-01-01 00:00:00',1),
	 (11283682,10923,7038,'Nonpar',TIMESTAMP'2018-01-01 00:00:00',TIMESTAMP'4000-01-01 00:00:00',1),
	 (11283705,10923,8251,'Nonpar',TIMESTAMP'2018-01-01 00:00:00',TIMESTAMP'2023-12-31 00:00:00',1),
	 (17573893,10923,8117,'Par',TIMESTAMP'2022-04-22 00:00:00',TIMESTAMP'4000-01-01 00:00:00',1),
	 (338386,10923,325,'Nonpar',TIMESTAMP'2011-01-01 00:00:00',TIMESTAMP'2017-12-31 00:00:00',1);
INSERT INTO PORTOWN.PP_PROV_NET_CYCLE (ID,PROV_ID,NET_ID,STATUS,START_DATE,END_DATE,LABEL_CLUSTER_ID) VALUES
	 (790609,10923,169,'Nonpar',TIMESTAMP'2010-02-01 00:00:00',TIMESTAMP'2015-01-31 00:00:00',1),
	 (8757973,10923,1623,'Nonpar',TIMESTAMP'2016-08-03 00:00:00',TIMESTAMP'4000-01-01 00:00:00',1),
	 (11283696,10923,8242,'Nonpar',TIMESTAMP'2018-01-01 00:00:00',TIMESTAMP'4000-01-01 00:00:00',1),
	 (11283701,10923,8247,'Nonpar',TIMESTAMP'2018-01-01 00:00:00',TIMESTAMP'4000-01-01 00:00:00',1),
	 (14410565,10923,11478,'Par',TIMESTAMP'2021-10-01 00:00:00',TIMESTAMP'2021-10-01 00:00:00',1),
	 (15086280,10923,7707,'Nonpar',TIMESTAMP'2012-01-01 00:00:00',TIMESTAMP'4000-01-01 00:00:00',1),
	 (7046691,10923,4738,'Nonpar',TIMESTAMP'2017-01-01 00:00:00',TIMESTAMP'4000-01-01 00:00:00',1),
	 (7454990,10923,3959,'Nonpar',TIMESTAMP'2017-01-01 00:00:00',TIMESTAMP'4000-01-01 00:00:00',1),
	 (11283679,10923,6356,'Nonpar',TIMESTAMP'2018-01-01 00:00:00',TIMESTAMP'4000-01-01 00:00:00',1),
	 (11283688,10923,8218,'Nonpar',TIMESTAMP'2018-01-01 00:00:00',TIMESTAMP'4000-01-01 00:00:00',1);
INSERT INTO PORTOWN.PP_PROV_NET_CYCLE (ID,PROV_ID,NET_ID,STATUS,START_DATE,END_DATE,LABEL_CLUSTER_ID) VALUES
	 (11283693,10923,8239,'Nonpar',TIMESTAMP'2018-01-01 00:00:00',TIMESTAMP'4000-01-01 00:00:00',1),
	 (11283708,10923,9676,'Nonpar',TIMESTAMP'2018-01-01 00:00:00',TIMESTAMP'4000-01-01 00:00:00',1),
	 (11283710,10923,9717,'Nonpar',TIMESTAMP'2018-01-01 00:00:00',TIMESTAMP'2023-12-31 00:00:00',1),
	 (12527585,10923,9837,'Par',TIMESTAMP'2015-01-01 00:00:00',TIMESTAMP'4000-01-01 00:00:00',1),
	 (16165042,10923,4683,'Nonpar',TIMESTAMP'2017-01-01 00:00:00',TIMESTAMP'2022-12-31 00:00:00',1),
	 (19163690,10923,905,'Nonpar',TIMESTAMP'2014-01-01 00:00:00',TIMESTAMP'4000-01-01 00:00:00',1),
	 (19466135,10923,131,'Nonpar',TIMESTAMP'2007-01-01 00:00:00',TIMESTAMP'4000-01-01 00:00:00',1),
	 (19205,10923,111,'Nonpar',TIMESTAMP'2009-06-11 00:00:00',TIMESTAMP'2015-01-31 00:00:00',1),
	 (19443680,10923,281,'Par',TIMESTAMP'2023-04-19 00:00:00',TIMESTAMP'4000-01-01 00:00:00',1),
	 (2965322,10923,91,'Nonpar',TIMESTAMP'2009-11-01 00:00:00',TIMESTAMP'4000-01-01 00:00:00',1);
INSERT INTO PORTOWN.PP_PROV_NET_CYCLE (ID,PROV_ID,NET_ID,STATUS,START_DATE,END_DATE,LABEL_CLUSTER_ID) VALUES
	 (3940147,10923,782,'Nonpar',TIMESTAMP'2004-01-01 00:00:00',TIMESTAMP'4000-01-01 00:00:00',1),
	 (11283683,10923,7039,'Nonpar',TIMESTAMP'2018-01-01 00:00:00',TIMESTAMP'4000-01-01 00:00:00',1),
	 (11283687,10923,8217,'Nonpar',TIMESTAMP'2018-01-01 00:00:00',TIMESTAMP'4000-01-01 00:00:00',1),
	 (11283690,10923,8236,'Nonpar',TIMESTAMP'2018-01-01 00:00:00',TIMESTAMP'4000-01-01 00:00:00',1),
	 (11283694,10923,8240,'Nonpar',TIMESTAMP'2018-01-01 00:00:00',TIMESTAMP'2023-12-31 00:00:00',1),
	 (11283695,10923,8241,'Nonpar',TIMESTAMP'2018-01-01 00:00:00',TIMESTAMP'2023-12-31 00:00:00',1),
	 (11283707,10923,8253,'Nonpar',TIMESTAMP'2018-01-01 00:00:00',TIMESTAMP'4000-01-01 00:00:00',1),
	 (17065230,10923,13296,'Nonpar',TIMESTAMP'2023-01-01 00:00:00',TIMESTAMP'4000-01-01 00:00:00',1),
	 (11283689,10923,8219,'Nonpar',TIMESTAMP'2018-01-01 00:00:00',TIMESTAMP'4000-01-01 00:00:00',1),
	 (11283692,10923,8238,'Nonpar',TIMESTAMP'2018-01-01 00:00:00',TIMESTAMP'4000-01-01 00:00:00',1);
INSERT INTO PORTOWN.PP_PROV_NET_CYCLE (ID,PROV_ID,NET_ID,STATUS,START_DATE,END_DATE,LABEL_CLUSTER_ID) VALUES
	 (11283698,10923,8244,'Nonpar',TIMESTAMP'2018-01-01 00:00:00',TIMESTAMP'2023-12-31 00:00:00',1),
	 (12434517,10923,6716,'Nonpar',TIMESTAMP'2018-10-01 00:00:00',TIMESTAMP'4000-01-01 00:00:00',1),
	 (14462062,10923,11496,'Par',TIMESTAMP'2021-10-01 00:00:00',TIMESTAMP'2021-10-01 00:00:00',1),
	 (16185268,10923,3936,'Nonpar',TIMESTAMP'2016-01-01 00:00:00',TIMESTAMP'4000-01-01 00:00:00',1),
	 (5028007,10923,7692,'Nonpar',TIMESTAMP'2013-01-01 00:00:00',TIMESTAMP'4000-01-01 00:00:00',1),
	 (517346,10923,71,'Nonpar',TIMESTAMP'2011-02-01 00:00:00',TIMESTAMP'4000-01-01 00:00:00',1),
	 (2250609,10923,1876,'Nonpar',TIMESTAMP'2012-07-01 00:00:00',TIMESTAMP'4000-01-01 00:00:00',1),
	 (7943077,10923,47,'Nonpar',TIMESTAMP'2010-01-01 00:00:00',TIMESTAMP'4000-01-01 00:00:00',1),
	 (11283680,10923,7016,'Nonpar',TIMESTAMP'2018-01-01 00:00:00',TIMESTAMP'4000-01-01 00:00:00',1),
	 (11283684,10923,7040,'Nonpar',TIMESTAMP'2018-01-01 00:00:00',TIMESTAMP'4000-01-01 00:00:00',1);
INSERT INTO PORTOWN.PP_PROV_NET_CYCLE (ID,PROV_ID,NET_ID,STATUS,START_DATE,END_DATE,LABEL_CLUSTER_ID) VALUES
	 (11283685,10923,7056,'Nonpar',TIMESTAMP'2018-01-01 00:00:00',TIMESTAMP'4000-01-01 00:00:00',1),
	 (11283686,10923,8216,'Nonpar',TIMESTAMP'2018-01-01 00:00:00',TIMESTAMP'4000-01-01 00:00:00',1),
	 (11283697,10923,8243,'Nonpar',TIMESTAMP'2018-01-01 00:00:00',TIMESTAMP'4000-01-01 00:00:00',1),
	 (11283699,10923,8245,'Nonpar',TIMESTAMP'2018-01-01 00:00:00',TIMESTAMP'4000-01-01 00:00:00',1),
	 (11283706,10923,8252,'Nonpar',TIMESTAMP'2018-01-01 00:00:00',TIMESTAMP'4000-01-01 00:00:00',1),
	 (11283709,10923,9716,'Nonpar',TIMESTAMP'2018-01-01 00:00:00',TIMESTAMP'2023-12-31 00:00:00',1),
	 (5028008,10923,7694,'Nonpar',TIMESTAMP'2008-07-01 00:00:00',TIMESTAMP'4000-01-01 00:00:00',1);

INSERT INTO PORTOWN.PP_PROV_NET_LOC_CYCLE (ID,PROV_NET_CYCLE_ID,PROV_ID,LOC_ID,START_DATE,END_DATE,"PRIMARY",LABEL_CLUSTER_ID) VALUES
	 (434418,338386,10923,14624,TIMESTAMP'2011-01-01 00:00:00',TIMESTAMP'2017-12-31 00:00:00','Y',1),
	 (642638,517346,10923,14624,TIMESTAMP'2011-02-01 00:00:00',TIMESTAMP'4000-01-01 00:00:00','Y',1),
	 (724861,590903,10923,14624,TIMESTAMP'2012-01-01 00:00:00',TIMESTAMP'4000-01-01 00:00:00','N',1),
	 (1005184,790609,10923,14624,TIMESTAMP'2010-02-01 00:00:00',TIMESTAMP'2015-01-31 00:00:00','Y',1),
	 (1644930,1289152,10923,14624,TIMESTAMP'2013-01-01 00:00:00',TIMESTAMP'4000-01-01 00:00:00','Y',1),
	 (3145080,2205314,10923,14624,TIMESTAMP'2014-09-01 00:00:00',TIMESTAMP'2023-03-31 00:00:00','N',1),
	 (3211066,2250609,10923,14624,TIMESTAMP'2012-07-01 00:00:00',TIMESTAMP'4000-01-01 00:00:00','Y',1),
	 (4250917,2891018,10923,14624,TIMESTAMP'2013-06-01 00:00:00',TIMESTAMP'4000-01-01 00:00:00','Y',1),
	 (4376674,2965322,10923,14624,TIMESTAMP'2009-11-01 00:00:00',TIMESTAMP'4000-01-01 00:00:00','N',1),
	 (5828705,3940146,10923,14624,TIMESTAMP'2004-01-01 00:00:00',TIMESTAMP'4000-01-01 00:00:00','Y',1);
INSERT INTO PORTOWN.PP_PROV_NET_LOC_CYCLE (ID,PROV_NET_CYCLE_ID,PROV_ID,LOC_ID,START_DATE,END_DATE,"PRIMARY",LABEL_CLUSTER_ID) VALUES
	 (5828706,3940147,10923,14624,TIMESTAMP'2004-01-01 00:00:00',TIMESTAMP'4000-01-01 00:00:00','Y',1),
	 (6072075,4097101,10923,14624,TIMESTAMP'2016-04-01 00:00:00',TIMESTAMP'2017-12-31 00:00:00','N',1),
	 (10302833,7046691,10923,14624,TIMESTAMP'2017-01-01 00:00:00',TIMESTAMP'4000-01-01 00:00:00','Y',1),
	 (11273172,7454990,10923,14624,TIMESTAMP'2017-01-01 00:00:00',TIMESTAMP'4000-01-01 00:00:00','Y',1),
	 (12134030,7943077,10923,14624,TIMESTAMP'2010-01-01 00:00:00',TIMESTAMP'4000-01-01 00:00:00','N',1),
	 (14472615,8757973,10923,14624,TIMESTAMP'2016-08-03 00:00:00',TIMESTAMP'4000-01-01 00:00:00','Y',1),
	 (18910333,11283679,10923,14624,TIMESTAMP'2018-01-01 00:00:00',TIMESTAMP'4000-01-01 00:00:00','N',1),
	 (18910334,11283680,10923,14624,TIMESTAMP'2018-01-01 00:00:00',TIMESTAMP'4000-01-01 00:00:00','N',1),
	 (18910335,11283681,10923,14624,TIMESTAMP'2018-01-01 00:00:00',TIMESTAMP'4000-01-01 00:00:00','N',1),
	 (18910336,11283682,10923,14624,TIMESTAMP'2018-01-01 00:00:00',TIMESTAMP'4000-01-01 00:00:00','N',1);
INSERT INTO PORTOWN.PP_PROV_NET_LOC_CYCLE (ID,PROV_NET_CYCLE_ID,PROV_ID,LOC_ID,START_DATE,END_DATE,"PRIMARY",LABEL_CLUSTER_ID) VALUES
	 (18910337,11283683,10923,14624,TIMESTAMP'2018-01-01 00:00:00',TIMESTAMP'4000-01-01 00:00:00','N',1),
	 (18910338,11283684,10923,14624,TIMESTAMP'2018-01-01 00:00:00',TIMESTAMP'4000-01-01 00:00:00','N',1),
	 (18910339,11283685,10923,14624,TIMESTAMP'2018-01-01 00:00:00',TIMESTAMP'4000-01-01 00:00:00','N',1),
	 (18910340,11283686,10923,14624,TIMESTAMP'2018-01-01 00:00:00',TIMESTAMP'4000-01-01 00:00:00','N',1),
	 (18910341,11283687,10923,14624,TIMESTAMP'2018-01-01 00:00:00',TIMESTAMP'4000-01-01 00:00:00','N',1),
	 (18910342,11283688,10923,14624,TIMESTAMP'2018-01-01 00:00:00',TIMESTAMP'4000-01-01 00:00:00','N',1),
	 (18910343,11283689,10923,14624,TIMESTAMP'2018-01-01 00:00:00',TIMESTAMP'4000-01-01 00:00:00','N',1),
	 (18910344,11283690,10923,14624,TIMESTAMP'2018-01-01 00:00:00',TIMESTAMP'4000-01-01 00:00:00','N',1),
	 (18910345,11283691,10923,14624,TIMESTAMP'2018-01-01 00:00:00',TIMESTAMP'4000-01-01 00:00:00','N',1),
	 (18910346,11283692,10923,14624,TIMESTAMP'2018-01-01 00:00:00',TIMESTAMP'4000-01-01 00:00:00','N',1);
INSERT INTO PORTOWN.PP_PROV_NET_LOC_CYCLE (ID,PROV_NET_CYCLE_ID,PROV_ID,LOC_ID,START_DATE,END_DATE,"PRIMARY",LABEL_CLUSTER_ID) VALUES
	 (18910347,11283693,10923,14624,TIMESTAMP'2018-01-01 00:00:00',TIMESTAMP'4000-01-01 00:00:00','N',1),
	 (18910348,11283694,10923,14624,TIMESTAMP'2018-01-01 00:00:00',TIMESTAMP'2023-12-31 00:00:00','N',1),
	 (18910349,11283695,10923,14624,TIMESTAMP'2018-01-01 00:00:00',TIMESTAMP'2023-12-31 00:00:00','N',1),
	 (18910350,11283696,10923,14624,TIMESTAMP'2018-01-01 00:00:00',TIMESTAMP'4000-01-01 00:00:00','N',1),
	 (18910351,11283697,10923,14624,TIMESTAMP'2018-01-01 00:00:00',TIMESTAMP'4000-01-01 00:00:00','N',1),
	 (18910352,11283698,10923,14624,TIMESTAMP'2018-01-01 00:00:00',TIMESTAMP'2023-12-31 00:00:00','N',1),
	 (18910353,11283699,10923,14624,TIMESTAMP'2018-01-01 00:00:00',TIMESTAMP'4000-01-01 00:00:00','N',1),
	 (18910354,11283700,10923,14624,TIMESTAMP'2018-01-01 00:00:00',TIMESTAMP'4000-01-01 00:00:00','N',1),
	 (18910355,11283701,10923,14624,TIMESTAMP'2018-01-01 00:00:00',TIMESTAMP'4000-01-01 00:00:00','N',1),
	 (18910356,11283702,10923,14624,TIMESTAMP'2018-01-01 00:00:00',TIMESTAMP'4000-01-01 00:00:00','N',1);
INSERT INTO PORTOWN.PP_PROV_NET_LOC_CYCLE (ID,PROV_NET_CYCLE_ID,PROV_ID,LOC_ID,START_DATE,END_DATE,"PRIMARY",LABEL_CLUSTER_ID) VALUES
	 (18910357,11283703,10923,14624,TIMESTAMP'2018-01-01 00:00:00',TIMESTAMP'4000-01-01 00:00:00','N',1),
	 (18910358,11283704,10923,14624,TIMESTAMP'2018-01-01 00:00:00',TIMESTAMP'4000-01-01 00:00:00','N',1),
	 (18910359,11283705,10923,14624,TIMESTAMP'2018-01-01 00:00:00',TIMESTAMP'2023-12-31 00:00:00','N',1),
	 (18910360,11283706,10923,14624,TIMESTAMP'2018-01-01 00:00:00',TIMESTAMP'4000-01-01 00:00:00','N',1),
	 (18910361,11283707,10923,14624,TIMESTAMP'2018-01-01 00:00:00',TIMESTAMP'4000-01-01 00:00:00','N',1),
	 (18910362,11283708,10923,14624,TIMESTAMP'2018-01-01 00:00:00',TIMESTAMP'4000-01-01 00:00:00','N',1),
	 (18910363,11283709,10923,14624,TIMESTAMP'2018-01-01 00:00:00',TIMESTAMP'2023-12-31 00:00:00','N',1),
	 (18910364,11283710,10923,14624,TIMESTAMP'2018-01-01 00:00:00',TIMESTAMP'2023-12-31 00:00:00','N',1),
	 (20544554,12434517,10923,14624,TIMESTAMP'2018-10-01 00:00:00',TIMESTAMP'4000-01-01 00:00:00','N',1),
	 (20715739,12527585,10923,14624,TIMESTAMP'2015-01-01 00:00:00',TIMESTAMP'4000-01-01 00:00:00','N',1);
INSERT INTO PORTOWN.PP_PROV_NET_LOC_CYCLE (ID,PROV_NET_CYCLE_ID,PROV_ID,LOC_ID,START_DATE,END_DATE,"PRIMARY",LABEL_CLUSTER_ID) VALUES
	 (21316047,12953120,10923,14624,TIMESTAMP'2015-01-01 00:00:00',TIMESTAMP'2022-12-31 00:00:00','N',1),
	 (23151843,14410565,10923,14624,TIMESTAMP'2021-10-01 00:00:00',TIMESTAMP'2021-10-01 00:00:00','N',1),
	 (23270705,14462062,10923,14624,TIMESTAMP'2021-10-01 00:00:00',TIMESTAMP'2021-10-01 00:00:00','N',1),
	 (24000382,15086280,10923,14624,TIMESTAMP'2012-01-01 00:00:00',TIMESTAMP'4000-01-01 00:00:00','N',1),
	 (25626327,16102048,10923,14624,TIMESTAMP'2008-01-01 00:00:00',TIMESTAMP'4000-01-01 00:00:00','N',1),
	 (25726134,16165042,10923,14624,TIMESTAMP'2017-01-01 00:00:00',TIMESTAMP'2022-12-31 00:00:00','N',1),
	 (25774181,16185268,10923,14624,TIMESTAMP'2016-01-01 00:00:00',TIMESTAMP'4000-01-01 00:00:00','N',1),
	 (27531303,17065230,10923,14624,TIMESTAMP'2023-01-01 00:00:00',TIMESTAMP'4000-01-01 00:00:00','N',1),
	 (30937312,19163690,10923,14624,TIMESTAMP'2014-01-01 00:00:00',TIMESTAMP'4000-01-01 00:00:00','N',1),
	 (31652245,19466135,10923,14624,TIMESTAMP'2007-01-01 00:00:00',TIMESTAMP'4000-01-01 00:00:00','Y',1);
INSERT INTO PORTOWN.PP_PROV_NET_LOC_CYCLE (ID,PROV_NET_CYCLE_ID,PROV_ID,LOC_ID,START_DATE,END_DATE,"PRIMARY",LABEL_CLUSTER_ID) VALUES
	 (13582,19205,10923,14624,TIMESTAMP'2009-06-11 00:00:00',TIMESTAMP'2015-01-31 00:00:00','N',1),
	 (7193544,5028007,10923,3404656,TIMESTAMP'2013-01-01 00:00:00',TIMESTAMP'4000-01-01 00:00:00','Y',1),
	 (32289230,19660919,10923,3404656,TIMESTAMP'2023-01-16 00:00:00',TIMESTAMP'4000-01-01 00:00:00','Y',1),
	 (36371378,20371551,10923,3404656,TIMESTAMP'2024-10-07 00:00:00',TIMESTAMP'4000-01-01 00:00:00','N',1),
	 (7193545,5028007,10923,3404657,TIMESTAMP'2013-01-01 00:00:00',TIMESTAMP'4000-01-01 00:00:00','N',1),
	 (7193546,5028007,10923,3404658,TIMESTAMP'2013-01-01 00:00:00',TIMESTAMP'4000-01-01 00:00:00','N',1),
	 (28568736,17573893,10923,3404658,TIMESTAMP'2022-04-22 00:00:00',TIMESTAMP'4000-01-01 00:00:00','N',1),
	 (31596298,19443680,10923,3404658,TIMESTAMP'2023-04-19 00:00:00',TIMESTAMP'4000-01-01 00:00:00','N',1),
	 (7303802,5028007,10923,3404659,TIMESTAMP'2013-01-01 00:00:00',TIMESTAMP'4000-01-01 00:00:00','Y',1),
	 (7193547,5028008,10923,3404659,TIMESTAMP'2008-07-01 00:00:00',TIMESTAMP'4000-01-01 00:00:00','Y',1);

INSERT INTO PORTOWN.PP_PROV_LOC_ATTRIB (ID,PROV_ID,LOC_ID,ATTRIBUTE_ID) VALUES
	 (38788532,10923,14624,106877),
	 (38788533,10923,3404656,106877),
	 (38788534,10923,3404657,106877),
	 (38788535,10923,3404658,106877),
	 (38788536,10923,3404659,106877);

INSERT INTO PORTOWN.PP_PROV_LOC_ATTRIB_VALUES (ID,PROV_LOC_ATTRIBUTE_ID,FIELD_ID,VALUE,VALUE_DATE,VALUE_NUMBER,LABEL_CLUSTER_ID) VALUES
	 (92830420,38788536,111355,'General Acute Care Hospital',NULL,NULL,1),
	 (92830418,38788534,111355,'General Acute Care Hospital',NULL,NULL,1),
	 (92830419,38788535,111355,'General Acute Care Hospital',NULL,NULL,1),
	 (92830416,38788532,111355,'General Acute Care Hospital',NULL,NULL,1),
	 (92830417,38788533,111355,'General Acute Care Hospital',NULL,NULL,1);
