INSERT INTO PORTOWN.PP_PRAC (ID,FNAME,MNAME,LNAME,XNAME,"degree",SEX,DOB,SSN,EMAIL,SALUTATION,LABEL_CLUSTER_ID,PRAC_TYPE_ID,NARRATIVE) VALUES
	 (925857,'Joanne','E','Reid',NULL,'MD','F',TIMESTAMP'1958-12-05 00:00:00',NULL,NULL,NULL,1,NULL,NULL);

INSERT INTO PORTOWN.PP_ADDR (ID,"type",ADDR1,ADDR2,CITY_ID,COUNTY_ID,ZIP,PLUS4,ADDR3,POSTAL_CODE,COUNTRY_ID,START_DATE,END_DATE,LATITUDE,LONGITUDE,UGLY_ADDR1,UGLY_ADDR2,COUNTY_FIPS,LATITUDE7,LONGITUDE7) VALUES
	 (2965496,'CRED_CORRESPONDENCE','50 Declaration Dr','Ste C',3569,247,'95973','4966',NULL,NULL,1,TIMESTAMP'2015-02-26 00:00:00',TIMESTAMP'2018-08-22 00:00:00',39.771,-121.873,'50 Declaration Dr','Ste C','06007',39.771076,-121.873047),
	 (13304185,'MAILING','263 N Villa Ave',NULL,22954,675,'95988','2607',NULL,NULL,1,TIMESTAMP'1800-01-01 00:00:00',TIMESTAMP'4000-01-01 00:00:00',39.522,-122.209,'263 N Villa Ave',NULL,'06021',39.52215,-122.20896);

INSERT INTO PORTOWN.PP_PHONES (ID,"TYPE",AREACODE,EXCHANGE,NUM,EXTENSION,"FOREIGN",COUNTRY_CODE,FOREIGN_PHONE) VALUES
	 (17597820,'PHONE','530','934','8700',NULL,'N',1,NULL),
	 (17609013,'PHONE','530','934','8700',NULL,'N',1,NULL),
	 (17651413,'PHONE','530','934','8700',NULL,'N',1,NULL),
	 (17674050,'FAX','530','934','3011',NULL,'N',1,NULL),
	 (17689860,'FAX','530','934','3011',NULL,'N',1,NULL),
	 (17776203,'PHONE','530','934','8700',NULL,'N',1,NULL),
	 (17906372,'PHONE','530','934','8700',NULL,'N',1,NULL),
	 (17915045,'PHONE','530','934','8700',NULL,'N',1,NULL),
	 (17961222,'FAX','530','934','3011',NULL,'N',1,NULL),
	 (18068408,'PHONE','530','934','8700',NULL,'N',1,NULL);
INSERT INTO PORTOWN.PP_PHONES (ID,"TYPE",AREACODE,EXCHANGE,NUM,EXTENSION,"FOREIGN",COUNTRY_CODE,FOREIGN_PHONE) VALUES
	 (18105881,'FAX','530','934','3011',NULL,'N',1,NULL),
	 (17595068,'FAX','530','934','3011',NULL,'N',1,NULL),
	 (17647091,'PHONE','530','934','8700',NULL,'N',1,NULL),
	 (17647092,'FAX','530','934','3011',NULL,'N',1,NULL),
	 (17692607,'PHONE','530','934','8700',NULL,'N',1,NULL),
	 (17726824,'PHONE','530','934','8700',NULL,'N',1,NULL),
	 (17910844,'PHONE','530','934','8700',NULL,'N',1,NULL),
	 (17914993,'FAX','530','934','3011',NULL,'N',1,NULL),
	 (18050075,'PHONE','530','934','8700',NULL,'N',1,NULL),
	 (18105892,'PHONE','530','934','8700',NULL,'N',1,NULL);
INSERT INTO PORTOWN.PP_PHONES (ID,"TYPE",AREACODE,EXCHANGE,NUM,EXTENSION,"FOREIGN",COUNTRY_CODE,FOREIGN_PHONE) VALUES
	 (17610681,'PHONE','530','934','8700',NULL,'N',1,NULL),
	 (17691687,'PHONE','530','934','8700',NULL,'N',1,NULL),
	 (17705914,'FAX','530','934','3011',NULL,'N',1,NULL),
	 (17803167,'PHONE','530','934','8700',NULL,'N',1,NULL),
	 (17901796,'FAX','530','934','3011',NULL,'N',1,NULL),
	 (17903247,'PHONE','530','934','8700',NULL,'N',1,NULL),
	 (18009806,'FAX','530','934','3011',NULL,'N',1,NULL),
	 (18027259,'FAX','530','934','3011',NULL,'N',1,NULL),
	 (18027282,'PHONE','530','934','8700',NULL,'N',1,NULL),
	 (17572518,'FAX','530','934','3011',NULL,'N',1,NULL);
INSERT INTO PORTOWN.PP_PHONES (ID,"TYPE",AREACODE,EXCHANGE,NUM,EXTENSION,"FOREIGN",COUNTRY_CODE,FOREIGN_PHONE) VALUES
	 (17595067,'PHONE','530','934','8700',NULL,'N',1,NULL),
	 (17596503,'FAX','530','934','3011',NULL,'N',1,NULL),
	 (17689689,'PHONE','530','934','8700',NULL,'N',1,NULL),
	 (17705173,'FAX','530','934','3011',NULL,'N',1,NULL),
	 (17713447,'FAX','530','934','3011',NULL,'N',1,NULL),
	 (17805658,'PHONE','530','934','8700',NULL,'N',1,NULL),
	 (17903248,'FAX','530','934','3011',NULL,'N',1,NULL),
	 (17906377,'FAX','530','934','3011',NULL,'N',1,NULL),
	 (17970688,'PHONE','530','934','8700',NULL,'N',1,NULL),
	 (18066558,'FAX','530','934','3011',NULL,'N',1,NULL);
INSERT INTO PORTOWN.PP_PHONES (ID,"TYPE",AREACODE,EXCHANGE,NUM,EXTENSION,"FOREIGN",COUNTRY_CODE,FOREIGN_PHONE) VALUES
	 (18068438,'FAX','530','934','3011',NULL,'N',1,NULL),
	 (17572516,'PHONE','530','934','8700',NULL,'N',1,NULL),
	 (17597821,'FAX','530','934','3011',NULL,'N',1,NULL),
	 (17598950,'PHONE','530','934','8700',NULL,'N',1,NULL),
	 (17598951,'FAX','530','934','3011',NULL,'N',1,NULL),
	 (17610682,'FAX','530','934','3011',NULL,'N',1,NULL),
	 (17651414,'FAX','530','934','3011',NULL,'N',1,NULL),
	 (17687168,'PHONE','530','934','8700',NULL,'N',1,NULL),
	 (17705172,'PHONE','530','934','8700',NULL,'N',1,NULL),
	 (17705913,'PHONE','530','934','8700',NULL,'N',1,NULL);
INSERT INTO PORTOWN.PP_PHONES (ID,"TYPE",AREACODE,EXCHANGE,NUM,EXTENSION,"FOREIGN",COUNTRY_CODE,FOREIGN_PHONE) VALUES
	 (17726825,'FAX','530','934','3011',NULL,'N',1,NULL),
	 (17776159,'FAX','530','934','3011',NULL,'N',1,NULL),
	 (17970685,'FAX','530','934','3011',NULL,'N',1,NULL),
	 (17674049,'PHONE','530','934','8700',NULL,'N',1,NULL),
	 (17687169,'FAX','530','934','3011',NULL,'N',1,NULL),
	 (17692608,'FAX','530','934','3011',NULL,'N',1,NULL),
	 (17805638,'FAX','530','934','3011',NULL,'N',1,NULL),
	 (17901795,'PHONE','530','934','8700',NULL,'N',1,NULL),
	 (17905458,'PHONE','530','934','8700',NULL,'N',1,NULL),
	 (17937013,'FAX','530','934','3011',NULL,'N',1,NULL);
INSERT INTO PORTOWN.PP_PHONES (ID,"TYPE",AREACODE,EXCHANGE,NUM,EXTENSION,"FOREIGN",COUNTRY_CODE,FOREIGN_PHONE) VALUES
	 (17937025,'PHONE','530','934','8700',NULL,'N',1,NULL),
	 (17961246,'PHONE','530','934','8700',NULL,'N',1,NULL),
	 (18007097,'PHONE','530','934','8700',NULL,'N',1,NULL),
	 (18009811,'PHONE','530','934','8700',NULL,'N',1,NULL),
	 (18023976,'PHONE','530','934','8700',NULL,'N',1,NULL),
	 (18066557,'PHONE','530','934','8700',NULL,'N',1,NULL),
	 (17691667,'FAX','530','934','3011',NULL,'N',1,NULL),
	 (17713478,'PHONE','530','934','8700',NULL,'N',1,NULL),
	 (17905459,'FAX','530','934','3011',NULL,'N',1,NULL),
	 (17910845,'FAX','530','934','3011',NULL,'N',1,NULL);
INSERT INTO PORTOWN.PP_PHONES (ID,"TYPE",AREACODE,EXCHANGE,NUM,EXTENSION,"FOREIGN",COUNTRY_CODE,FOREIGN_PHONE) VALUES
	 (17920858,'PHONE','530','934','8700',NULL,'N',1,NULL),
	 (18007127,'FAX','530','934','3011',NULL,'N',1,NULL),
	 (18024019,'FAX','530','934','3011',NULL,'N',1,NULL),
	 (18074421,'FAX','530','934','3011',NULL,'N',1,NULL),
	 (17596486,'PHONE','530','934','8700',NULL,'N',1,NULL),
	 (17609014,'FAX','530','934','3011',NULL,'N',1,NULL),
	 (17623988,'PHONE','530','934','8700',NULL,'N',1,NULL),
	 (17623989,'FAX','530','934','3011',NULL,'N',1,NULL),
	 (17701215,'PHONE','530','934','8700',NULL,'N',1,NULL),
	 (17701216,'FAX','530','934','3011',NULL,'N',1,NULL);
INSERT INTO PORTOWN.PP_PHONES (ID,"TYPE",AREACODE,EXCHANGE,NUM,EXTENSION,"FOREIGN",COUNTRY_CODE,FOREIGN_PHONE) VALUES
	 (17710885,'PHONE','530','934','8700',NULL,'N',1,NULL),
	 (17710886,'FAX','530','934','3011',NULL,'N',1,NULL),
	 (17803168,'FAX','530','934','3011',NULL,'N',1,NULL),
	 (17900798,'PHONE','530','934','8700',NULL,'N',1,NULL),
	 (17900799,'FAX','530','934','3011',NULL,'N',1,NULL),
	 (17904071,'FAX','530','934','3011',NULL,'N',1,NULL),
	 (17904094,'PHONE','530','934','8700',NULL,'N',1,NULL),
	 (17920859,'FAX','530','934','3011',NULL,'N',1,NULL),
	 (18050076,'FAX','530','934','3011',NULL,'N',1,NULL),
	 (18074436,'PHONE','530','934','8700',NULL,'N',1,NULL);

INSERT INTO PORTOWN.PP_ADDR_PHONES (ADDRESS_ID,PHONE_ID) VALUES
	 (13304185,17572516),
	 (13304185,17572518),
	 (13304185,17595067),
	 (13304185,17595068),
	 (13304185,17596486),
	 (13304185,17596503),
	 (13304185,17597820),
	 (13304185,17597821),
	 (13304185,17598950),
	 (13304185,17598951);
INSERT INTO PORTOWN.PP_ADDR_PHONES (ADDRESS_ID,PHONE_ID) VALUES
	 (13304185,17609013),
	 (13304185,17609014),
	 (13304185,17610681),
	 (13304185,17610682),
	 (13304185,17623988),
	 (13304185,17623989),
	 (13304185,17647091),
	 (13304185,17647092),
	 (13304185,17651413),
	 (13304185,17651414);
INSERT INTO PORTOWN.PP_ADDR_PHONES (ADDRESS_ID,PHONE_ID) VALUES
	 (13304185,17674049),
	 (13304185,17674050),
	 (13304185,17687168),
	 (13304185,17687169),
	 (13304185,17689689),
	 (13304185,17689860),
	 (13304185,17691667),
	 (13304185,17691687),
	 (13304185,17692607),
	 (13304185,17692608);
INSERT INTO PORTOWN.PP_ADDR_PHONES (ADDRESS_ID,PHONE_ID) VALUES
	 (13304185,17701215),
	 (13304185,17701216),
	 (13304185,17705172),
	 (13304185,17705173),
	 (13304185,17705913),
	 (13304185,17705914),
	 (13304185,17710885),
	 (13304185,17710886),
	 (13304185,17713447),
	 (13304185,17713478);
INSERT INTO PORTOWN.PP_ADDR_PHONES (ADDRESS_ID,PHONE_ID) VALUES
	 (13304185,17726824),
	 (13304185,17726825),
	 (13304185,17776159),
	 (13304185,17776203),
	 (13304185,17803167),
	 (13304185,17803168),
	 (13304185,17805638),
	 (13304185,17805658),
	 (13304185,17900798),
	 (13304185,17900799);
INSERT INTO PORTOWN.PP_ADDR_PHONES (ADDRESS_ID,PHONE_ID) VALUES
	 (13304185,17901795),
	 (13304185,17901796),
	 (13304185,17903247),
	 (13304185,17903248),
	 (13304185,17904071),
	 (13304185,17904094),
	 (13304185,17905458),
	 (13304185,17905459),
	 (13304185,17906372),
	 (13304185,17906377);
INSERT INTO PORTOWN.PP_ADDR_PHONES (ADDRESS_ID,PHONE_ID) VALUES
	 (13304185,17910844),
	 (13304185,17910845),
	 (13304185,17914993),
	 (13304185,17915045),
	 (13304185,17920858),
	 (13304185,17920859),
	 (13304185,17937013),
	 (13304185,17937025),
	 (13304185,17961222),
	 (13304185,17961246);
INSERT INTO PORTOWN.PP_ADDR_PHONES (ADDRESS_ID,PHONE_ID) VALUES
	 (13304185,17970685),
	 (13304185,17970688),
	 (13304185,18007097),
	 (13304185,18007127),
	 (13304185,18009806),
	 (13304185,18009811),
	 (13304185,18023976),
	 (13304185,18024019),
	 (13304185,18027259),
	 (13304185,18027282);
INSERT INTO PORTOWN.PP_ADDR_PHONES (ADDRESS_ID,PHONE_ID) VALUES
	 (13304185,18050075),
	 (13304185,18050076),
	 (13304185,18066557),
	 (13304185,18066558),
	 (13304185,18068408),
	 (13304185,18068438),
	 (13304185,18074421),
	 (13304185,18074436),
	 (13304185,18105881),
	 (13304185,18105892);

INSERT INTO PORTOWN.PP_PRAC_ADDR (PRAC_ID,ADDRESS_ID) VALUES
	 (925857,2965496),
	 (925857,13304185);

INSERT INTO PORTOWN.PP_ADDR (ID,"type",ADDR1,ADDR2,CITY_ID,COUNTY_ID,ZIP,PLUS4,ADDR3,POSTAL_CODE,COUNTRY_ID,START_DATE,END_DATE,LATITUDE,LONGITUDE,UGLY_ADDR1,UGLY_ADDR2,COUNTY_FIPS,LATITUDE7,LONGITUDE7) VALUES
	 (10592826,'MAIN','263 N Villa Ave',NULL,22954,675,'95988','2607',NULL,NULL,1,TIMESTAMP'1800-01-01 00:00:00',TIMESTAMP'4000-01-01 00:00:00',39.522,-122.209,'263 N Villa Ave',NULL,'06021',39.52215,-122.20896);

INSERT INTO PORTOWN.PP_PROV_TIN_LOC (ID,TIN_ID,ADDRESS_ID,NAME,"PRIMARY",PRINT_SUPPRESS,OFFICE_MGR,TRAIN,BUS,TRANSIT_ROUTE,HANDICAP,LABEL_CLUSTER_ID,PROV_TIN_PRC_CONT_ID) VALUES
	 (8137195,1794145,10592826,'DIRECT NETWORK: GLENN','N',NULL,NULL,NULL,NULL,NULL,NULL,1,NULL);


INSERT INTO PORTOWN.PP_PRAC_LOC (PRAC_ID,PROV_ID,LOC_ID,"PRIMARY",PRINT_SUPPRESS,START_DATE,END_DATE,LABEL_CLUSTER_ID) VALUES
	 (925857,2278165,8137195,NULL,'N',TIMESTAMP'2022-10-15 00:00:00',TIMESTAMP'4000-01-01 00:00:00',1);

INSERT INTO PORTOWN.PP_PRAC_NET_CYCLE (ID,PRAC_ID,NET_ID,START_DATE,END_DATE,STATUS,LABEL_CLUSTER_ID) VALUES
	 (20822753,925857,5256,TIMESTAMP'2022-10-15 00:00:00',TIMESTAMP'2022-12-31 00:00:00','Par',1),
	 (20822754,925857,8219,TIMESTAMP'2022-10-15 00:00:00',TIMESTAMP'4000-01-01 00:00:00','Par',1),
	 (20822755,925857,8237,TIMESTAMP'2022-10-15 00:00:00',TIMESTAMP'4000-01-01 00:00:00','Par',1),
	 (20822756,925857,8238,TIMESTAMP'2022-10-15 00:00:00',TIMESTAMP'4000-01-01 00:00:00','Par',1),
	 (20822757,925857,8239,TIMESTAMP'2022-10-15 00:00:00',TIMESTAMP'4000-01-01 00:00:00','Par',1),
	 (20822758,925857,8242,TIMESTAMP'2022-10-15 00:00:00',TIMESTAMP'4000-01-01 00:00:00','Par',1),
	 (20822759,925857,8243,TIMESTAMP'2022-10-15 00:00:00',TIMESTAMP'4000-01-01 00:00:00','Par',1),
	 (20822760,925857,8245,TIMESTAMP'2022-10-15 00:00:00',TIMESTAMP'4000-01-01 00:00:00','Par',1),
	 (20822761,925857,8246,TIMESTAMP'2022-10-15 00:00:00',TIMESTAMP'4000-01-01 00:00:00','Par',1),
	 (20822762,925857,9716,TIMESTAMP'2022-10-15 00:00:00',TIMESTAMP'2023-12-31 00:00:00','Par',1);

INSERT INTO PORTOWN.PP_PRAC_NET_LOC_CYCLE (ID,PRAC_ID,PROV_ID,LOC_ID,PRAC_NET_CYCLE_ID,START_DATE,END_DATE,"PRIMARY",LABEL_CLUSTER_ID) VALUES
	 (61258631,925857,2278165,8137195,20822753,TIMESTAMP'2022-10-15 00:00:00',TIMESTAMP'2022-12-31 00:00:00','N',1),
	 (61258632,925857,2278165,8137195,20822754,TIMESTAMP'2022-10-15 00:00:00',TIMESTAMP'2025-03-13 00:00:00','N',1),
	 (61258633,925857,2278165,8137195,20822755,TIMESTAMP'2022-10-15 00:00:00',TIMESTAMP'2025-03-13 00:00:00','N',1),
	 (61258634,925857,2278165,8137195,20822756,TIMESTAMP'2022-10-15 00:00:00',TIMESTAMP'2025-03-13 00:00:00','N',1),
	 (61258635,925857,2278165,8137195,20822757,TIMESTAMP'2022-10-15 00:00:00',TIMESTAMP'2025-03-13 00:00:00','N',1),
	 (61258636,925857,2278165,8137195,20822758,TIMESTAMP'2022-10-15 00:00:00',TIMESTAMP'2025-03-13 00:00:00','N',1),
	 (61258637,925857,2278165,8137195,20822759,TIMESTAMP'2022-10-15 00:00:00',TIMESTAMP'2025-03-13 00:00:00','N',1),
	 (61258638,925857,2278165,8137195,20822760,TIMESTAMP'2022-10-15 00:00:00',TIMESTAMP'2025-03-13 00:00:00','N',1),
	 (61258639,925857,2278165,8137195,20822761,TIMESTAMP'2022-10-15 00:00:00',TIMESTAMP'2025-03-13 00:00:00','N',1),
	 (61258640,925857,2278165,8137195,20822762,TIMESTAMP'2022-10-15 00:00:00',TIMESTAMP'2023-12-31 00:00:00','N',1);

INSERT INTO PORTOWN.PP_PRAC_ATTRIB (ID,PRAC_ID,ATTRIBUTE_ID) VALUES
	 (3928502,925857,501),
	 (3928510,925857,100043),
	 (4068842,925857,101619),
	 (37264543,925857,103279);

INSERT INTO PORTOWN.PP_PRAC_ATTRIB_VALUES (ID,PRAC_ATTRIBUTE_ID,FIELD_ID,VALUE,VALUE_DATE,VALUE_NUMBER,LABEL_CLUSTER_ID) VALUES
	 (6377521,3928502,704,'01/01/4000',TIMESTAMP'4000-01-01 00:00:00',NULL,1),
	 (6377522,3928502,702,'Type 1',NULL,NULL,1),
	 (6377523,3928502,701,'1316014707',NULL,1316014707,1),
	 (6377524,3928502,703,'05-30-2013',TIMESTAMP'2013-05-30 00:00:00',NULL,1),
	 (6377538,3928510,100242,'N',NULL,NULL,1),
	 (6607123,4068842,102449,'Y',NULL,NULL,1),
	 (6607124,4068842,102450,'12-19-2008',TIMESTAMP'2008-12-19 00:00:00',NULL,1),
	 (69796277,37264543,105838,'P282241',NULL,NULL,1);

INSERT INTO PORTOWN.PP_PRAC_LOC_ATTRIB (ID,PRAC_ID,PROV_ID,LOC_ID,ATTRIBUTE_ID) VALUES
	 (46560660,925857,2278165,8137195,107097);

INSERT INTO PORTOWN.PP_PRAC_LOC_ATTRIB_VALUES (ID,PRAC_LOC_ATTRIBUTE_ID,FIELD_ID,VALUE,VALUE_DATE,VALUE_NUMBER,LABEL_CLUSTER_ID) VALUES
	 (111769784,46560660,111635,'Y',NULL,NULL,1),
	 (111769785,46560660,111636,'Pediatrics',NULL,NULL,1);
