INSERT INTO PORTOWN.PP_PRAC (ID,FNAME,MNAME,LNAME,XNAME,"DEGREE",SEX,DOB,SSN,EMAIL,SALUTATION,LABEL_CLUSTER_ID,PRAC_TYPE_ID,NARRATIVE) VALUES
	 (111483,'Tae','Hyong','Kim',NULL,'DO','M',NULL,NULL,NULL,NULL,1,NULL,NULL);

-- No address or phone for the practitioner

INSERT INTO PORTOWN.PP_ADDR (ID,"TYPE",ADDR1,ADDR2,CITY_ID,COUNTY_ID,ZIP,PLUS4,ADDR3,POSTAL_CODE,COUNTRY_ID,START_DATE,END_DATE,LATITUDE,LONGITUDE,UGLY_ADDR1,UGLY_ADDR2,COUNTY_FIPS,LATITUDE7,LONGITUDE7) VALUES
	 (3702280,'MAIN','164 High St',NULL,8251,625,'01301','2613',NULL,NULL,1,TIMESTAMP'1800-01-01 00:00:00',TIMESTAMP'4000-01-01 00:00:00',42.596,-72.592,'164 High St',NULL,'25011',42.595901,-72.592278),
	 (30764,'MAIN','164 High St',NULL,8251,625,'01301','2613',NULL,NULL,1,TIMESTAMP'1800-01-01 00:00:00',TIMESTAMP'4000-01-01 00:00:00',42.596,-72.592,'164 High St',NULL,'25011',42.595901,-72.592278);

INSERT INTO PORTOWN.PP_PROV_TIN_LOC (ID,TIN_ID,ADDRESS_ID,NAME,"PRIMARY",PRINT_SUPPRESS,OFFICE_MGR,TRAIN,BUS,TRANSIT_ROUTE,HANDICAP,LABEL_CLUSTER_ID,PROV_TIN_PRC_CONT_ID) VALUES
	 (17164,12646,30764,'Baystate Franklin Medical Center','Y','N',NULL,NULL,NULL,NULL,'Y',1,NULL),
	 (2712508,12646,3702280,'BFMC Emergency Medicine','N','N',NULL,'N','N',NULL,'Y',1,NULL);

INSERT INTO PORTOWN.PP_PRAC_LOC (PRAC_ID,PROV_ID,LOC_ID,"PRIMARY",PRINT_SUPPRESS,START_DATE,END_DATE,LABEL_CLUSTER_ID) VALUES
	 (111483,12803,17164,'Y','Y',TIMESTAMP'2013-01-01 00:00:00',TIMESTAMP'4000-01-01 00:00:00',1),
	 (111483,12803,2712508,'N','Y',TIMESTAMP'2016-01-21 00:00:00',TIMESTAMP'4000-01-01 00:00:00',1);

INSERT INTO PORTOWN.PP_PRAC_NET_CYCLE (ID,PRAC_ID,NET_ID,START_DATE,END_DATE,STATUS,LABEL_CLUSTER_ID) VALUES
	 (3267543,111483,3676,TIMESTAMP'2013-01-01 00:00:00',TIMESTAMP'4000-01-01 00:00:00','Nonpar',1),
	 (6572347,111483,900,TIMESTAMP'2013-01-01 00:00:00',TIMESTAMP'2016-01-20 00:00:00','Par Pending',1),
	 (6572349,111483,900,TIMESTAMP'2016-01-21 00:00:00',TIMESTAMP'4000-01-01 00:00:00','Par',1);

INSERT INTO PORTOWN.PP_PRAC_NET_LOC_CYCLE (ID,PRAC_ID,PROV_ID,LOC_ID,PRAC_NET_CYCLE_ID,START_DATE,END_DATE,"PRIMARY",LABEL_CLUSTER_ID) VALUES
	 (12257674,111483,12803,17164,3267543,TIMESTAMP'2013-01-01 00:00:00',TIMESTAMP'4000-01-01 00:00:00','Y',1),
	 (9111833,111483,12803,17164,6572347,TIMESTAMP'2013-01-01 00:00:00',TIMESTAMP'2016-01-20 00:00:00','Y',1),
	 (9111856,111483,12803,17164,6572349,TIMESTAMP'2016-01-21 00:00:00',TIMESTAMP'4000-01-01 00:00:00','Y',1),
	 (9114674,111483,12803,2712508,6572349,TIMESTAMP'2016-01-21 00:00:00',TIMESTAMP'4000-01-01 00:00:00','N',1);

INSERT INTO PORTOWN.PP_PRAC_ATTRIB (ID,PRAC_ID,ATTRIBUTE_ID) VALUES
	 (451956,111483,501);

INSERT INTO PORTOWN.PP_PRAC_ATTRIB_VALUES (ID,PRAC_ATTRIBUTE_ID,FIELD_ID,VALUE,VALUE_DATE,VALUE_NUMBER,LABEL_CLUSTER_ID) VALUES
	 (720536,451956,701,'1538322417',NULL,1538322417,1),
	 (720537,451956,703,'06/01/2009',TIMESTAMP'2009-06-01 00:00:00',NULL,1),
	 (4306482,451956,702,'Type 1',NULL,NULL,1);

-- No data for Prac Loc Specialties
