INSERT INTO PORTOWN.PP_PRAC (ID,FNAME,MNAME,LNAME,XNAME,"degree",SEX,DOB,SSN,EMAIL,SALUTATION,LABEL_CLUSTER_ID,PRAC_TYPE_ID,NARRATIVE) VALUES
	 (3235680,'Frederick','L','Johnson',NULL,'MD','M',TIMESTAMP'1954-11-12 00:00:00',NULL,NULL,NULL,1,NULL,NULL);

INSERT INTO PORTOWN.PP_ADDR (ID,"type",ADDR1,ADDR2,CITY_ID,COUNTY_ID,ZIP,PLUS4,ADDR3,POSTAL_CODE,COUNTRY_ID,START_DATE,END_DATE,LATITUDE,LONGITUDE,UGLY_ADDR1,UGLY_ADDR2,COUNTY_FIPS,LATITUDE7,LONGITUDE7) VALUES
	 (13295912,'MAILING','PO BOX 7096',NULL,20045,1541,'95267',NULL,NULL,NULL,1,TIMESTAMP'1800-01-01 00:00:00',TIMESTAMP'4000-01-01 00:00:00',38,-121.319,'PO Box 7096',NULL,'06077',37.99977,-121.31929);

INSERT INTO PORTOWN.PP_PHONES (ID,"type",AREACODE,EXCHANGE,NUM,EXTENSION,"FOREIGN",COUNTRY_CODE,FOREIGN_PHONE) VALUES
	 (17569681,'FAX','209','956','7733',NULL,'N',1,NULL),
	 (17569680,'PHONE','209','956','7725',NULL,'N',1,NULL);

INSERT INTO PORTOWN.PP_ADDR_PHONES (ADDRESS_ID,PHONE_ID) VALUES
	 (13295912,17569680),
	 (13295912,17569681);

INSERT INTO PORTOWN.PP_PRAC_ADDR (PRAC_ID,ADDRESS_ID) VALUES
	 (3235680,13295912);

INSERT INTO PORTOWN.PP_ADDR (ID,"type",ADDR1,ADDR2,CITY_ID,COUNTY_ID,ZIP,PLUS4,ADDR3,POSTAL_CODE,COUNTRY_ID,START_DATE,END_DATE,LATITUDE,LONGITUDE,UGLY_ADDR1,UGLY_ADDR2,COUNTY_FIPS,LATITUDE7,LONGITUDE7) VALUES
	 -- (4687263,'MAIN','5196 Hill Rd E',NULL,10980,964,'95453','6360',NULL,NULL,1,TIMESTAMP'1800-01-01 00:00:00',TIMESTAMP'4000-01-01 00:00:00',39.108,-122.906,'5196 Hill RD E',NULL,'06033',39.10839,-122.90585),
	 (7339199,'MAIN','987 Parallel Dr','Ste 104',10980,964,'95453','5708',NULL,NULL,1,TIMESTAMP'1800-01-01 00:00:00',TIMESTAMP'4000-01-01 00:00:00',39.035,-122.928,'987 Parallel Dr','Ste 104','06033',39.035294,-122.927719);

INSERT INTO PORTOWN.PP_PROV_TIN_LOC (ID,TIN_ID,ADDRESS_ID,NAME,"PRIMARY",PRINT_SUPPRESS,OFFICE_MGR,TRAIN,BUS,TRANSIT_ROUTE,HANDICAP,LABEL_CLUSTER_ID,PROV_TIN_PRC_CONT_ID) VALUES
	 -- (3510619,1794145,4687263,'Direct Network Lake','N','N',NULL,'N','N',NULL,'Y',1,NULL),
	 (5758848,1794145,7339199,'DIRECT NETWORK: LAKE','N',NULL,NULL,NULL,NULL,NULL,NULL,1,NULL);


INSERT INTO PORTOWN.PP_PRAC_LOC (PRAC_ID,PROV_ID,LOC_ID,"PRIMARY",PRINT_SUPPRESS,START_DATE,END_DATE,LABEL_CLUSTER_ID) VALUES
	 (3235680,2278168,3510619,'N','N',TIMESTAMP'2015-01-01 00:00:00',TIMESTAMP'4000-01-01 00:00:00',1),
	 (3235680,2278168,5758848,NULL,'N',TIMESTAMP'2019-05-01 00:00:00',TIMESTAMP'4000-01-01 00:00:00',1);

INSERT INTO PORTOWN.PP_PRAC_NET_CYCLE (ID,PRAC_ID,NET_ID,START_DATE,END_DATE,STATUS,LABEL_CLUSTER_ID) VALUES
	 (8113564,3235680,4179,TIMESTAMP'2017-01-01 00:00:00',TIMESTAMP'4000-01-01 00:00:00','Par',1),
	 (8551238,3235680,5256,TIMESTAMP'2015-01-01 00:00:00',TIMESTAMP'2022-12-31 00:00:00','Par',1),
	 (14184384,3235680,9716,TIMESTAMP'2015-01-01 00:00:00',TIMESTAMP'2023-12-31 00:00:00','Par',1),
	 (14184383,3235680,8242,TIMESTAMP'2015-01-01 00:00:00',TIMESTAMP'4000-01-01 00:00:00','Par',1);

INSERT INTO PORTOWN.PP_PRAC_NET_LOC_CYCLE (ID,PRAC_ID,PROV_ID,LOC_ID,PRAC_NET_CYCLE_ID,START_DATE,END_DATE,"PRIMARY",LABEL_CLUSTER_ID) VALUES
	 (12267756,3235680,2278168,3510619,8113564,TIMESTAMP'2017-01-01 00:00:00',TIMESTAMP'4000-01-01 00:00:00','N',1),
	 (13440998,3235680,2278168,3510619,8551238,TIMESTAMP'2015-01-01 00:00:00',TIMESTAMP'2022-12-31 00:00:00','N',1),
	 (35191386,3235680,2278168,5758848,14184384,TIMESTAMP'2019-05-01 00:00:00',TIMESTAMP'2023-12-31 00:00:00','Y',1),
	 (35255731,3235680,2278168,5758848,8551238,TIMESTAMP'2019-05-01 00:00:00',TIMESTAMP'2022-12-31 00:00:00','Y',1),
	 (32862934,3235680,2278168,3510619,14184383,TIMESTAMP'2015-01-01 00:00:00',TIMESTAMP'2019-04-30 00:00:00','N',1),
	 (32862936,3235680,2278168,3510619,14184384,TIMESTAMP'2015-01-01 00:00:00',TIMESTAMP'2023-12-31 00:00:00','N',1),
	 (35191387,3235680,2278168,5758848,14184383,TIMESTAMP'2019-05-01 00:00:00',TIMESTAMP'2025-09-19 00:00:00','Y',1);

INSERT INTO PORTOWN.PP_PRAC_ATTRIB (ID,PRAC_ID,ATTRIBUTE_ID) VALUES
	 (15379523,3235680,501),
	 (15662539,3235680,103279);

INSERT INTO PORTOWN.PP_PRAC_ATTRIB_VALUES (ID,PRAC_ATTRIBUTE_ID,FIELD_ID,VALUE,VALUE_DATE,VALUE_NUMBER,LABEL_CLUSTER_ID) VALUES
	 (26290834,15379523,701,'1104983360',NULL,1104983360,1),
	 (26290835,15379523,702,'Type 1',NULL,NULL,1),
	 (50369339,15379523,703,'01/25/2023',TIMESTAMP'2023-01-25 00:00:00',NULL,1),
	 (26707335,15662539,105838,'P075984',NULL,NULL,1);

INSERT INTO PORTOWN.PP_PRAC_LOC_ATTRIB (ID,PRAC_ID,PROV_ID,LOC_ID,ATTRIBUTE_ID) VALUES
	 (47290370,3235680,2278168,5758848,107097);

INSERT INTO PORTOWN.PP_PRAC_LOC_ATTRIB_VALUES (ID,PRAC_LOC_ATTRIBUTE_ID,FIELD_ID,VALUE,VALUE_DATE,VALUE_NUMBER,LABEL_CLUSTER_ID) VALUES
	 (112896185,47290370,111635,'Y',NULL,NULL,1),
	 (112896186,47290370,111636,'Anesthesiology',NULL,NULL,1);
