INSERT INTO PORTOWN.PP_PRAC (ID,FNAME,MNAME,LNAME,XNAME,"degree",SEX,DOB,SSN,EMAIL,SALUTATION,LABEL_CLUSTER_ID,PRAC_TYPE_ID,NARRATIVE) VALUES
	 (4717969,'Rebecca','R','Boening',NULL,'MD','F',TIMESTAMP'1987-02-03 00:00:00',NULL,NULL,NULL,1,NULL,NULL);

INSERT INTO PORTOWN.PP_ADDR (ID,"type",ADDR1,ADDR2,CITY_ID,COUNTY_ID,ZIP,PLUS4,ADDR3,POSTAL_CODE,COUNTRY_ID,START_DATE,END_DATE,LATITUDE,LONGITUDE,UGLY_ADDR1,UGLY_ADDR2,COUNTY_FIPS,LATITUDE7,LONGITUDE7) VALUES
	 (13306038,'MAILING','263 N Villa Ave',NULL,22954,675,'95988','2607',NULL,NULL,1,TIMESTAMP'1800-01-01 00:00:00',TIMESTAMP'4000-01-01 00:00:00',39.522,-122.209,'263 N Villa Ave',NULL,'06021',39.52215,-122.20896);

INSERT INTO PORTOWN.PP_PHONES (ID,"type",AREACODE,EXCHANGE,NUM,EXTENSION,"FOREIGN",COUNTRY_CODE,FOREIGN_PHONE) VALUES
	 (17594970,'PHONE','530','934','8700',NULL,'N',1,NULL),
	 (17594971,'FAX','530','934','3011',NULL,'N',1,NULL);

INSERT INTO PORTOWN.PP_ADDR_PHONES (ADDRESS_ID,PHONE_ID) VALUES
	 (13306038,17594970),
	 (13306038,17594971);

INSERT INTO PORTOWN.PP_PRAC_ADDR (PRAC_ID,ADDRESS_ID) VALUES
	 (4717969,13306038);

-- this address is already inserted as part of child ppg -1
-- INSERT INTO PORTOWN.PP_ADDR (ID,"type",ADDR1,ADDR2,CITY_ID,COUNTY_ID,ZIP,PLUS4,ADDR3,POSTAL_CODE,COUNTRY_ID,START_DATE,END_DATE,LATITUDE,LONGITUDE,UGLY_ADDR1,UGLY_ADDR2,COUNTY_FIPS,LATITUDE7,LONGITUDE7) VALUES
-- 	 (10592826,'MAIN','263 N Villa Ave',NULL,22954,675,'95988','2607',NULL,NULL,1,TIMESTAMP'1800-01-01 00:00:00',TIMESTAMP'4000-01-01 00:00:00',39.522,-122.209,'263 N Villa Ave',NULL,'06021',39.52215,-122.20896);

-- this location is already inserted as part of child ppg -1
-- INSERT INTO PORTOWN.PP_PROV_TIN_LOC (ID,TIN_ID,ADDRESS_ID,NAME,"PRIMARY",PRINT_SUPPRESS,OFFICE_MGR,TRAIN,BUS,TRANSIT_ROUTE,HANDICAP,LABEL_CLUSTER_ID,PROV_TIN_PRC_CONT_ID) VALUES
-- 	 (8137195,1794145,10592826,'DIRECT NETWORK: GLENN','N',NULL,NULL,NULL,NULL,NULL,NULL,1,NULL);


INSERT INTO PORTOWN.PP_PRAC_LOC (PRAC_ID,PROV_ID,LOC_ID,"PRIMARY",PRINT_SUPPRESS,START_DATE,END_DATE,LABEL_CLUSTER_ID) VALUES
	 (4717969,2278165,8137195,NULL,'N',TIMESTAMP'2022-10-01 00:00:00',TIMESTAMP'4000-01-01 00:00:00',1);

INSERT INTO PORTOWN.PP_PRAC_NET_CYCLE (ID,PRAC_ID,NET_ID,START_DATE,END_DATE,STATUS,LABEL_CLUSTER_ID) VALUES
	 (20775021,4717969,5256,TIMESTAMP'2022-10-01 00:00:00',TIMESTAMP'2022-12-31 00:00:00','Par',1),
	 (20775022,4717969,8219,TIMESTAMP'2022-10-01 00:00:00',TIMESTAMP'4000-01-01 00:00:00','Par',1),
	 (20775023,4717969,8237,TIMESTAMP'2022-10-01 00:00:00',TIMESTAMP'4000-01-01 00:00:00','Par',1),
	 (20775024,4717969,8238,TIMESTAMP'2022-10-01 00:00:00',TIMESTAMP'4000-01-01 00:00:00','Par',1),
	 (20775025,4717969,8239,TIMESTAMP'2022-10-01 00:00:00',TIMESTAMP'4000-01-01 00:00:00','Par',1),
	 (20775026,4717969,8242,TIMESTAMP'2022-10-01 00:00:00',TIMESTAMP'4000-01-01 00:00:00','Par',1),
	 (20775027,4717969,8243,TIMESTAMP'2022-10-01 00:00:00',TIMESTAMP'4000-01-01 00:00:00','Par',1),
	 (20775028,4717969,8245,TIMESTAMP'2022-10-01 00:00:00',TIMESTAMP'4000-01-01 00:00:00','Par',1),
	 (20775029,4717969,8246,TIMESTAMP'2022-10-01 00:00:00',TIMESTAMP'4000-01-01 00:00:00','Par',1),
	 (20775030,4717969,9716,TIMESTAMP'2022-10-01 00:00:00',TIMESTAMP'2023-12-31 00:00:00','Par',1);

INSERT INTO PORTOWN.PP_PRAC_NET_LOC_CYCLE (ID,PRAC_ID,PROV_ID,LOC_ID,PRAC_NET_CYCLE_ID,START_DATE,END_DATE,"PRIMARY",LABEL_CLUSTER_ID) VALUES
	 (61086372,4717969,2278165,8137195,20775021,TIMESTAMP'2022-10-01 00:00:00',TIMESTAMP'2022-12-31 00:00:00','N',1),
	 (61086373,4717969,2278165,8137195,20775022,TIMESTAMP'2022-10-01 00:00:00',TIMESTAMP'2025-03-13 00:00:00','N',1),
	 (61086374,4717969,2278165,8137195,20775023,TIMESTAMP'2022-10-01 00:00:00',TIMESTAMP'2025-03-13 00:00:00','N',1),
	 (61086375,4717969,2278165,8137195,20775024,TIMESTAMP'2022-10-01 00:00:00',TIMESTAMP'2025-03-13 00:00:00','N',1),
	 (61086376,4717969,2278165,8137195,20775025,TIMESTAMP'2022-10-01 00:00:00',TIMESTAMP'2025-03-13 00:00:00','N',1),
	 (61086377,4717969,2278165,8137195,20775026,TIMESTAMP'2022-10-01 00:00:00',TIMESTAMP'2025-03-13 00:00:00','N',1),
	 (61086378,4717969,2278165,8137195,20775027,TIMESTAMP'2022-10-01 00:00:00',TIMESTAMP'2025-03-13 00:00:00','N',1),
	 (61086379,4717969,2278165,8137195,20775028,TIMESTAMP'2022-10-01 00:00:00',TIMESTAMP'2025-03-13 00:00:00','N',1),
	 (61086380,4717969,2278165,8137195,20775029,TIMESTAMP'2022-10-01 00:00:00',TIMESTAMP'2025-03-13 00:00:00','N',1),
	 (61086381,4717969,2278165,8137195,20775030,TIMESTAMP'2022-10-01 00:00:00',TIMESTAMP'2023-12-31 00:00:00','N',1);

INSERT INTO PORTOWN.PP_PRAC_ATTRIB (ID,PRAC_ID,ATTRIBUTE_ID) VALUES
	 (27353333,4717969,501),
	 (30104761,4717969,100085),
	 (37118793,4717969,103279);

INSERT INTO PORTOWN.PP_PRAC_ATTRIB_VALUES (ID,PRAC_ATTRIBUTE_ID,FIELD_ID,VALUE,VALUE_DATE,VALUE_NUMBER,LABEL_CLUSTER_ID) VALUES
	 (49873214,27353333,703,'09/01/2020',TIMESTAMP'2020-09-01 00:00:00',NULL,1),
	 (49873215,27353333,701,'1306367982',NULL,1306367982,1),
	 (49873216,27353333,702,'Type 1',NULL,NULL,1),
	 (55371950,30104761,100934,'01/01/4000',TIMESTAMP'4000-01-01 00:00:00',NULL,1),
	 (55371951,30104761,100302,'9111115',NULL,NULL,1),
	 (55371952,30104761,100303,'OH',NULL,NULL,1),
	 (69502848,37118793,105838,'P282222',NULL,NULL,1);

INSERT INTO PORTOWN.PP_PRAC_LOC_ATTRIB (ID,PRAC_ID,PROV_ID,LOC_ID,ATTRIBUTE_ID) VALUES
	 (46569686,4717969,2278165,8137195,107097);

INSERT INTO PORTOWN.PP_PRAC_LOC_ATTRIB_VALUES (ID,PRAC_LOC_ATTRIBUTE_ID,FIELD_ID,VALUE,VALUE_DATE,VALUE_NUMBER,LABEL_CLUSTER_ID) VALUES
	 (111782104,46569686,111635,'Y',NULL,NULL,1),
	 (111782106,46569686,111636,'Pediatrics',NULL,NULL,1);
