INSERT INTO PORTOWN.PP_PROV_TIN (ID,NAME,"TYPE",TIN,LABEL_CLUSTER_ID) VALUES
	 (1794145,'CA Prison Network',NULL,'95-0000000',1);

INSERT INTO PORTOWN.PP_ADDR (ID,"TYPE",ADDR1,ADDR2,CITY_ID,COUNTY_ID,ZIP,PLUS4,ADDR3,POSTAL_CODE,COUNTRY_ID,START_DATE,END_DATE,LATITUDE,LONGITUDE,UGLY_ADDR1,UGLY_ADDR2,COUNTY_FIPS,LATITUDE7,LONGITUDE7) VALUES
	 (4682039,'BILLING','21281 Burbank Blvd',NULL,23174,1031,'91367','6607',NULL,NULL,1,TIMESTAMP'1800-01-01 00:00:00',TIMESTAMP'4000-01-01 00:00:00',34.176,-118.595,'21281 Burbank Blvd',NULL,'06037',34.175701,-118.595001);

INSERT INTO PORTOWN.PP_ADDR (ID,"TYPE",ADDR1,ADDR2,CITY_ID,COUNTY_ID,ZIP,PLUS4,ADDR3,POSTAL_CODE,COUNTRY_ID,START_DATE,END_DATE,LATITUDE,LONGITUDE,UGLY_ADDR1,UGLY_ADDR2,COUNTY_FIPS,LATITUDE7,LONGITUDE7) VALUES
	 (5310367,'MAILING','180 Grand Ave',NULL,15067,17,'94612','3723',NULL,NULL,1,TIMESTAMP'1800-01-01 00:00:00',TIMESTAMP'4000-01-01 00:00:00',37.811,-122.263,'180 Grand Ave',NULL,'06001',37.811325,-122.262939);

INSERT INTO PORTOWN.PP_PROV (ID,TIN_ID,ADDRESS_ID,SPEC_ID,SUB_PROV_CODE,NAME,NAME_USAGE,MEDICARE_NO,PROV_TYPE_ID,LABEL_CLUSTER_ID) VALUES
	 (2278167,1794145,4682039,2073,NULL,'DIRECT NETWORK: IMPERIAL','P',NULL,155,1);

INSERT INTO PORTOWN.PP_PROV_ADDR (PROV_ID,ADDRESS_ID) VALUES
	 (2278167,5310367);

-- No data to insert in PP_PHONES related to the provider
-- No data to insert in PP_ADDR_PHONES

INSERT INTO PORTOWN.PP_PROV_ATTRIB (ID,PROV_ID,ATTRIBUTE_ID) VALUES
	 (15501370,2278167,103277);

INSERT INTO PORTOWN.PP_PROV_ATTRIB_VALUES (ID,PROV_ATTRIBUTE_ID,FIELD_ID,VALUE,VALUE_DATE,VALUE_NUMBER,LABEL_CLUSTER_ID) VALUES
	 (22167586,15501370,106275,'Y',NULL,NULL,1),
	 (19140966,15501370,106276,'Y',NULL,NULL,1),
	 (19052373,15501370,105835,'M2156',NULL,NULL,1),
	 (20343474,15501370,105836,'M2000',NULL,NULL,1),
	 (22624491,15501370,107275,'07/01/2002',TIMESTAMP'2002-07-01 00:00:00',NULL,1);

-- Insert the addresses that are needed for the location

INSERT INTO PORTOWN.PP_ADDR (ID,"TYPE",ADDR1,ADDR2,CITY_ID,COUNTY_ID,ZIP,PLUS4,ADDR3,POSTAL_CODE,COUNTRY_ID,START_DATE,END_DATE,LATITUDE,LONGITUDE,UGLY_ADDR1,UGLY_ADDR2,COUNTY_FIPS,LATITUDE7,LONGITUDE7) VALUES
	 (4682048,'MAIN','1550 Pepper Dr','Ste B',6101,842,'92243','4166',NULL,NULL,1,TIMESTAMP'1800-01-01 00:00:00',TIMESTAMP'4000-01-01 00:00:00',32.78,-115.571,'1550 Pepper Dr','Ste B','06025',32.779819,-115.571007),
	 (4695491,'MAIN','2061 Ross Ave','Ste B',6101,842,'92243','3687',NULL,NULL,1,TIMESTAMP'1800-01-01 00:00:00',TIMESTAMP'4000-01-01 00:00:00',32.781,-115.579,'2061 Ross Ave','Ste B','06025',32.78139,-115.57907),
	 (4694715,'MAIN','125 S 5th St',NULL,2187,842,'92227','2408',NULL,NULL,1,TIMESTAMP'1800-01-01 00:00:00',TIMESTAMP'4000-01-01 00:00:00',32.977,-115.534,'125 S 5th St',NULL,'06025',32.977379,-115.534042),
	 (4704080,'MAIN','1463 S 4th St','Ste B',6101,842,'92243','4749',NULL,NULL,1,TIMESTAMP'1800-01-01 00:00:00',TIMESTAMP'4000-01-01 00:00:00',32.78,-115.552,'1463 S 4th St','Ste B','06025',32.78031,-115.55237),
	 (4692236,'MAIN','1420 Ocotillo Dr','Ste A',6101,842,'92243','4251',NULL,NULL,1,TIMESTAMP'1800-01-01 00:00:00',TIMESTAMP'4000-01-01 00:00:00',32.777,-115.568,'1420 Ocotillo Dr','Ste A','06025',32.776955,-115.568344),
	 (4699692,'MAIN','751 W Legion Rd','Ste 102',2187,842,'92227','7754',NULL,NULL,1,TIMESTAMP'1800-01-01 00:00:00',TIMESTAMP'4000-01-01 00:00:00',32.961,-115.554,'751 W Legion RD','Ste 102','06025',32.960602,-115.553825),
	 (4705004,'MAIN','4231 US Highway 86','Ste 6',2187,842,'92227','9648',NULL,NULL,1,TIMESTAMP'1800-01-01 00:00:00',TIMESTAMP'4000-01-01 00:00:00',32.959,-115.552,'4231 US Hwy 86','Ste 6','06025',32.958672,-115.552307),
	 (4682051,'MAIN','1600 S Imperial Ave','Ste 10',6101,842,'92243','4242',NULL,NULL,1,TIMESTAMP'1800-01-01 00:00:00',TIMESTAMP'4000-01-01 00:00:00',32.779,-115.57,'1600 S Imperial Ave','Ste 10','06025',32.778805,-115.57048),
	 (4693432,'MAIN','1420 Ocotillo Dr','Ste B',6101,842,'92243','4251',NULL,NULL,1,TIMESTAMP'1800-01-01 00:00:00',TIMESTAMP'4000-01-01 00:00:00',32.777,-115.568,'1420 Ocotillo Dr','Ste B','06025',32.776955,-115.568344),
	 (4682052,'MAIN','1600 S Imperial Ave','Ste 8',6101,842,'92243','4242',NULL,NULL,1,TIMESTAMP'1800-01-01 00:00:00',TIMESTAMP'4000-01-01 00:00:00',32.779,-115.57,'1600 S Imperial Ave','Ste 8','06025',32.778805,-115.57048);
INSERT INTO PORTOWN.PP_ADDR (ID,"TYPE",ADDR1,ADDR2,CITY_ID,COUNTY_ID,ZIP,PLUS4,ADDR3,POSTAL_CODE,COUNTRY_ID,START_DATE,END_DATE,LATITUDE,LONGITUDE,UGLY_ADDR1,UGLY_ADDR2,COUNTY_FIPS,LATITUDE7,LONGITUDE7) VALUES
	 (4695365,'MAIN','251 W Cole Blvd',NULL,2750,842,'92231','9722',NULL,NULL,1,TIMESTAMP'1800-01-01 00:00:00',TIMESTAMP'4000-01-01 00:00:00',32.695,-115.504,'251 W Cole Blvd',NULL,'06025',32.69466,-115.503548),
	 (4713912,'MAIN','900 W Birch St','Ste 2',2750,842,'92231','2379',NULL,NULL,1,TIMESTAMP'1800-01-01 00:00:00',TIMESTAMP'4000-01-01 00:00:00',32.679,-115.515,'900 W Birch St','Ste 2','06025',32.678715,-115.514748),
	 (4693484,'MAIN','207 W Legion Rd',NULL,2187,842,'92227','7780',NULL,NULL,1,TIMESTAMP'1800-01-01 00:00:00',TIMESTAMP'4000-01-01 00:00:00',32.958,-115.554,'207 W Legion RD',NULL,'06025',32.958088,-115.553703),
	 (4716795,'MAIN','1600 S Imperial Ave','Ste 3',6101,842,'92243','4242',NULL,NULL,1,TIMESTAMP'1800-01-01 00:00:00',TIMESTAMP'4000-01-01 00:00:00',32.779,-115.57,'1600 S Imperial Ave','Ste 3','06025',32.778805,-115.57048),
	 (4682040,'MAIN','528 G St',NULL,2187,842,'92227','2411',NULL,NULL,1,TIMESTAMP'1800-01-01 00:00:00',TIMESTAMP'4000-01-01 00:00:00',32.977,-115.533,'528 G St',NULL,'06025',32.977272,-115.53299),
	 (4682045,'MAIN','1501 Ocotillo Dr','Ste C',6101,842,'92243','4217',NULL,NULL,1,TIMESTAMP'1800-01-01 00:00:00',TIMESTAMP'4000-01-01 00:00:00',32.777,-115.57,'1501 Ocotillo Dr','Ste C','06025',32.77676,-115.570366),
	 (4695950,'MAIN','1550 N Imperial Ave','Ste 1',6101,842,'92243','6304',NULL,NULL,1,TIMESTAMP'1800-01-01 00:00:00',TIMESTAMP'4000-01-01 00:00:00',32.81,-115.57,'1550 N Imperial Ave','Ste 1','06025',32.80967,-115.57008),
	 (4699056,'MAIN','702 Wake Ave',NULL,6101,842,'92243','7502',NULL,NULL,1,TIMESTAMP'1800-01-01 00:00:00',TIMESTAMP'4000-01-01 00:00:00',32.771,-115.56,'702 Wake Ave',NULL,'06025',32.771023,-115.560143),
	 (4717113,'MAIN','1590 S Imperial Ave',NULL,6101,842,'92243','4241',NULL,NULL,1,TIMESTAMP'1800-01-01 00:00:00',TIMESTAMP'4000-01-01 00:00:00',32.779,-115.571,'1590 S Imperial Ave',NULL,'06025',32.779472,-115.570534),
	 (4720327,'MAIN','155 Grand Ave',NULL,15067,17,'94612','3758',NULL,NULL,1,TIMESTAMP'1800-01-01 00:00:00',TIMESTAMP'4000-01-01 00:00:00',37.811,-122.264,'155 Grand Ave',NULL,'06001',37.810745,-122.263893);

-- Insert the phones that are associated with the location

INSERT INTO PORTOWN.PP_PHONES (ID,"TYPE",AREACODE,EXCHANGE,NUM,EXTENSION,"FOREIGN",COUNTRY_CODE,FOREIGN_PHONE) VALUES
	 (17225269,'FAX','760','351','4894',NULL,'N',1,NULL),
	 (17226793,'FAX','877','355','1742',NULL,'N',1,NULL),
	 (6043056,'PHONE','760','352','7216',NULL,'N',1,NULL),
	 (17227072,'PHONE','760','871','4572',NULL,'N',1,NULL),
	 (17225103,'PHONE','760','352','0721',NULL,'N',1,NULL),
	 (6041749,'PHONE','760','351','8696',NULL,'N',1,NULL),
	 (17226407,'FAX','760','545','0249',NULL,'N',1,NULL),
	 (17225742,'FAX','760','352','3022',NULL,'N',1,NULL),
	 (4733805,'PHONE','800','638','3889',NULL,'N',1,NULL),
	 (6040257,'PHONE','951','679','1800',NULL,'N',1,NULL);
INSERT INTO PORTOWN.PP_PHONES (ID,"TYPE",AREACODE,EXCHANGE,NUM,EXTENSION,"FOREIGN",COUNTRY_CODE,FOREIGN_PHONE) VALUES
	 (6041011,'PHONE','951','679','1800',NULL,'N',1,NULL),
	 (17225900,'PHONE','760','352','2551',NULL,'N',1,NULL),
	 (6037030,'PHONE','760','353','6363',NULL,'N',1,NULL),
	 (17225227,'FAX','760','352','0773',NULL,'N',1,NULL),
	 (6037035,'PHONE','760','353','5000',NULL,'N',1,NULL),
	 (6045703,'PHONE','760','351','8669',NULL,'N',1,NULL),
	 (17225560,'FAX','760','790','0017',NULL,'N',1,NULL),
	 (17226792,'PHONE','760','357','3768',NULL,'N',1,NULL),
	 (17226048,'PHONE','760','352','1731',NULL,'N',1,NULL),
	 (17227073,'FAX','760','344','2203',NULL,'N',1,NULL);
INSERT INTO PORTOWN.PP_PHONES (ID,"TYPE",AREACODE,EXCHANGE,NUM,EXTENSION,"FOREIGN",COUNTRY_CODE,FOREIGN_PHONE) VALUES
	 (6050338,'PHONE','760','790','0005',NULL,'N',1,NULL),
	 (17225442,'FAX','760','339','2928',NULL,'N',1,NULL),
	 (17225511,'PHONE','760','353','0404',NULL,'N',1,NULL),
	 (17225512,'FAX','760','353','0392',NULL,'N',1,NULL),
	 (6041047,'PHONE','760','351','3333',NULL,'N',1,NULL),
	 (17226406,'PHONE','760','352','5800',NULL,'N',1,NULL),
	 (17226050,'FAX','760','545','0245',NULL,'N',1,NULL),
	 (6043447,'PHONE','760','344','7002',NULL,'N',1,NULL),
	 (17225698,'PHONE','760','339','2802',NULL,'N',1,NULL),
	 (6037032,'PHONE','858','352','7756',NULL,'N',1,NULL);
INSERT INTO PORTOWN.PP_PHONES (ID,"TYPE",AREACODE,EXCHANGE,NUM,EXTENSION,"FOREIGN",COUNTRY_CODE,FOREIGN_PHONE) VALUES
	 (17225060,'FAX','760','693','4104',NULL,'N',1,NULL);

-- Insert the phone and address association

INSERT INTO PORTOWN.PP_ADDR_PHONES (ADDRESS_ID,PHONE_ID) VALUES
	 (4682048,6037032),
	 (4695491,17226406),
	 (4695491,17226407),
	 (4694715,6041749),
	 (4704080,6045703),
	 (4692236,6040257),
	 (4699692,6043447),
	 (4705004,17227072),
	 (4705004,17227073),
	 (4682051,17225103);
INSERT INTO PORTOWN.PP_ADDR_PHONES (ADDRESS_ID,PHONE_ID) VALUES
	 (4682051,17225227),
	 (4693432,6041011),
	 (4682052,6037035),
	 (4682052,17225060),
	 (4695365,17226792),
	 (4695365,17226793),
	 (4713912,6050338),
	 (4713912,17225560),
	 (4693484,6041047),
	 (4693484,17225269);
INSERT INTO PORTOWN.PP_ADDR_PHONES (ADDRESS_ID,PHONE_ID) VALUES
	 (4716795,17225442),
	 (4716795,17225698),
	 (4682040,17225511),
	 (4682040,17225512),
	 (4682045,6037030),
	 (4695950,17226048),
	 (4695950,17226050),
	 (4699056,6043056),
	 (4717113,17225742),
	 (4717113,17225900);
INSERT INTO PORTOWN.PP_ADDR_PHONES (ADDRESS_ID,PHONE_ID) VALUES
	 (4720327,4733805);

-- Insert the locations that are to be used for the scenario

INSERT INTO PORTOWN.PP_PROV_TIN_LOC (ID,TIN_ID,ADDRESS_ID,NAME,"PRIMARY",PRINT_SUPPRESS,OFFICE_MGR,TRAIN,BUS,TRANSIT_ROUTE,HANDICAP,LABEL_CLUSTER_ID,PROV_TIN_PRC_CONT_ID) VALUES
	 (3505469,1794145,4682040,'DIRECT NETWORK: IMPERIAL','N',NULL,NULL,NULL,NULL,NULL,NULL,1,NULL),
	 (3528257,1794145,4705004,'DIRECT NETWORK: IMPERIAL','N',NULL,NULL,NULL,NULL,NULL,NULL,1,NULL),
	 (3505474,1794145,4682045,'Direct Network Imperial','N','N',NULL,'N','N',NULL,'Y',1,NULL),
	 (3505476,1794145,4682048,'Direct Network Imperial','N','N',NULL,'N','N',NULL,'Y',1,NULL),
	 (3505479,1794145,4682051,'DIRECT NETWORK: IMPERIAL','N',NULL,NULL,NULL,NULL,NULL,NULL,1,NULL),
	 (3505480,1794145,4682052,'DIRECT NETWORK: IMPERIAL','N',NULL,NULL,NULL,NULL,NULL,NULL,1,NULL),
	 (3540319,1794145,4717113,'DIRECT NETWORK: IMPERIAL','N',NULL,NULL,NULL,NULL,NULL,NULL,1,NULL),
	 (3540000,1794145,4716795,'DIRECT NETWORK: IMPERIAL','N',NULL,NULL,NULL,NULL,NULL,NULL,1,NULL),
	 (3519259,1794145,4695950,'DIRECT NETWORK: IMPERIAL','N',NULL,NULL,NULL,NULL,NULL,NULL,1,NULL),
	 (3522991,1794145,4699692,'Direct Network Imperial','N','N',NULL,'N','N',NULL,'Y',1,NULL);
INSERT INTO PORTOWN.PP_PROV_TIN_LOC (ID,TIN_ID,ADDRESS_ID,NAME,"PRIMARY",PRINT_SUPPRESS,OFFICE_MGR,TRAIN,BUS,TRANSIT_ROUTE,HANDICAP,LABEL_CLUSTER_ID,PROV_TIN_PRC_CONT_ID) VALUES
	 (3543545,1794145,4720327,'DIRECT NETWORK: IMPERIAL','Y',NULL,NULL,NULL,NULL,NULL,'N',1,NULL),
	 (3518678,1794145,4695365,'DIRECT NETWORK: IMPERIAL','N',NULL,NULL,NULL,NULL,NULL,NULL,1,NULL),
	 (3518803,1794145,4695491,'DIRECT NETWORK: IMPERIAL','N',NULL,NULL,NULL,NULL,NULL,NULL,1,NULL),
	 (3522358,1794145,4699056,'Direct Network Imperial','N','N',NULL,'N','N',NULL,'Y',1,NULL),
	 (3515555,1794145,4692236,'Direct Network Imperial','N','N',NULL,'N','N',NULL,'Y',1,NULL),
	 (3527357,1794145,4704080,'Direct Network Imperial','N','N',NULL,'N','N',NULL,'Y',1,NULL),
	 (3516802,1794145,4693484,'DIRECT NETWORK: IMPERIAL','N',NULL,NULL,NULL,NULL,NULL,NULL,1,NULL),
	 (3516750,1794145,4693432,'Direct Network Imperial','N','N',NULL,'N','N',NULL,'Y',1,NULL),
	 (3537143,1794145,4713912,'DIRECT NETWORK: IMPERIAL','N',NULL,NULL,NULL,NULL,NULL,NULL,1,NULL),
	 (3518034,1794145,4694715,'Direct Network Imperial','N','N',NULL,'N','N',NULL,'Y',1,NULL);

-- Insert data for PP_PROV_LOC table

INSERT INTO PORTOWN.PP_PROV_LOC (PROV_ID,LOC_ID,NAME_USAGE,"PRIMARY",START_DATE,END_DATE,PRINT_SUPPRESS,LABEL_CLUSTER_ID) VALUES
	 (2278167,3505469,'C','N',TIMESTAMP'2015-01-01 00:00:00',TIMESTAMP'4000-01-01 00:00:00','N',1),
	 (2278167,3505474,'C','N',TIMESTAMP'2015-01-01 00:00:00',TIMESTAMP'4000-01-01 00:00:00','N',1),
	 (2278167,3505476,'C','N',TIMESTAMP'2015-01-01 00:00:00',TIMESTAMP'4000-01-01 00:00:00','N',1),
	 (2278167,3505479,'C','N',TIMESTAMP'2015-01-01 00:00:00',TIMESTAMP'4000-01-01 00:00:00','N',1),
	 (2278167,3505480,'C','N',TIMESTAMP'2015-01-01 00:00:00',TIMESTAMP'4000-01-01 00:00:00','N',1),
	 (2278167,3515555,'C','N',TIMESTAMP'2015-01-01 00:00:00',TIMESTAMP'4000-01-01 00:00:00','N',1),
	 (2278167,3516750,'C','N',TIMESTAMP'2015-01-01 00:00:00',TIMESTAMP'4000-01-01 00:00:00','N',1),
	 (2278167,3516802,'C','N',TIMESTAMP'2015-01-01 00:00:00',TIMESTAMP'4000-01-01 00:00:00','N',1),
	 (2278167,3518034,'C','N',TIMESTAMP'2015-01-01 00:00:00',TIMESTAMP'4000-01-01 00:00:00','N',1),
	 (2278167,3518678,'C','N',TIMESTAMP'2015-01-01 00:00:00',TIMESTAMP'4000-01-01 00:00:00','N',1);
INSERT INTO PORTOWN.PP_PROV_LOC (PROV_ID,LOC_ID,NAME_USAGE,"PRIMARY",START_DATE,END_DATE,PRINT_SUPPRESS,LABEL_CLUSTER_ID) VALUES
	 (2278167,3518803,'C','N',TIMESTAMP'2015-01-01 00:00:00',TIMESTAMP'4000-01-01 00:00:00','N',1),
	 (2278167,3519259,'C','N',TIMESTAMP'2015-01-01 00:00:00',TIMESTAMP'4000-01-01 00:00:00','N',1),
	 (2278167,3522358,'C','N',TIMESTAMP'2015-01-01 00:00:00',TIMESTAMP'4000-01-01 00:00:00','N',1),
	 (2278167,3522991,'C','N',TIMESTAMP'2015-01-01 00:00:00',TIMESTAMP'4000-01-01 00:00:00','N',1),
	 (2278167,3527357,'C','N',TIMESTAMP'2015-01-01 00:00:00',TIMESTAMP'4000-01-01 00:00:00','N',1),
	 (2278167,3528257,'C','N',TIMESTAMP'2015-01-01 00:00:00',TIMESTAMP'4000-01-01 00:00:00','N',1),
	 (2278167,3537143,'C','N',TIMESTAMP'2015-01-01 00:00:00',TIMESTAMP'4000-01-01 00:00:00','N',1),
	 (2278167,3540000,'C','N',TIMESTAMP'2015-01-01 00:00:00',TIMESTAMP'4000-01-01 00:00:00','N',1),
	 (2278167,3540319,'C','N',TIMESTAMP'2015-01-01 00:00:00',TIMESTAMP'4000-01-01 00:00:00','N',1),
	 (2278167,3543545,'C','Y',TIMESTAMP'2015-01-01 00:00:00',TIMESTAMP'4000-01-01 00:00:00','N',1);

-- Insert data for PP_PROV_LOC_OFHOURS table

INSERT INTO PORTOWN.PP_PROV_LOC_OFHOURS (ID,PROV_ID,LOC_ID,EVENT,DAYOFWEEK,"TIME") VALUES
	 (47536186,2278167,3518034,'O','MO','A0800'),
	 (47536187,2278167,3518034,'C','MO','P0500'),
	 (47536188,2278167,3518034,'O','TU','A0800'),
	 (47536189,2278167,3518034,'C','TU','P0500'),
	 (47536190,2278167,3518034,'O','WE','A0800'),
	 (47536191,2278167,3518034,'C','WE','P0500'),
	 (47536192,2278167,3518034,'O','TH','A0800'),
	 (47536193,2278167,3518034,'C','TH','P0500'),
	 (47536194,2278167,3518034,'O','FR','A0800'),
	 (47536195,2278167,3518034,'C','FR','P0500');
INSERT INTO PORTOWN.PP_PROV_LOC_OFHOURS (ID,PROV_ID,LOC_ID,EVENT,DAYOFWEEK,"TIME") VALUES
	 (47548436,2278167,3519259,'O','MO','A0800'),
	 (47548437,2278167,3519259,'C','MO','P0500'),
	 (47548438,2278167,3519259,'O','TU','A0800'),
	 (47548439,2278167,3519259,'C','TU','P0500'),
	 (47548440,2278167,3519259,'O','WE','A0800'),
	 (47548441,2278167,3519259,'C','WE','P0500'),
	 (47548442,2278167,3519259,'O','TH','A0800'),
	 (47548443,2278167,3519259,'C','TH','P0500'),
	 (47548444,2278167,3519259,'O','FR','A0800'),
	 (47548445,2278167,3519259,'C','FR','P0500');
INSERT INTO PORTOWN.PP_PROV_LOC_OFHOURS (ID,PROV_ID,LOC_ID,EVENT,DAYOFWEEK,"TIME") VALUES
	 (47523332,2278167,3516750,'O','MO','A0800'),
	 (47523334,2278167,3516750,'C','MO','P0500'),
	 (47523337,2278167,3516750,'O','TU','A0800'),
	 (47523339,2278167,3516750,'C','TU','P0500'),
	 (47523340,2278167,3516750,'O','WE','A0800'),
	 (47523341,2278167,3516750,'C','WE','P0500'),
	 (47523342,2278167,3516750,'O','TH','A0800'),
	 (47523343,2278167,3516750,'C','TH','P0500'),
	 (47523344,2278167,3516750,'O','FR','A0800'),
	 (47523345,2278167,3516750,'C','FR','P0500');
INSERT INTO PORTOWN.PP_PROV_LOC_OFHOURS (ID,PROV_ID,LOC_ID,EVENT,DAYOFWEEK,"TIME") VALUES
	 (186802346,2278167,3540000,'C','SA','P0200'),
	 (186802349,2278167,3540000,'O','SA','A0800'),
	 (51823792,2278167,3540319,'O','SU','A0000'),
	 (51823793,2278167,3540319,'C','SU','P1159'),
	 (51823794,2278167,3540319,'O','SA','A0000'),
	 (51823795,2278167,3540319,'C','SA','P1159'),
	 (186799706,2278167,3516802,'C','MO','P1159'),
	 (186799707,2278167,3516802,'O','MO','A0000'),
	 (186799708,2278167,3516802,'O','TU','A0000'),
	 (186799709,2278167,3516802,'C','TU','P1159');
INSERT INTO PORTOWN.PP_PROV_LOC_OFHOURS (ID,PROV_ID,LOC_ID,EVENT,DAYOFWEEK,"TIME") VALUES
	 (186799713,2278167,3516802,'O','FR','A0000'),
	 (186799715,2278167,3516802,'C','FR','P1159'),
	 (186799718,2278167,3516802,'C','WE','P1159'),
	 (186799719,2278167,3516802,'O','WE','A0000'),
	 (186799722,2278167,3516802,'C','TH','P1159'),
	 (186799725,2278167,3516802,'O','TH','A0000'),
	 (47638507,2278167,3528257,'O','MO','A0800'),
	 (47638509,2278167,3528257,'C','MO','P0500'),
	 (47638511,2278167,3528257,'O','TU','A0800'),
	 (47638513,2278167,3528257,'C','TU','P0500');
INSERT INTO PORTOWN.PP_PROV_LOC_OFHOURS (ID,PROV_ID,LOC_ID,EVENT,DAYOFWEEK,"TIME") VALUES
	 (47638535,2278167,3528257,'O','WE','A0800'),
	 (47638537,2278167,3528257,'C','WE','P0500'),
	 (47638539,2278167,3528257,'O','TH','A0800'),
	 (47638541,2278167,3528257,'C','TH','P0500'),
	 (47638543,2278167,3528257,'O','FR','A0800'),
	 (47638544,2278167,3528257,'C','FR','P0500'),
	 (47511396,2278167,3515555,'O','MO','A0800'),
	 (47511397,2278167,3515555,'C','MO','P0500'),
	 (47511398,2278167,3515555,'O','TU','A0800'),
	 (47511399,2278167,3515555,'C','TU','P0500');
INSERT INTO PORTOWN.PP_PROV_LOC_OFHOURS (ID,PROV_ID,LOC_ID,EVENT,DAYOFWEEK,"TIME") VALUES
	 (47511400,2278167,3515555,'O','WE','A0800'),
	 (47511401,2278167,3515555,'C','WE','P0500'),
	 (47511402,2278167,3515555,'O','TH','A0800'),
	 (47511403,2278167,3515555,'C','TH','P0500'),
	 (47511404,2278167,3515555,'O','FR','A0800'),
	 (47511405,2278167,3515555,'C','FR','P0500'),
	 (186802538,2278167,3540319,'O','WE','A0830'),
	 (186802539,2278167,3540319,'C','WE','P0530'),
	 (186802540,2278167,3540319,'C','TU','P0530'),
	 (186802541,2278167,3540319,'O','TU','A0830');
INSERT INTO PORTOWN.PP_PROV_LOC_OFHOURS (ID,PROV_ID,LOC_ID,EVENT,DAYOFWEEK,"TIME") VALUES
	 (186802542,2278167,3540319,'O','FR','A0830'),
	 (186802543,2278167,3540319,'C','FR','P0400'),
	 (186802544,2278167,3540319,'C','MO','P0530'),
	 (186802545,2278167,3540319,'O','MO','A0830'),
	 (186802546,2278167,3540319,'O','TH','A0830'),
	 (186802547,2278167,3540319,'C','TH','P0530'),
	 (186803440,2278167,3519259,'O','SA','A0800'),
	 (186803441,2278167,3519259,'C','SA','P0600'),
	 (47585769,2278167,3522991,'O','MO','A0800'),
	 (47585771,2278167,3522991,'C','MO','P0500');
INSERT INTO PORTOWN.PP_PROV_LOC_OFHOURS (ID,PROV_ID,LOC_ID,EVENT,DAYOFWEEK,"TIME") VALUES
	 (47585773,2278167,3522991,'O','TU','A0800'),
	 (47585775,2278167,3522991,'C','TU','P0500'),
	 (47585776,2278167,3522991,'O','WE','A0800'),
	 (47585777,2278167,3522991,'C','WE','P0500'),
	 (47585779,2278167,3522991,'O','TH','A0800'),
	 (47585781,2278167,3522991,'C','TH','P0500'),
	 (47585783,2278167,3522991,'O','FR','A0800'),
	 (47585785,2278167,3522991,'C','FR','P0500'),
	 (47579440,2278167,3522358,'O','MO','A0800'),
	 (47579441,2278167,3522358,'C','MO','P0500');
INSERT INTO PORTOWN.PP_PROV_LOC_OFHOURS (ID,PROV_ID,LOC_ID,EVENT,DAYOFWEEK,"TIME") VALUES
	 (47579443,2278167,3522358,'O','TU','A0800'),
	 (47579445,2278167,3522358,'C','TU','P0500'),
	 (47579447,2278167,3522358,'O','WE','A0800'),
	 (47579449,2278167,3522358,'C','WE','P0500'),
	 (47579451,2278167,3522358,'O','TH','A0800'),
	 (47579453,2278167,3522358,'C','TH','P0500'),
	 (47579454,2278167,3522358,'O','FR','A0800'),
	 (47579455,2278167,3522358,'C','FR','P0500'),
	 (47629436,2278167,3527357,'O','MO','A0800'),
	 (47629437,2278167,3527357,'C','MO','P0500');
INSERT INTO PORTOWN.PP_PROV_LOC_OFHOURS (ID,PROV_ID,LOC_ID,EVENT,DAYOFWEEK,"TIME") VALUES
	 (47629438,2278167,3527357,'O','TU','A0800'),
	 (47629439,2278167,3527357,'C','TU','P0500'),
	 (47629440,2278167,3527357,'O','WE','A0800'),
	 (47629441,2278167,3527357,'C','WE','P0500'),
	 (47629442,2278167,3527357,'O','TH','A0800'),
	 (47629443,2278167,3527357,'C','TH','P0500'),
	 (47629444,2278167,3527357,'O','FR','A0800'),
	 (47629445,2278167,3527357,'C','FR','P0500'),
	 (186801174,2278167,3537143,'C','WE','P0430'),
	 (186801175,2278167,3537143,'O','WE','A0800');
INSERT INTO PORTOWN.PP_PROV_LOC_OFHOURS (ID,PROV_ID,LOC_ID,EVENT,DAYOFWEEK,"TIME") VALUES
	 (186801176,2278167,3537143,'C','TU','P0430'),
	 (186801177,2278167,3537143,'O','TU','A0800'),
	 (186801178,2278167,3537143,'C','FR','P0430'),
	 (186801179,2278167,3537143,'O','FR','A0800'),
	 (186801180,2278167,3537143,'C','MO','P0430'),
	 (186801181,2278167,3537143,'O','MO','A0800'),
	 (186801185,2278167,3537143,'O','TH','A0800'),
	 (186801187,2278167,3537143,'C','TH','P0430'),
	 (186805835,2278167,3518803,'O','MO','A0800'),
	 (186805837,2278167,3518803,'C','MO','P0600');
INSERT INTO PORTOWN.PP_PROV_LOC_OFHOURS (ID,PROV_ID,LOC_ID,EVENT,DAYOFWEEK,"TIME") VALUES
	 (186805839,2278167,3518803,'O','WE','A0800'),
	 (186805841,2278167,3518803,'C','WE','P0600'),
	 (186805844,2278167,3518803,'O','TU','A0800'),
	 (186805845,2278167,3518803,'C','TU','P0600'),
	 (186805847,2278167,3518803,'O','FR','A0800'),
	 (186805848,2278167,3518803,'C','FR','P0600'),
	 (186805851,2278167,3518803,'O','TH','A0800'),
	 (186805853,2278167,3518803,'C','TH','P0600'),
	 (186808666,2278167,3518678,'O','MO','A0800'),
	 (186808668,2278167,3518678,'C','MO','P0600');
INSERT INTO PORTOWN.PP_PROV_LOC_OFHOURS (ID,PROV_ID,LOC_ID,EVENT,DAYOFWEEK,"TIME") VALUES
	 (186808677,2278167,3518678,'O','WE','A0800'),
	 (186808679,2278167,3518678,'C','WE','P0600'),
	 (186808687,2278167,3518678,'O','TU','A0800'),
	 (186808690,2278167,3518678,'C','TU','P0600'),
	 (186808697,2278167,3518678,'O','FR','A0800'),
	 (186808700,2278167,3518678,'C','FR','P0600'),
	 (186808705,2278167,3518678,'O','TH','A0800'),
	 (186808707,2278167,3518678,'C','TH','P0600'),
	 (51864702,2278167,3543545,'O','SU','A0000'),
	 (51864703,2278167,3543545,'C','SU','P1159');
INSERT INTO PORTOWN.PP_PROV_LOC_OFHOURS (ID,PROV_ID,LOC_ID,EVENT,DAYOFWEEK,"TIME") VALUES
	 (51864704,2278167,3543545,'O','SA','A0000'),
	 (51864705,2278167,3543545,'C','SA','P1159'),
	 (51864706,2278167,3505469,'O','SU','A0000'),
	 (51864707,2278167,3505469,'C','SU','P1159'),
	 (51864708,2278167,3505469,'O','SA','A0000'),
	 (51864709,2278167,3505469,'C','SA','P1159'),
	 (51864710,2278167,3505474,'O','SU','A0000'),
	 (51864711,2278167,3505474,'C','SU','P1159'),
	 (51864712,2278167,3505474,'O','SA','A0000'),
	 (51864713,2278167,3505474,'C','SA','P1159');
INSERT INTO PORTOWN.PP_PROV_LOC_OFHOURS (ID,PROV_ID,LOC_ID,EVENT,DAYOFWEEK,"TIME") VALUES
	 (51864734,2278167,3505476,'O','SU','A0000'),
	 (51864735,2278167,3505476,'C','SU','P1159'),
	 (51864736,2278167,3505476,'O','SA','A0000'),
	 (51864737,2278167,3505476,'C','SA','P1159'),
	 (51864738,2278167,3505479,'O','SU','A0000'),
	 (51864739,2278167,3505479,'C','SU','P1159'),
	 (51864740,2278167,3505479,'O','SA','A0000'),
	 (51864741,2278167,3505479,'C','SA','P1159'),
	 (51864742,2278167,3505480,'O','SU','A0000'),
	 (51864743,2278167,3505480,'C','SU','P1159');
INSERT INTO PORTOWN.PP_PROV_LOC_OFHOURS (ID,PROV_ID,LOC_ID,EVENT,DAYOFWEEK,"TIME") VALUES
	 (51864744,2278167,3505480,'O','SA','A0000'),
	 (51864745,2278167,3505480,'C','SA','P1159'),
	 (51864746,2278167,3515555,'O','SU','A0000'),
	 (51864747,2278167,3515555,'C','SU','P1159'),
	 (51864748,2278167,3515555,'O','SA','A0000'),
	 (51864749,2278167,3515555,'C','SA','P1159'),
	 (51864750,2278167,3516750,'O','SU','A0000'),
	 (51864751,2278167,3516750,'C','SU','P1159'),
	 (51864752,2278167,3516750,'O','SA','A0000'),
	 (51864753,2278167,3516750,'C','SA','P1159');
INSERT INTO PORTOWN.PP_PROV_LOC_OFHOURS (ID,PROV_ID,LOC_ID,EVENT,DAYOFWEEK,"TIME") VALUES
	 (51864774,2278167,3516802,'O','SU','A0000'),
	 (51864775,2278167,3516802,'C','SU','P1159'),
	 (51864776,2278167,3516802,'O','SA','A0000'),
	 (51864777,2278167,3516802,'C','SA','P1159'),
	 (51864778,2278167,3518034,'O','SU','A0000'),
	 (51864779,2278167,3518034,'C','SU','P1159'),
	 (51864780,2278167,3518034,'O','SA','A0000'),
	 (51864781,2278167,3518034,'C','SA','P1159'),
	 (51864782,2278167,3518678,'O','SU','A0000'),
	 (51864783,2278167,3518678,'C','SU','P1159');
INSERT INTO PORTOWN.PP_PROV_LOC_OFHOURS (ID,PROV_ID,LOC_ID,EVENT,DAYOFWEEK,"TIME") VALUES
	 (51864784,2278167,3518678,'O','SA','A0000'),
	 (51864785,2278167,3518678,'C','SA','P1159'),
	 (51864786,2278167,3518803,'O','SU','A0000'),
	 (51864787,2278167,3518803,'C','SU','P1159'),
	 (51864788,2278167,3518803,'O','SA','A0000'),
	 (51864789,2278167,3518803,'C','SA','P1159'),
	 (51864790,2278167,3519259,'O','SU','A0000'),
	 (51864791,2278167,3519259,'C','SU','P1159'),
	 (51864834,2278167,3522358,'O','SU','A0000'),
	 (51864835,2278167,3522358,'C','SU','P1159');
INSERT INTO PORTOWN.PP_PROV_LOC_OFHOURS (ID,PROV_ID,LOC_ID,EVENT,DAYOFWEEK,"TIME") VALUES
	 (51864836,2278167,3522358,'O','SA','A0000'),
	 (51864837,2278167,3522358,'C','SA','P1159'),
	 (51864838,2278167,3522991,'O','SU','A0000'),
	 (51864839,2278167,3522991,'C','SU','P1159'),
	 (51864840,2278167,3522991,'O','SA','A0000'),
	 (51864841,2278167,3522991,'C','SA','P1159'),
	 (51864842,2278167,3527357,'O','SU','A0000'),
	 (51864843,2278167,3527357,'C','SU','P1159'),
	 (51864844,2278167,3527357,'O','SA','A0000'),
	 (51864845,2278167,3527357,'C','SA','P1159');
INSERT INTO PORTOWN.PP_PROV_LOC_OFHOURS (ID,PROV_ID,LOC_ID,EVENT,DAYOFWEEK,"TIME") VALUES
	 (51864846,2278167,3528257,'O','SU','A0000'),
	 (51864847,2278167,3528257,'C','SU','P1159'),
	 (51864848,2278167,3528257,'O','SA','A0000'),
	 (51864849,2278167,3528257,'C','SA','P1159'),
	 (51864850,2278167,3537143,'O','SU','A0000'),
	 (51864851,2278167,3537143,'C','SU','P1159'),
	 (51864852,2278167,3537143,'O','SA','A0000'),
	 (51864853,2278167,3537143,'C','SA','P1159'),
	 (51864874,2278167,3540000,'O','SU','A0000'),
	 (51864875,2278167,3540000,'C','SU','P1159');
INSERT INTO PORTOWN.PP_PROV_LOC_OFHOURS (ID,PROV_ID,LOC_ID,EVENT,DAYOFWEEK,"TIME") VALUES
	 (47755990,2278167,3540000,'O','MO','A0800'),
	 (47755993,2278167,3540000,'C','MO','P0500'),
	 (47756014,2278167,3540000,'O','TU','A0800'),
	 (47756017,2278167,3540000,'C','TU','P0500'),
	 (47756019,2278167,3540000,'O','WE','A0800'),
	 (47756021,2278167,3540000,'C','WE','P0500'),
	 (47756023,2278167,3540000,'O','TH','A0800'),
	 (47756025,2278167,3540000,'C','TH','P0500'),
	 (47756028,2278167,3540000,'O','FR','A0800'),
	 (47756029,2278167,3540000,'C','FR','P0500');
INSERT INTO PORTOWN.PP_PROV_LOC_OFHOURS (ID,PROV_ID,LOC_ID,EVENT,DAYOFWEEK,"TIME") VALUES
	 (47410436,2278167,3505469,'O','MO','A0800'),
	 (47410437,2278167,3505469,'C','MO','P0500'),
	 (47410438,2278167,3505469,'O','TU','A0800'),
	 (47410439,2278167,3505469,'C','TU','P0500'),
	 (47410440,2278167,3505469,'O','WE','A0800'),
	 (47410441,2278167,3505469,'C','WE','P0500'),
	 (47410442,2278167,3505469,'O','TH','A0800'),
	 (47410443,2278167,3505469,'C','TH','P0500'),
	 (47410444,2278167,3505469,'O','FR','A0800'),
	 (47410445,2278167,3505469,'C','FR','P0500');
INSERT INTO PORTOWN.PP_PROV_LOC_OFHOURS (ID,PROV_ID,LOC_ID,EVENT,DAYOFWEEK,"TIME") VALUES
	 (47410486,2278167,3505474,'O','MO','A0800'),
	 (47410487,2278167,3505474,'C','MO','P0500'),
	 (47410488,2278167,3505474,'O','TU','A0800'),
	 (47410489,2278167,3505474,'C','TU','P0500'),
	 (47410490,2278167,3505474,'O','WE','A0800'),
	 (47410491,2278167,3505474,'C','WE','P0500'),
	 (47410492,2278167,3505474,'O','TH','A0800'),
	 (47410493,2278167,3505474,'C','TH','P0500'),
	 (47410494,2278167,3505474,'O','FR','A0800'),
	 (47410495,2278167,3505474,'C','FR','P0500');
INSERT INTO PORTOWN.PP_PROV_LOC_OFHOURS (ID,PROV_ID,LOC_ID,EVENT,DAYOFWEEK,"TIME") VALUES
	 (47410506,2278167,3505476,'O','MO','A0800'),
	 (47410507,2278167,3505476,'C','MO','P0500'),
	 (47410508,2278167,3505476,'O','TU','A0800'),
	 (47410509,2278167,3505476,'C','TU','P0500'),
	 (47410510,2278167,3505476,'O','WE','A0800'),
	 (47410511,2278167,3505476,'C','WE','P0500'),
	 (47410512,2278167,3505476,'O','TH','A0800'),
	 (47410513,2278167,3505476,'C','TH','P0500'),
	 (47410514,2278167,3505476,'O','FR','A0800'),
	 (47410515,2278167,3505476,'C','FR','P0500');
INSERT INTO PORTOWN.PP_PROV_LOC_OFHOURS (ID,PROV_ID,LOC_ID,EVENT,DAYOFWEEK,"TIME") VALUES
	 (47410536,2278167,3505479,'O','MO','A0800'),
	 (47410537,2278167,3505479,'C','MO','P0500'),
	 (47410538,2278167,3505479,'O','TU','A0800'),
	 (47410539,2278167,3505479,'C','TU','P0500'),
	 (47410540,2278167,3505479,'O','WE','A0800'),
	 (47410541,2278167,3505479,'C','WE','P0500'),
	 (47410542,2278167,3505479,'O','TH','A0800'),
	 (47410543,2278167,3505479,'C','TH','P0500'),
	 (47410544,2278167,3505479,'O','FR','A0800'),
	 (47410545,2278167,3505479,'C','FR','P0500');
INSERT INTO PORTOWN.PP_PROV_LOC_OFHOURS (ID,PROV_ID,LOC_ID,EVENT,DAYOFWEEK,"TIME") VALUES
	 (47410546,2278167,3505480,'O','MO','A0800'),
	 (47410547,2278167,3505480,'C','MO','P0500'),
	 (47410548,2278167,3505480,'O','TU','A0800'),
	 (47410549,2278167,3505480,'C','TU','P0500'),
	 (47410550,2278167,3505480,'O','WE','A0800'),
	 (47410551,2278167,3505480,'C','WE','P0500'),
	 (47410552,2278167,3505480,'O','TH','A0800'),
	 (47410553,2278167,3505480,'C','TH','P0500'),
	 (47410554,2278167,3505480,'O','FR','A0800'),
	 (47410555,2278167,3505480,'C','FR','P0500');
INSERT INTO PORTOWN.PP_PROV_LOC_OFHOURS (ID,PROV_ID,LOC_ID,EVENT,DAYOFWEEK,"TIME") VALUES
	 (47791196,2278167,3543545,'O','MO','A0800'),
	 (47791198,2278167,3543545,'C','MO','P0500'),
	 (47791200,2278167,3543545,'O','TU','A0800'),
	 (47791202,2278167,3543545,'C','TU','P0500'),
	 (47791204,2278167,3543545,'O','WE','A0800'),
	 (47791206,2278167,3543545,'C','WE','P0500'),
	 (47791209,2278167,3543545,'O','TH','A0800'),
	 (47791211,2278167,3543545,'C','TH','P0500'),
	 (47791213,2278167,3543545,'O','FR','A0800'),
	 (47791235,2278167,3543545,'C','FR','P0500');

-- Insert the PNC data

INSERT INTO PORTOWN.PP_PROV_NET_CYCLE (ID,PROV_ID,NET_ID,STATUS,START_DATE,END_DATE,LABEL_CLUSTER_ID) VALUES
	 (5910380,2278167,5256,'Par',TIMESTAMP'2015-01-01 00:00:00',TIMESTAMP'2022-12-31 00:00:00',1),
	 (8294399,2278167,8237,'Par',TIMESTAMP'2015-01-01 00:00:00',TIMESTAMP'4000-01-01 00:00:00',1),
	 (8294402,2278167,8243,'Par',TIMESTAMP'2015-01-01 00:00:00',TIMESTAMP'4000-01-01 00:00:00',1),
	 (8294401,2278167,8239,'Par',TIMESTAMP'2015-01-01 00:00:00',TIMESTAMP'4000-01-01 00:00:00',1),
	 (8294398,2278167,8219,'Par',TIMESTAMP'2015-01-01 00:00:00',TIMESTAMP'4000-01-01 00:00:00',1),
	 (8294400,2278167,8238,'Par',TIMESTAMP'2015-01-01 00:00:00',TIMESTAMP'4000-01-01 00:00:00',1),
	 (8294404,2278167,8246,'Par',TIMESTAMP'2015-01-01 00:00:00',TIMESTAMP'4000-01-01 00:00:00',1),
	 (8294403,2278167,8245,'Par',TIMESTAMP'2015-01-01 00:00:00',TIMESTAMP'4000-01-01 00:00:00',1),
	 (5279115,2278167,4179,'Par',TIMESTAMP'2017-01-01 00:00:00',TIMESTAMP'4000-01-01 00:00:00',1),
	 (9953938,2278167,8242,'Par',TIMESTAMP'2015-01-01 00:00:00',TIMESTAMP'4000-01-01 00:00:00',1);
INSERT INTO PORTOWN.PP_PROV_NET_CYCLE (ID,PROV_ID,NET_ID,STATUS,START_DATE,END_DATE,LABEL_CLUSTER_ID) VALUES
	 (9863964,2278167,9716,'Par',TIMESTAMP'2015-01-01 00:00:00',TIMESTAMP'2023-12-31 00:00:00',1),
	 (19854152,2278167,8248,'Par',TIMESTAMP'2024-09-01 00:00:00',TIMESTAMP'4000-01-01 00:00:00',1),
	 (19854151,2278167,8236,'Par',TIMESTAMP'2024-09-01 00:00:00',TIMESTAMP'4000-01-01 00:00:00',1),
	 (7170720,2278167,4945,'Par',TIMESTAMP'2015-04-01 00:00:00',TIMESTAMP'4000-01-01 00:00:00',1);

-- Insert the PNLC data
INSERT INTO PORTOWN.PP_PROV_NET_LOC_CYCLE (ID,PROV_NET_CYCLE_ID,PROV_ID,LOC_ID,START_DATE,END_DATE,"PRIMARY",LABEL_CLUSTER_ID) VALUES
	 (7567950,5279115,2278167,3505469,TIMESTAMP'2017-01-01 00:00:00',TIMESTAMP'4000-01-01 00:00:00','N',1),
	 (8763066,5910380,2278167,3505469,TIMESTAMP'2015-01-01 00:00:00',TIMESTAMP'2022-12-31 00:00:00','N',1),
	 (10605835,7170720,2278167,3505469,TIMESTAMP'2015-04-01 00:00:00',TIMESTAMP'4000-01-01 00:00:00','N',1),
	 (16715838,9863964,2278167,3505469,TIMESTAMP'2015-01-01 00:00:00',TIMESTAMP'2023-12-31 00:00:00','N',1),
	 (24475950,8294399,2278167,3505469,TIMESTAMP'2015-01-01 00:00:00',TIMESTAMP'4000-01-01 00:00:00','N',1),
	 (24475951,8294400,2278167,3505469,TIMESTAMP'2015-01-01 00:00:00',TIMESTAMP'4000-01-01 00:00:00','N',1),
	 (24475952,8294402,2278167,3505469,TIMESTAMP'2015-01-01 00:00:00',TIMESTAMP'4000-01-01 00:00:00','N',1),
	 (24475953,8294404,2278167,3505469,TIMESTAMP'2015-01-01 00:00:00',TIMESTAMP'4000-01-01 00:00:00','N',1),
	 (24475954,8294398,2278167,3505469,TIMESTAMP'2015-01-01 00:00:00',TIMESTAMP'4000-01-01 00:00:00','N',1),
	 (24475955,9953938,2278167,3505469,TIMESTAMP'2015-01-01 00:00:00',TIMESTAMP'4000-01-01 00:00:00','N',1);
INSERT INTO PORTOWN.PP_PROV_NET_LOC_CYCLE (ID,PROV_NET_CYCLE_ID,PROV_ID,LOC_ID,START_DATE,END_DATE,"PRIMARY",LABEL_CLUSTER_ID) VALUES
	 (24475956,8294401,2278167,3505469,TIMESTAMP'2015-01-01 00:00:00',TIMESTAMP'4000-01-01 00:00:00','N',1),
	 (24475957,8294403,2278167,3505469,TIMESTAMP'2015-01-01 00:00:00',TIMESTAMP'4000-01-01 00:00:00','N',1),
	 (33914572,19854152,2278167,3505469,TIMESTAMP'2024-09-01 00:00:00',TIMESTAMP'4000-01-01 00:00:00','N',1),
	 (33914575,19854151,2278167,3505469,TIMESTAMP'2024-09-01 00:00:00',TIMESTAMP'4000-01-01 00:00:00','N',1),
	 (7590777,5279115,2278167,3528257,TIMESTAMP'2017-01-01 00:00:00',TIMESTAMP'4000-01-01 00:00:00','N',1),
	 (8763133,5910380,2278167,3528257,TIMESTAMP'2015-01-01 00:00:00',TIMESTAMP'2022-12-31 00:00:00','N',1),
	 (10569183,7170720,2278167,3528257,TIMESTAMP'2015-04-01 00:00:00',TIMESTAMP'4000-01-01 00:00:00','N',1),
	 (13486148,8294400,2278167,3528257,TIMESTAMP'2015-01-01 00:00:00',TIMESTAMP'4000-01-01 00:00:00','N',1),
	 (13486177,8294402,2278167,3528257,TIMESTAMP'2015-01-01 00:00:00',TIMESTAMP'4000-01-01 00:00:00','N',1),
	 (13486186,8294404,2278167,3528257,TIMESTAMP'2015-01-01 00:00:00',TIMESTAMP'4000-01-01 00:00:00','N',1);
INSERT INTO PORTOWN.PP_PROV_NET_LOC_CYCLE (ID,PROV_NET_CYCLE_ID,PROV_ID,LOC_ID,START_DATE,END_DATE,"PRIMARY",LABEL_CLUSTER_ID) VALUES
	 (13486191,8294398,2278167,3528257,TIMESTAMP'2015-01-01 00:00:00',TIMESTAMP'4000-01-01 00:00:00','N',1),
	 (13486227,8294399,2278167,3528257,TIMESTAMP'2015-01-01 00:00:00',TIMESTAMP'4000-01-01 00:00:00','N',1),
	 (13486277,8294401,2278167,3528257,TIMESTAMP'2015-01-01 00:00:00',TIMESTAMP'4000-01-01 00:00:00','N',1),
	 (13486286,8294403,2278167,3528257,TIMESTAMP'2015-01-01 00:00:00',TIMESTAMP'4000-01-01 00:00:00','N',1),
	 (16715807,9863964,2278167,3528257,TIMESTAMP'2015-01-01 00:00:00',TIMESTAMP'2023-12-31 00:00:00','N',1),
	 (16918031,9953938,2278167,3528257,TIMESTAMP'2015-01-01 00:00:00',TIMESTAMP'4000-01-01 00:00:00','N',1),
	 (33914570,19854152,2278167,3528257,TIMESTAMP'2024-09-01 00:00:00',TIMESTAMP'4000-01-01 00:00:00','N',1),
	 (33914590,19854151,2278167,3528257,TIMESTAMP'2024-09-01 00:00:00',TIMESTAMP'4000-01-01 00:00:00','N',1),
	 (7567955,5279115,2278167,3505474,TIMESTAMP'2017-01-01 00:00:00',TIMESTAMP'4000-01-01 00:00:00','N',1),
	 (8763068,5910380,2278167,3505474,TIMESTAMP'2015-01-01 00:00:00',TIMESTAMP'2022-12-31 00:00:00','N',1);
INSERT INTO PORTOWN.PP_PROV_NET_LOC_CYCLE (ID,PROV_NET_CYCLE_ID,PROV_ID,LOC_ID,START_DATE,END_DATE,"PRIMARY",LABEL_CLUSTER_ID) VALUES
	 (10564836,7170720,2278167,3505474,TIMESTAMP'2015-04-01 00:00:00',TIMESTAMP'4000-01-01 00:00:00','N',1),
	 (16715819,9863964,2278167,3505474,TIMESTAMP'2015-01-01 00:00:00',TIMESTAMP'2023-12-31 00:00:00','N',1),
	 (7567957,5279115,2278167,3505476,TIMESTAMP'2017-01-01 00:00:00',TIMESTAMP'4000-01-01 00:00:00','N',1),
	 (8763070,5910380,2278167,3505476,TIMESTAMP'2015-01-01 00:00:00',TIMESTAMP'2022-12-31 00:00:00','N',1),
	 (10564680,7170720,2278167,3505476,TIMESTAMP'2015-04-01 00:00:00',TIMESTAMP'4000-01-01 00:00:00','N',1),
	 (16715822,9863964,2278167,3505476,TIMESTAMP'2015-01-01 00:00:00',TIMESTAMP'2023-12-31 00:00:00','N',1),
	 (7602882,5279115,2278167,3540319,TIMESTAMP'2017-01-01 00:00:00',TIMESTAMP'4000-01-01 00:00:00','N',1),
	 (8750593,5910380,2278167,3540319,TIMESTAMP'2015-01-01 00:00:00',TIMESTAMP'2022-12-31 00:00:00','N',1),
	 (10599830,7170720,2278167,3540319,TIMESTAMP'2015-04-01 00:00:00',TIMESTAMP'4000-01-01 00:00:00','N',1),
	 (13486153,8294402,2278167,3540319,TIMESTAMP'2015-01-01 00:00:00',TIMESTAMP'4000-01-01 00:00:00','N',1);
INSERT INTO PORTOWN.PP_PROV_NET_LOC_CYCLE (ID,PROV_NET_CYCLE_ID,PROV_ID,LOC_ID,START_DATE,END_DATE,"PRIMARY",LABEL_CLUSTER_ID) VALUES
	 (13486221,8294398,2278167,3540319,TIMESTAMP'2015-01-01 00:00:00',TIMESTAMP'4000-01-01 00:00:00','N',1),
	 (13486249,8294399,2278167,3540319,TIMESTAMP'2015-01-01 00:00:00',TIMESTAMP'4000-01-01 00:00:00','N',1),
	 (13486253,8294400,2278167,3540319,TIMESTAMP'2015-01-01 00:00:00',TIMESTAMP'4000-01-01 00:00:00','N',1),
	 (13486282,8294403,2278167,3540319,TIMESTAMP'2015-01-01 00:00:00',TIMESTAMP'4000-01-01 00:00:00','N',1),
	 (13486324,8294401,2278167,3540319,TIMESTAMP'2015-01-01 00:00:00',TIMESTAMP'4000-01-01 00:00:00','N',1),
	 (13486336,8294404,2278167,3540319,TIMESTAMP'2015-01-01 00:00:00',TIMESTAMP'4000-01-01 00:00:00','N',1),
	 (16715832,9863964,2278167,3540319,TIMESTAMP'2015-01-01 00:00:00',TIMESTAMP'2023-12-31 00:00:00','N',1),
	 (16918028,9953938,2278167,3540319,TIMESTAMP'2015-01-01 00:00:00',TIMESTAMP'4000-01-01 00:00:00','N',1),
	 (33914562,19854151,2278167,3540319,TIMESTAMP'2024-09-01 00:00:00',TIMESTAMP'4000-01-01 00:00:00','N',1),
	 (33914568,19854152,2278167,3540319,TIMESTAMP'2024-09-01 00:00:00',TIMESTAMP'4000-01-01 00:00:00','N',1);
INSERT INTO PORTOWN.PP_PROV_NET_LOC_CYCLE (ID,PROV_NET_CYCLE_ID,PROV_ID,LOC_ID,START_DATE,END_DATE,"PRIMARY",LABEL_CLUSTER_ID) VALUES
	 (7606092,5279115,2278167,3543545,TIMESTAMP'2017-01-01 00:00:00',TIMESTAMP'4000-01-01 00:00:00','N',1),
	 (8763064,5910380,2278167,3543545,TIMESTAMP'2015-01-01 00:00:00',TIMESTAMP'2022-12-31 00:00:00','N',1),
	 (10599134,7170720,2278167,3543545,TIMESTAMP'2015-04-01 00:00:00',TIMESTAMP'4000-01-01 00:00:00','N',1),
	 (12760699,8294398,2278167,3543545,TIMESTAMP'2015-01-01 00:00:00',TIMESTAMP'4000-01-01 00:00:00','Y',1),
	 (12760700,8294399,2278167,3543545,TIMESTAMP'2015-01-01 00:00:00',TIMESTAMP'4000-01-01 00:00:00','Y',1),
	 (12760701,8294400,2278167,3543545,TIMESTAMP'2015-01-01 00:00:00',TIMESTAMP'4000-01-01 00:00:00','Y',1),
	 (12760702,8294401,2278167,3543545,TIMESTAMP'2015-01-01 00:00:00',TIMESTAMP'4000-01-01 00:00:00','Y',1),
	 (12760703,8294402,2278167,3543545,TIMESTAMP'2015-01-01 00:00:00',TIMESTAMP'4000-01-01 00:00:00','Y',1),
	 (12760704,8294403,2278167,3543545,TIMESTAMP'2015-01-01 00:00:00',TIMESTAMP'4000-01-01 00:00:00','Y',1),
	 (12760705,8294404,2278167,3543545,TIMESTAMP'2015-01-01 00:00:00',TIMESTAMP'4000-01-01 00:00:00','Y',1);
INSERT INTO PORTOWN.PP_PROV_NET_LOC_CYCLE (ID,PROV_NET_CYCLE_ID,PROV_ID,LOC_ID,START_DATE,END_DATE,"PRIMARY",LABEL_CLUSTER_ID) VALUES
	 (16699463,9863964,2278167,3543545,TIMESTAMP'2015-01-01 00:00:00',TIMESTAMP'2023-12-31 00:00:00','N',1),
	 (16882954,9953938,2278167,3543545,TIMESTAMP'2015-01-01 00:00:00',TIMESTAMP'4000-01-01 00:00:00','Y',1),
	 (33867735,19854151,2278167,3543545,TIMESTAMP'2024-09-01 00:00:00',TIMESTAMP'4000-01-01 00:00:00','Y',1),
	 (33867736,19854152,2278167,3543545,TIMESTAMP'2024-09-01 00:00:00',TIMESTAMP'4000-01-01 00:00:00','Y',1),
	 (7581183,5279115,2278167,3518678,TIMESTAMP'2017-01-01 00:00:00',TIMESTAMP'4000-01-01 00:00:00','N',1),
	 (8763122,5910380,2278167,3518678,TIMESTAMP'2015-01-01 00:00:00',TIMESTAMP'2022-12-31 00:00:00','N',1),
	 (10600146,7170720,2278167,3518678,TIMESTAMP'2015-04-01 00:00:00',TIMESTAMP'4000-01-01 00:00:00','N',1),
	 (16715815,9863964,2278167,3518678,TIMESTAMP'2015-01-01 00:00:00',TIMESTAMP'2023-12-31 00:00:00','N',1),
	 (26326402,8294398,2278167,3518678,TIMESTAMP'2015-01-01 00:00:00',TIMESTAMP'4000-01-01 00:00:00','N',1),
	 (26326405,8294401,2278167,3518678,TIMESTAMP'2015-01-01 00:00:00',TIMESTAMP'4000-01-01 00:00:00','N',1);
INSERT INTO PORTOWN.PP_PROV_NET_LOC_CYCLE (ID,PROV_NET_CYCLE_ID,PROV_ID,LOC_ID,START_DATE,END_DATE,"PRIMARY",LABEL_CLUSTER_ID) VALUES
	 (26326407,8294402,2278167,3518678,TIMESTAMP'2015-01-01 00:00:00',TIMESTAMP'4000-01-01 00:00:00','N',1),
	 (26326408,8294403,2278167,3518678,TIMESTAMP'2015-01-01 00:00:00',TIMESTAMP'4000-01-01 00:00:00','N',1),
	 (26326415,8294399,2278167,3518678,TIMESTAMP'2015-01-01 00:00:00',TIMESTAMP'4000-01-01 00:00:00','N',1),
	 (26326416,8294400,2278167,3518678,TIMESTAMP'2015-01-01 00:00:00',TIMESTAMP'4000-01-01 00:00:00','N',1),
	 (26326418,9953938,2278167,3518678,TIMESTAMP'2015-01-01 00:00:00',TIMESTAMP'4000-01-01 00:00:00','N',1),
	 (26326425,8294404,2278167,3518678,TIMESTAMP'2015-01-01 00:00:00',TIMESTAMP'4000-01-01 00:00:00','N',1),
	 (33914574,19854151,2278167,3518678,TIMESTAMP'2024-09-01 00:00:00',TIMESTAMP'4000-01-01 00:00:00','N',1),
	 (33914584,19854152,2278167,3518678,TIMESTAMP'2024-09-01 00:00:00',TIMESTAMP'4000-01-01 00:00:00','N',1),
	 (7584869,5279115,2278167,3522358,TIMESTAMP'2017-01-01 00:00:00',TIMESTAMP'4000-01-01 00:00:00','N',1),
	 (8763128,5910380,2278167,3522358,TIMESTAMP'2015-01-01 00:00:00',TIMESTAMP'2022-12-31 00:00:00','N',1);
INSERT INTO PORTOWN.PP_PROV_NET_LOC_CYCLE (ID,PROV_NET_CYCLE_ID,PROV_ID,LOC_ID,START_DATE,END_DATE,"PRIMARY",LABEL_CLUSTER_ID) VALUES
	 (10607604,7170720,2278167,3522358,TIMESTAMP'2015-04-01 00:00:00',TIMESTAMP'4000-01-01 00:00:00','N',1),
	 (16715808,9863964,2278167,3522358,TIMESTAMP'2015-01-01 00:00:00',TIMESTAMP'2023-12-31 00:00:00','N',1),
	 (7567960,5279115,2278167,3505479,TIMESTAMP'2017-01-01 00:00:00',TIMESTAMP'4000-01-01 00:00:00','N',1),
	 (8763071,5910380,2278167,3505479,TIMESTAMP'2015-01-01 00:00:00',TIMESTAMP'2022-12-31 00:00:00','N',1),
	 (10597965,7170720,2278167,3505479,TIMESTAMP'2015-04-01 00:00:00',TIMESTAMP'4000-01-01 00:00:00','N',1),
	 (13486188,8294398,2278167,3505479,TIMESTAMP'2015-01-01 00:00:00',TIMESTAMP'4000-01-01 00:00:00','N',1),
	 (13486225,8294399,2278167,3505479,TIMESTAMP'2015-01-01 00:00:00',TIMESTAMP'4000-01-01 00:00:00','N',1),
	 (13486229,8294400,2278167,3505479,TIMESTAMP'2015-01-01 00:00:00',TIMESTAMP'4000-01-01 00:00:00','N',1),
	 (13486239,8294404,2278167,3505479,TIMESTAMP'2015-01-01 00:00:00',TIMESTAMP'4000-01-01 00:00:00','N',1),
	 (13486280,8294402,2278167,3505479,TIMESTAMP'2015-01-01 00:00:00',TIMESTAMP'4000-01-01 00:00:00','N',1);
INSERT INTO PORTOWN.PP_PROV_NET_LOC_CYCLE (ID,PROV_NET_CYCLE_ID,PROV_ID,LOC_ID,START_DATE,END_DATE,"PRIMARY",LABEL_CLUSTER_ID) VALUES
	 (13486283,8294403,2278167,3505479,TIMESTAMP'2015-01-01 00:00:00',TIMESTAMP'4000-01-01 00:00:00','N',1),
	 (13486325,8294401,2278167,3505479,TIMESTAMP'2015-01-01 00:00:00',TIMESTAMP'4000-01-01 00:00:00','N',1),
	 (16715823,9863964,2278167,3505479,TIMESTAMP'2015-01-01 00:00:00',TIMESTAMP'2023-12-31 00:00:00','N',1),
	 (16918023,9953938,2278167,3505479,TIMESTAMP'2015-01-01 00:00:00',TIMESTAMP'4000-01-01 00:00:00','N',1),
	 (33914555,19854151,2278167,3505479,TIMESTAMP'2024-09-01 00:00:00',TIMESTAMP'4000-01-01 00:00:00','N',1),
	 (33914580,19854152,2278167,3505479,TIMESTAMP'2024-09-01 00:00:00',TIMESTAMP'4000-01-01 00:00:00','N',1),
	 (7578061,5279115,2278167,3515555,TIMESTAMP'2017-01-01 00:00:00',TIMESTAMP'4000-01-01 00:00:00','N',1),
	 (8763075,5910380,2278167,3515555,TIMESTAMP'2015-01-01 00:00:00',TIMESTAMP'2022-12-31 00:00:00','N',1),
	 (10565471,7170720,2278167,3515555,TIMESTAMP'2015-04-01 00:00:00',TIMESTAMP'4000-01-01 00:00:00','N',1),
	 (16715818,9863964,2278167,3515555,TIMESTAMP'2015-01-01 00:00:00',TIMESTAMP'2023-12-31 00:00:00','N',1);
INSERT INTO PORTOWN.PP_PROV_NET_LOC_CYCLE (ID,PROV_NET_CYCLE_ID,PROV_ID,LOC_ID,START_DATE,END_DATE,"PRIMARY",LABEL_CLUSTER_ID) VALUES
	 (7602564,5279115,2278167,3540000,TIMESTAMP'2017-01-01 00:00:00',TIMESTAMP'4000-01-01 00:00:00','N',1),
	 (8763136,5910380,2278167,3540000,TIMESTAMP'2015-01-01 00:00:00',TIMESTAMP'2022-12-31 00:00:00','N',1),
	 (10576052,7170720,2278167,3540000,TIMESTAMP'2015-04-01 00:00:00',TIMESTAMP'4000-01-01 00:00:00','N',1),
	 (13486155,8294402,2278167,3540000,TIMESTAMP'2015-01-01 00:00:00',TIMESTAMP'4000-01-01 00:00:00','N',1),
	 (13486222,8294398,2278167,3540000,TIMESTAMP'2015-01-01 00:00:00',TIMESTAMP'4000-01-01 00:00:00','N',1),
	 (13486230,8294400,2278167,3540000,TIMESTAMP'2015-01-01 00:00:00',TIMESTAMP'4000-01-01 00:00:00','N',1),
	 (13486240,8294404,2278167,3540000,TIMESTAMP'2015-01-01 00:00:00',TIMESTAMP'4000-01-01 00:00:00','N',1),
	 (13486251,8294399,2278167,3540000,TIMESTAMP'2015-01-01 00:00:00',TIMESTAMP'4000-01-01 00:00:00','N',1),
	 (13486256,8294401,2278167,3540000,TIMESTAMP'2015-01-01 00:00:00',TIMESTAMP'4000-01-01 00:00:00','N',1),
	 (13486332,8294403,2278167,3540000,TIMESTAMP'2015-01-01 00:00:00',TIMESTAMP'4000-01-01 00:00:00','N',1);
INSERT INTO PORTOWN.PP_PROV_NET_LOC_CYCLE (ID,PROV_NET_CYCLE_ID,PROV_ID,LOC_ID,START_DATE,END_DATE,"PRIMARY",LABEL_CLUSTER_ID) VALUES
	 (16715834,9863964,2278167,3540000,TIMESTAMP'2015-01-01 00:00:00',TIMESTAMP'2023-12-31 00:00:00','N',1),
	 (16918015,9953938,2278167,3540000,TIMESTAMP'2015-01-01 00:00:00',TIMESTAMP'4000-01-01 00:00:00','N',1),
	 (33914556,19854151,2278167,3540000,TIMESTAMP'2024-09-01 00:00:00',TIMESTAMP'4000-01-01 00:00:00','N',1),
	 (33914581,19854152,2278167,3540000,TIMESTAMP'2024-09-01 00:00:00',TIMESTAMP'4000-01-01 00:00:00','N',1),
	 (7589878,5279115,2278167,3527357,TIMESTAMP'2017-01-01 00:00:00',TIMESTAMP'4000-01-01 00:00:00','N',1),
	 (8763132,5910380,2278167,3527357,TIMESTAMP'2015-01-01 00:00:00',TIMESTAMP'2022-12-31 00:00:00','N',1),
	 (10564510,7170720,2278167,3527357,TIMESTAMP'2015-04-01 00:00:00',TIMESTAMP'4000-01-01 00:00:00','N',1),
	 (15855564,8294399,2278167,3527357,TIMESTAMP'2015-01-01 00:00:00',TIMESTAMP'4000-01-01 00:00:00','N',1),
	 (15855566,8294400,2278167,3527357,TIMESTAMP'2015-01-01 00:00:00',TIMESTAMP'4000-01-01 00:00:00','N',1),
	 (15855567,8294402,2278167,3527357,TIMESTAMP'2015-01-01 00:00:00',TIMESTAMP'4000-01-01 00:00:00','N',1);
INSERT INTO PORTOWN.PP_PROV_NET_LOC_CYCLE (ID,PROV_NET_CYCLE_ID,PROV_ID,LOC_ID,START_DATE,END_DATE,"PRIMARY",LABEL_CLUSTER_ID) VALUES
	 (15855608,8294403,2278167,3527357,TIMESTAMP'2015-01-01 00:00:00',TIMESTAMP'4000-01-01 00:00:00','N',1),
	 (15855609,8294398,2278167,3527357,TIMESTAMP'2015-01-01 00:00:00',TIMESTAMP'4000-01-01 00:00:00','N',1),
	 (15855613,8294404,2278167,3527357,TIMESTAMP'2015-01-01 00:00:00',TIMESTAMP'4000-01-01 00:00:00','N',1),
	 (15855615,8294401,2278167,3527357,TIMESTAMP'2015-01-01 00:00:00',TIMESTAMP'4000-01-01 00:00:00','N',1),
	 (16715830,9863964,2278167,3527357,TIMESTAMP'2015-01-01 00:00:00',TIMESTAMP'2023-12-31 00:00:00','N',1),
	 (16918027,9953938,2278167,3527357,TIMESTAMP'2015-01-01 00:00:00',TIMESTAMP'4000-01-01 00:00:00','N',1),
	 (7579307,5279115,2278167,3516802,TIMESTAMP'2017-01-01 00:00:00',TIMESTAMP'4000-01-01 00:00:00','N',1),
	 (8763079,5910380,2278167,3516802,TIMESTAMP'2015-01-01 00:00:00',TIMESTAMP'2022-12-31 00:00:00','N',1),
	 (10602999,7170720,2278167,3516802,TIMESTAMP'2015-04-01 00:00:00',TIMESTAMP'4000-01-01 00:00:00','N',1),
	 (13486238,8294403,2278167,3516802,TIMESTAMP'2015-01-01 00:00:00',TIMESTAMP'4000-01-01 00:00:00','N',1);
INSERT INTO PORTOWN.PP_PROV_NET_LOC_CYCLE (ID,PROV_NET_CYCLE_ID,PROV_ID,LOC_ID,START_DATE,END_DATE,"PRIMARY",LABEL_CLUSTER_ID) VALUES
	 (13486243,8294404,2278167,3516802,TIMESTAMP'2015-01-01 00:00:00',TIMESTAMP'4000-01-01 00:00:00','N',1),
	 (13486248,8294398,2278167,3516802,TIMESTAMP'2015-01-01 00:00:00',TIMESTAMP'4000-01-01 00:00:00','N',1),
	 (13486281,8294402,2278167,3516802,TIMESTAMP'2015-01-01 00:00:00',TIMESTAMP'4000-01-01 00:00:00','N',1),
	 (13486317,8294399,2278167,3516802,TIMESTAMP'2015-01-01 00:00:00',TIMESTAMP'4000-01-01 00:00:00','N',1),
	 (13486321,8294400,2278167,3516802,TIMESTAMP'2015-01-01 00:00:00',TIMESTAMP'4000-01-01 00:00:00','N',1),
	 (13486327,8294401,2278167,3516802,TIMESTAMP'2015-01-01 00:00:00',TIMESTAMP'4000-01-01 00:00:00','N',1),
	 (16715824,9863964,2278167,3516802,TIMESTAMP'2015-01-01 00:00:00',TIMESTAMP'2023-12-31 00:00:00','N',1),
	 (16918029,9953938,2278167,3516802,TIMESTAMP'2015-01-01 00:00:00',TIMESTAMP'4000-01-01 00:00:00','N',1),
	 (33914557,19854151,2278167,3516802,TIMESTAMP'2024-09-01 00:00:00',TIMESTAMP'4000-01-01 00:00:00','N',1),
	 (33914569,19854152,2278167,3516802,TIMESTAMP'2024-09-01 00:00:00',TIMESTAMP'4000-01-01 00:00:00','N',1);
INSERT INTO PORTOWN.PP_PROV_NET_LOC_CYCLE (ID,PROV_NET_CYCLE_ID,PROV_ID,LOC_ID,START_DATE,END_DATE,"PRIMARY",LABEL_CLUSTER_ID) VALUES
	 (7581307,5279115,2278167,3518803,TIMESTAMP'2017-01-01 00:00:00',TIMESTAMP'4000-01-01 00:00:00','N',1),
	 (8763124,5910380,2278167,3518803,TIMESTAMP'2015-01-01 00:00:00',TIMESTAMP'2022-12-31 00:00:00','N',1),
	 (10565210,7170720,2278167,3518803,TIMESTAMP'2015-04-01 00:00:00',TIMESTAMP'4000-01-01 00:00:00','N',1),
	 (16715836,9863964,2278167,3518803,TIMESTAMP'2015-01-01 00:00:00',TIMESTAMP'2023-12-31 00:00:00','N',1),
	 (26326404,8294400,2278167,3518803,TIMESTAMP'2015-01-01 00:00:00',TIMESTAMP'4000-01-01 00:00:00','N',1),
	 (26326409,8294398,2278167,3518803,TIMESTAMP'2015-01-01 00:00:00',TIMESTAMP'4000-01-01 00:00:00','N',1),
	 (26326411,8294401,2278167,3518803,TIMESTAMP'2015-01-01 00:00:00',TIMESTAMP'4000-01-01 00:00:00','N',1),
	 (26326412,8294404,2278167,3518803,TIMESTAMP'2015-01-01 00:00:00',TIMESTAMP'4000-01-01 00:00:00','N',1),
	 (26326414,8294399,2278167,3518803,TIMESTAMP'2015-01-01 00:00:00',TIMESTAMP'4000-01-01 00:00:00','N',1),
	 (26326420,9953938,2278167,3518803,TIMESTAMP'2015-01-01 00:00:00',TIMESTAMP'4000-01-01 00:00:00','N',1);
INSERT INTO PORTOWN.PP_PROV_NET_LOC_CYCLE (ID,PROV_NET_CYCLE_ID,PROV_ID,LOC_ID,START_DATE,END_DATE,"PRIMARY",LABEL_CLUSTER_ID) VALUES
	 (26326421,8294402,2278167,3518803,TIMESTAMP'2015-01-01 00:00:00',TIMESTAMP'4000-01-01 00:00:00','N',1),
	 (26326423,8294403,2278167,3518803,TIMESTAMP'2015-01-01 00:00:00',TIMESTAMP'4000-01-01 00:00:00','N',1),
	 (33914564,19854151,2278167,3518803,TIMESTAMP'2024-09-01 00:00:00',TIMESTAMP'4000-01-01 00:00:00','N',1),
	 (33914582,19854152,2278167,3518803,TIMESTAMP'2024-09-01 00:00:00',TIMESTAMP'4000-01-01 00:00:00','N',1),
	 (7599684,5279115,2278167,3537143,TIMESTAMP'2017-01-01 00:00:00',TIMESTAMP'4000-01-01 00:00:00','N',1),
	 (8763135,5910380,2278167,3537143,TIMESTAMP'2015-01-01 00:00:00',TIMESTAMP'2022-12-31 00:00:00','N',1),
	 (10584151,7170720,2278167,3537143,TIMESTAMP'2015-04-01 00:00:00',TIMESTAMP'4000-01-01 00:00:00','N',1),
	 (13486181,8294402,2278167,3537143,TIMESTAMP'2015-01-01 00:00:00',TIMESTAMP'4000-01-01 00:00:00','N',1),
	 (13486196,8294398,2278167,3537143,TIMESTAMP'2015-01-01 00:00:00',TIMESTAMP'4000-01-01 00:00:00','N',1),
	 (13486235,8294401,2278167,3537143,TIMESTAMP'2015-01-01 00:00:00',TIMESTAMP'4000-01-01 00:00:00','N',1);
INSERT INTO PORTOWN.PP_PROV_NET_LOC_CYCLE (ID,PROV_NET_CYCLE_ID,PROV_ID,LOC_ID,START_DATE,END_DATE,"PRIMARY",LABEL_CLUSTER_ID) VALUES
	 (13486252,8294399,2278167,3537143,TIMESTAMP'2015-01-01 00:00:00',TIMESTAMP'4000-01-01 00:00:00','N',1),
	 (13486288,8294403,2278167,3537143,TIMESTAMP'2015-01-01 00:00:00',TIMESTAMP'4000-01-01 00:00:00','N',1),
	 (13486295,8294404,2278167,3537143,TIMESTAMP'2015-01-01 00:00:00',TIMESTAMP'4000-01-01 00:00:00','N',1),
	 (13486322,8294400,2278167,3537143,TIMESTAMP'2015-01-01 00:00:00',TIMESTAMP'4000-01-01 00:00:00','N',1),
	 (16715810,9863964,2278167,3537143,TIMESTAMP'2015-01-01 00:00:00',TIMESTAMP'2023-12-31 00:00:00','N',1),
	 (16918022,9953938,2278167,3537143,TIMESTAMP'2015-01-01 00:00:00',TIMESTAMP'4000-01-01 00:00:00','N',1),
	 (33914577,19854151,2278167,3537143,TIMESTAMP'2024-09-01 00:00:00',TIMESTAMP'4000-01-01 00:00:00','N',1),
	 (33914585,19854152,2278167,3537143,TIMESTAMP'2024-09-01 00:00:00',TIMESTAMP'4000-01-01 00:00:00','N',1),
	 (7579254,5279115,2278167,3516750,TIMESTAMP'2017-01-01 00:00:00',TIMESTAMP'4000-01-01 00:00:00','N',1),
	 (8763077,5910380,2278167,3516750,TIMESTAMP'2015-01-01 00:00:00',TIMESTAMP'2022-12-31 00:00:00','N',1);
INSERT INTO PORTOWN.PP_PROV_NET_LOC_CYCLE (ID,PROV_NET_CYCLE_ID,PROV_ID,LOC_ID,START_DATE,END_DATE,"PRIMARY",LABEL_CLUSTER_ID) VALUES
	 (10564430,7170720,2278167,3516750,TIMESTAMP'2015-04-01 00:00:00',TIMESTAMP'4000-01-01 00:00:00','N',1),
	 (15855563,8294398,2278167,3516750,TIMESTAMP'2015-01-01 00:00:00',TIMESTAMP'4000-01-01 00:00:00','N',1),
	 (15855565,8294400,2278167,3516750,TIMESTAMP'2015-01-01 00:00:00',TIMESTAMP'4000-01-01 00:00:00','N',1),
	 (15855610,8294401,2278167,3516750,TIMESTAMP'2015-01-01 00:00:00',TIMESTAMP'4000-01-01 00:00:00','N',1),
	 (15855611,8294403,2278167,3516750,TIMESTAMP'2015-01-01 00:00:00',TIMESTAMP'4000-01-01 00:00:00','N',1),
	 (15855612,8294404,2278167,3516750,TIMESTAMP'2015-01-01 00:00:00',TIMESTAMP'4000-01-01 00:00:00','N',1),
	 (15855614,8294399,2278167,3516750,TIMESTAMP'2015-01-01 00:00:00',TIMESTAMP'4000-01-01 00:00:00','N',1),
	 (15855616,8294402,2278167,3516750,TIMESTAMP'2015-01-01 00:00:00',TIMESTAMP'4000-01-01 00:00:00','N',1),
	 (16715811,9863964,2278167,3516750,TIMESTAMP'2015-01-01 00:00:00',TIMESTAMP'2023-12-31 00:00:00','N',1),
	 (16918025,9953938,2278167,3516750,TIMESTAMP'2015-01-01 00:00:00',TIMESTAMP'4000-01-01 00:00:00','N',1);
INSERT INTO PORTOWN.PP_PROV_NET_LOC_CYCLE (ID,PROV_NET_CYCLE_ID,PROV_ID,LOC_ID,START_DATE,END_DATE,"PRIMARY",LABEL_CLUSTER_ID) VALUES
	 (7567961,5279115,2278167,3505480,TIMESTAMP'2017-01-01 00:00:00',TIMESTAMP'4000-01-01 00:00:00','N',1),
	 (8763073,5910380,2278167,3505480,TIMESTAMP'2015-01-01 00:00:00',TIMESTAMP'2022-12-31 00:00:00','N',1),
	 (10567928,7170720,2278167,3505480,TIMESTAMP'2015-04-01 00:00:00',TIMESTAMP'4000-01-01 00:00:00','N',1),
	 (13486156,8294402,2278167,3505480,TIMESTAMP'2015-01-01 00:00:00',TIMESTAMP'4000-01-01 00:00:00','N',1),
	 (13486217,8294399,2278167,3505480,TIMESTAMP'2015-01-01 00:00:00',TIMESTAMP'4000-01-01 00:00:00','N',1),
	 (13486246,8294398,2278167,3505480,TIMESTAMP'2015-01-01 00:00:00',TIMESTAMP'4000-01-01 00:00:00','N',1),
	 (13486285,8294403,2278167,3505480,TIMESTAMP'2015-01-01 00:00:00',TIMESTAMP'4000-01-01 00:00:00','N',1),
	 (13486289,8294404,2278167,3505480,TIMESTAMP'2015-01-01 00:00:00',TIMESTAMP'4000-01-01 00:00:00','N',1),
	 (13486319,8294400,2278167,3505480,TIMESTAMP'2015-01-01 00:00:00',TIMESTAMP'4000-01-01 00:00:00','N',1),
	 (13486326,8294401,2278167,3505480,TIMESTAMP'2015-01-01 00:00:00',TIMESTAMP'4000-01-01 00:00:00','N',1);
INSERT INTO PORTOWN.PP_PROV_NET_LOC_CYCLE (ID,PROV_NET_CYCLE_ID,PROV_ID,LOC_ID,START_DATE,END_DATE,"PRIMARY",LABEL_CLUSTER_ID) VALUES
	 (16715835,9863964,2278167,3505480,TIMESTAMP'2015-01-01 00:00:00',TIMESTAMP'2023-12-31 00:00:00','N',1),
	 (16918034,9953938,2278167,3505480,TIMESTAMP'2015-01-01 00:00:00',TIMESTAMP'4000-01-01 00:00:00','N',1),
	 (33949164,19854152,2278167,3505480,TIMESTAMP'2024-09-01 00:00:00',TIMESTAMP'4000-01-01 00:00:00','N',1),
	 (33949166,19854151,2278167,3505480,TIMESTAMP'2024-09-01 00:00:00',TIMESTAMP'4000-01-01 00:00:00','N',1),
	 (8763080,5910380,2278167,3518034,TIMESTAMP'2015-01-01 00:00:00',TIMESTAMP'2022-12-31 00:00:00','N',1),
	 (16715817,9863964,2278167,3518034,TIMESTAMP'2015-01-01 00:00:00',TIMESTAMP'2023-12-31 00:00:00','N',1),
	 (8763126,5910380,2278167,3519259,TIMESTAMP'2015-01-01 00:00:00',TIMESTAMP'2022-12-31 00:00:00','N',1),
	 (16715821,9863964,2278167,3519259,TIMESTAMP'2015-01-01 00:00:00',TIMESTAMP'2023-12-31 00:00:00','N',1),
	 (7585504,5279115,2278167,3522991,TIMESTAMP'2017-01-01 00:00:00',TIMESTAMP'4000-01-01 00:00:00','N',1),
	 (8763130,5910380,2278167,3522991,TIMESTAMP'2015-01-01 00:00:00',TIMESTAMP'2022-12-31 00:00:00','N',1);
INSERT INTO PORTOWN.PP_PROV_NET_LOC_CYCLE (ID,PROV_NET_CYCLE_ID,PROV_ID,LOC_ID,START_DATE,END_DATE,"PRIMARY",LABEL_CLUSTER_ID) VALUES
	 (10589950,7170720,2278167,3522991,TIMESTAMP'2015-04-01 00:00:00',TIMESTAMP'4000-01-01 00:00:00','N',1),
	 (16715816,9863964,2278167,3522991,TIMESTAMP'2015-01-01 00:00:00',TIMESTAMP'2023-12-31 00:00:00','N',1),
	 (34785313,19854151,2278167,3519259,TIMESTAMP'2024-09-01 00:00:00',TIMESTAMP'4000-01-01 00:00:00','N',1),
	 (7580538,5279115,2278167,3518034,TIMESTAMP'2017-01-01 00:00:00',TIMESTAMP'4000-01-01 00:00:00','N',1),
	 (10597311,7170720,2278167,3518034,TIMESTAMP'2015-04-01 00:00:00',TIMESTAMP'4000-01-01 00:00:00','N',1),
	 (25848907,9953938,2278167,3518034,TIMESTAMP'2015-01-01 00:00:00',TIMESTAMP'4000-01-01 00:00:00','N',1),
	 (7581764,5279115,2278167,3519259,TIMESTAMP'2017-01-01 00:00:00',TIMESTAMP'4000-01-01 00:00:00','N',1),
	 (10594227,7170720,2278167,3519259,TIMESTAMP'2015-04-01 00:00:00',TIMESTAMP'4000-01-01 00:00:00','N',1),
	 (29133596,8294400,2278167,3519259,TIMESTAMP'2015-01-01 00:00:00',TIMESTAMP'4000-01-01 00:00:00','N',1),
	 (29133597,9953938,2278167,3519259,TIMESTAMP'2015-01-01 00:00:00',TIMESTAMP'4000-01-01 00:00:00','N',1);
INSERT INTO PORTOWN.PP_PROV_NET_LOC_CYCLE (ID,PROV_NET_CYCLE_ID,PROV_ID,LOC_ID,START_DATE,END_DATE,"PRIMARY",LABEL_CLUSTER_ID) VALUES
	 (29133599,8294402,2278167,3519259,TIMESTAMP'2015-01-01 00:00:00',TIMESTAMP'4000-01-01 00:00:00','N',1),
	 (29133600,8294398,2278167,3519259,TIMESTAMP'2015-01-01 00:00:00',TIMESTAMP'4000-01-01 00:00:00','N',1),
	 (29133604,8294403,2278167,3519259,TIMESTAMP'2015-01-01 00:00:00',TIMESTAMP'4000-01-01 00:00:00','N',1),
	 (29133606,8294399,2278167,3519259,TIMESTAMP'2015-01-01 00:00:00',TIMESTAMP'4000-01-01 00:00:00','N',1),
	 (29133610,8294404,2278167,3519259,TIMESTAMP'2015-01-01 00:00:00',TIMESTAMP'4000-01-01 00:00:00','N',1),
	 (29133612,8294401,2278167,3519259,TIMESTAMP'2015-01-01 00:00:00',TIMESTAMP'4000-01-01 00:00:00','N',1),
	 (34785312,19854152,2278167,3519259,TIMESTAMP'2024-09-01 00:00:00',TIMESTAMP'4000-01-01 00:00:00','N',1);

-- Insert data for prov_loc_specialties UDA
INSERT INTO PORTOWN.PP_PROV_LOC_ATTRIB (ID,PROV_ID,LOC_ID,ATTRIBUTE_ID) VALUES
	 (42482519,2278167,3505469,106877),
	 (42483739,2278167,3528257,106877),
	 (42482196,2278167,3505479,106877),
	 (42482434,2278167,3505480,106877),
	 (42482846,2278167,3519259,106877),
	 (42482650,2278167,3540319,106877),
	 (42495748,2278167,3543545,106877),
	 (42483410,2278167,3518678,106877),
	 (42482619,2278167,3540000,106877),
	 (42482498,2278167,3516802,106877);
INSERT INTO PORTOWN.PP_PROV_LOC_ATTRIB (ID,PROV_ID,LOC_ID,ATTRIBUTE_ID) VALUES
	 (42482977,2278167,3518803,106877),
	 (42482304,2278167,3537143,106877);

-- Insert the field values for the prov loc specialties UDA
INSERT INTO PORTOWN.PP_PROV_LOC_ATTRIB_VALUES (ID,PROV_LOC_ATTRIBUTE_ID,FIELD_ID,VALUE,VALUE_DATE,VALUE_NUMBER,LABEL_CLUSTER_ID) VALUES
	 (104514865,42482434,111355,'Multi-Specialty',NULL,NULL,1),
	 (104520480,42483410,111355,'Multi-Specialty',NULL,NULL,1),
	 (104515735,42482304,111355,'Multi-Specialty',NULL,NULL,1),
	 (104521901,42483739,111355,'Multi-Specialty',NULL,NULL,1),
	 (104515276,42482196,111355,'Multi-Specialty',NULL,NULL,1),
	 (104518555,42482977,111355,'Multi-Specialty',NULL,NULL,1),
	 (104517987,42482846,111355,'Multi-Specialty',NULL,NULL,1),
	 (104517099,42482619,111355,'Multi-Specialty',NULL,NULL,1),
	 (104517234,42482650,111355,'Multi-Specialty',NULL,NULL,1),
	 (104573923,42495748,111355,'Multi-Specialty',NULL,NULL,1);
INSERT INTO PORTOWN.PP_PROV_LOC_ATTRIB_VALUES (ID,PROV_LOC_ATTRIBUTE_ID,FIELD_ID,VALUE,VALUE_DATE,VALUE_NUMBER,LABEL_CLUSTER_ID) VALUES
	 (104515221,42482519,111355,'Multi-Specialty',NULL,NULL,1),
	 (104515156,42482498,111355,'Multi-Specialty',NULL,NULL,1);

