INSERT INTO PORTOWN.PP_PRAC (ID,FNAME,MNAME,LNAME,XNAME,"DEGREE",SEX,DOB,SSN,EMAIL,SALUTATION,LABEL_CLUSTER_ID,PRAC_TYPE_ID,NARRATIVE) VALUES
	 (84774,'Matthew','A','Razon',NULL,'PA','M',TIMESTAMP'1986-10-27 00:00:00',NULL,NULL,NULL,1,NULL,NULL);

INSERT INTO PORTOWN.PP_ADDR (ID,"TYPE",ADDR1,ADDR2,CITY_ID,COUNTY_ID,ZIP,PLUS4,ADDR3,POSTAL_CODE,COUNTRY_ID,START_DATE,END_DATE,LATITUDE,LONGITUDE,UGLY_ADDR1,UGLY_ADDR2,COUNTY_FIPS,LATITUDE7,LONGITUDE7) VALUES
	 (3931270,'CRED_CORRESPONDENCE','Beatriz Gonzalez',NULL,19779,744,'01107',NULL,NULL,NULL,1,TIMESTAMP'2016-06-27 00:00:00',TIMESTAMP'2018-08-22 00:00:00',42.12,-72.607,'Beatriz Gonzalez',NULL,'25013',42.11964,-72.60658),
	 (13377967,'MAILING','830 Jefferson Ave','Ste M',17278,1545,'94063','1804',NULL,NULL,1,TIMESTAMP'1800-01-01 00:00:00',TIMESTAMP'4000-01-01 00:00:00',37.486,-122.228,'830 Jefferson Ave','Ste M','06081',37.485893,-122.228371);

INSERT INTO PORTOWN.PP_PHONES (ID,"TYPE",AREACODE,EXCHANGE,NUM,EXTENSION,"FOREIGN",COUNTRY_CODE,FOREIGN_PHONE) VALUES
	 (3707719,'PHONE','413','794','7552',NULL,'N',1,NULL);

INSERT INTO PORTOWN.PP_ADDR_PHONES (ADDRESS_ID,PHONE_ID) VALUES
	 (3931270,3707719);

INSERT INTO PORTOWN.PP_PRAC_ADDR (PRAC_ID,ADDRESS_ID) VALUES
	 (84774,3931270),
	 (84774,13377967);

INSERT INTO PORTOWN.PP_ADDR (ID,"TYPE",ADDR1,ADDR2,CITY_ID,COUNTY_ID,ZIP,PLUS4,ADDR3,POSTAL_CODE,COUNTRY_ID,START_DATE,END_DATE,LATITUDE,LONGITUDE,UGLY_ADDR1,UGLY_ADDR2,COUNTY_FIPS,LATITUDE7,LONGITUDE7) VALUES
	 (4068904,'MAIN','759 Chestnut Street',NULL,19779,744,'01199','1001',NULL,NULL,1,TIMESTAMP'1800-01-01 00:00:00',TIMESTAMP'4000-01-01 00:00:00',42.119,-72.604,'759 Chestnut St',NULL,'25013',42.11905,-72.60407);

INSERT INTO PORTOWN.PP_PROV_TIN_LOC (ID,TIN_ID,ADDRESS_ID,NAME,"PRIMARY",PRINT_SUPPRESS,OFFICE_MGR,TRAIN,BUS,TRANSIT_ROUTE,HANDICAP,LABEL_CLUSTER_ID,PROV_TIN_PRC_CONT_ID) VALUES
	 (3015531,12646,4068904,'Baystate Franklin Medical Center','N','N',NULL,'N','N',NULL,'Y',1,NULL);

INSERT INTO PORTOWN.PP_PRAC_LOC (PRAC_ID,PROV_ID,LOC_ID,"PRIMARY",PRINT_SUPPRESS,START_DATE,END_DATE,LABEL_CLUSTER_ID) VALUES
	 (84774,12803,3015531,'N','Y',TIMESTAMP'2013-01-01 00:00:00',TIMESTAMP'9999-12-31 00:00:00',1);

INSERT INTO PORTOWN.PP_PRAC_NET_CYCLE (ID,PRAC_ID,NET_ID,START_DATE,END_DATE,STATUS,LABEL_CLUSTER_ID) VALUES
	 (6917082,84774,900,TIMESTAMP'2016-06-13 00:00:00',TIMESTAMP'4000-01-01 00:00:00','Par',1);

INSERT INTO PORTOWN.PP_PRAC_NET_LOC_CYCLE (ID,PRAC_ID,PROV_ID,LOC_ID,PRAC_NET_CYCLE_ID,START_DATE,END_DATE,"PRIMARY",LABEL_CLUSTER_ID) VALUES
	 (10181606,84774,12803,3015531,6917082,TIMESTAMP'2013-01-01 00:00:00',TIMESTAMP'9999-12-31 00:00:00','N',1);

INSERT INTO PORTOWN.PP_PRAC_ATTRIB (ID,PRAC_ID,ATTRIBUTE_ID) VALUES
	 (344458,84774,501),
	 (12193692,84774,100043),
	 (35175526,84774,100051),
	 (69292535,84774,100051),
	 (344462,84774,100052),
	 (35175527,84774,100052),
	 (69292541,84774,100052),
	 (31053791,84774,100085),
	 (65384901,84774,100085),
	 (29196381,84774,103279);

INSERT INTO PORTOWN.PP_PRAC_ATTRIB_VALUES (ID,PRAC_ATTRIBUTE_ID,FIELD_ID,VALUE,VALUE_DATE,VALUE_NUMBER,LABEL_CLUSTER_ID) VALUES
	 (548860,344458,701,'1639253420',NULL,1639253420,1),
	 (669406,344458,702,'Type 1',NULL,NULL,1),
	 (669407,344458,703,'02/16/2024',TIMESTAMP'2024-02-16 00:00:00',NULL,1),
	 (20190925,12193692,100242,'NA',NULL,NULL,1),
	 (548864,344462,100677,'12/31/2012',TIMESTAMP'2012-12-31 00:00:00',NULL,1),
	 (548865,344462,100261,'MA',NULL,NULL,1),
	 (548866,344462,100262,'1167',NULL,NULL,1),
	 (65609286,35175527,100261,'OR',NULL,NULL,1),
	 (117843854,65384901,100303,'Florida',NULL,NULL,1),
	 (53366938,29196381,105838,'P267541',NULL,NULL,1);
INSERT INTO PORTOWN.PP_PRAC_ATTRIB_VALUES (ID,PRAC_ATTRIBUTE_ID,FIELD_ID,VALUE,VALUE_DATE,VALUE_NUMBER,LABEL_CLUSTER_ID) VALUES
	 (65609281,35175526,100260,'MR6460391',NULL,NULL,1),
	 (65609282,35175526,100259,'04/30/2024',TIMESTAMP'2024-04-30 00:00:00',NULL,1),
	 (65609283,35175526,100697,'OR',NULL,NULL,1),
	 (65609284,35175527,100677,'12/31/2023',TIMESTAMP'2023-12-31 00:00:00',NULL,1),
	 (65609285,35175527,100262,'PA203843',NULL,NULL,1),
	 (125148992,69292541,106855,'PA',NULL,NULL,1),
	 (125148970,69292535,100259,'04/30/2026',TIMESTAMP'2026-04-30 00:00:00',NULL,1),
	 (125148971,69292535,100260,'MR6104905',NULL,NULL,1),
	 (125148974,69292535,100697,'CA',NULL,NULL,1),
	 (125148990,69292541,100261,'CA',NULL,NULL,1);
INSERT INTO PORTOWN.PP_PRAC_ATTRIB_VALUES (ID,PRAC_ATTRIBUTE_ID,FIELD_ID,VALUE,VALUE_DATE,VALUE_NUMBER,LABEL_CLUSTER_ID) VALUES
	 (125148991,69292541,100677,'10/31/2025',TIMESTAMP'2025-10-31 00:00:00',NULL,1),
	 (125148993,69292541,100262,'000000058575',NULL,NULL,1),
	 (57327534,31053791,104755,'04/19/2021',TIMESTAMP'2021-04-19 00:00:00',NULL,1),
	 (57223540,31053791,100302,'500791458',NULL,NULL,1),
	 (57223541,31053791,100303,'OR',NULL,NULL,1),
	 (57327533,31053791,100934,'01/01/4000',TIMESTAMP'4000-01-01 00:00:00',NULL,1);

-- no data in prac loc specialties UDA


