INSERT INTO PORTOWN.PP_PRAC (ID,FNAME,MNAME,LNAME,XNAME,"DEGREE",SEX,DOB,SSN,EMAIL,SALUTATION,LABEL_CLUSTER_ID,PRAC_TYPE_ID,NARRATIVE) VALUES
	 (84598,'Jeffrey',NULL,'Dan',NULL,'MD','M',TIMESTAMP'1974-06-12 00:00:00',NULL,NULL,NULL,1,NULL,NULL);

-- No Address data in PP_PRAC_ADDR
-- No Phones data

INSERT INTO PORTOWN.PP_ADDR (ID,"TYPE",ADDR1,ADDR2,CITY_ID,COUNTY_ID,ZIP,PLUS4,ADDR3,POSTAL_CODE,COUNTRY_ID,START_DATE,END_DATE,LATITUDE,LONGITUDE,UGLY_ADDR1,UGLY_ADDR2,COUNTY_FIPS,LATITUDE7,LONGITUDE7) VALUES
	 (30764,'MAIN','164 High St',NULL,8251,625,'01301','2613',NULL,NULL,1,TIMESTAMP'1800-01-01 00:00:00',TIMESTAMP'4000-01-01 00:00:00',42.596,-72.592,'164 High St',NULL,'25011',42.595901,-72.592278);

INSERT INTO PORTOWN.PP_PROV_TIN_LOC (ID,TIN_ID,ADDRESS_ID,NAME,"PRIMARY",PRINT_SUPPRESS,OFFICE_MGR,TRAIN,BUS,TRANSIT_ROUTE,HANDICAP,LABEL_CLUSTER_ID,PROV_TIN_PRC_CONT_ID) VALUES
	 (17164,12646,30764,'Baystate Franklin Medical Center','Y','N',NULL,NULL,NULL,NULL,'Y',1,NULL);

INSERT INTO PORTOWN.PP_PRAC_LOC (PRAC_ID,PROV_ID,LOC_ID,"PRIMARY",PRINT_SUPPRESS,START_DATE,END_DATE,LABEL_CLUSTER_ID) VALUES
	 (84598,12803,17164,'N','Y',TIMESTAMP'2009-06-17 00:00:00',TIMESTAMP'4000-01-01 00:00:00',1);

INSERT INTO PORTOWN.PP_PRAC_NET_CYCLE (ID,PRAC_ID,NET_ID,START_DATE,END_DATE,STATUS,LABEL_CLUSTER_ID) VALUES
	 (166606,84598,111,TIMESTAMP'2009-12-01 00:00:00',TIMESTAMP'4000-01-01 00:00:00','Par',1),
	 (177303,84598,169,TIMESTAMP'2010-02-01 00:00:00',TIMESTAMP'4000-01-01 00:00:00','Nonpar',1),
	 (1350462,84598,1860,TIMESTAMP'2012-01-01 00:00:00',TIMESTAMP'4000-01-01 00:00:00','Nonpar',1),
	 (2501649,84598,900,TIMESTAMP'2013-06-01 00:00:00',TIMESTAMP'4000-01-01 00:00:00','Par',1);

INSERT INTO PORTOWN.PP_PRAC_NET_LOC_CYCLE (ID,PRAC_ID,PROV_ID,LOC_ID,PRAC_NET_CYCLE_ID,START_DATE,END_DATE,"PRIMARY",LABEL_CLUSTER_ID) VALUES
	 (333508,84598,12803,17164,166606,TIMESTAMP'2009-06-17 00:00:00',TIMESTAMP'9999-12-31 00:00:00','N',1),
	 (333509,84598,12803,17164,177303,TIMESTAMP'2009-06-17 00:00:00',TIMESTAMP'9999-12-31 00:00:00','N',1),
	 (1081621,84598,12803,17164,1350462,TIMESTAMP'2012-01-01 00:00:00',TIMESTAMP'4000-01-01 00:00:00','N',1),
	 (2194588,84598,12803,17164,2501649,TIMESTAMP'2013-06-01 00:00:00',TIMESTAMP'4000-01-01 00:00:00','N',1);

INSERT INTO PORTOWN.PP_PRAC_ATTRIB (ID,PRAC_ID,ATTRIBUTE_ID) VALUES
	 (342825,84598,501),
	 (342829,84598,100052);

INSERT INTO PORTOWN.PP_PRAC_ATTRIB_VALUES (ID,PRAC_ATTRIBUTE_ID,FIELD_ID,VALUE,VALUE_DATE,VALUE_NUMBER,LABEL_CLUSTER_ID) VALUES
	 (546697,342825,701,'1518935691',NULL,1518935691,1),
	 (670050,342825,702,'Type 1',NULL,NULL,1),
	 (670051,342825,703,'09/09/2017',TIMESTAMP'2017-09-09 00:00:00',NULL,1),
	 (546701,342829,100677,'12/31/2012',TIMESTAMP'2012-12-31 00:00:00',NULL,1),
	 (546702,342829,100261,'MA',NULL,NULL,1),
	 (546703,342829,100262,'228103',NULL,NULL,1);

-- No data in PRAC_LOC_SPECIALTIES UDA for thos provider
