-- Insert PP_ADDR.sql
INSERT INTO portown.pp_addr (id,"type",addr1,addr2,city_id,zip,county_id,latitude,longitude,start_date,end_date,county_fips) VALUES
	 (1,'BILLING','13377 Batten Lane',NULL,1,'33556',1,NULL,NULL,'2020-01-01',NULL,'12101'),
	 (2,'MAILING','P.O.8433',NULL,1,'33556',1,NULL,NULL,'2020-01-01',NULL,'12101'),
	 (3,'main','3160 Cedar Ave','Apt 42',2,'75203',2,NULL,NULL,'2019-01-01',NULL,'48113'),
	 (4,'main','4865 Pine Dr','Apt 37',3,'78205',3,NULL,NULL,'2019-01-01',NULL,'48029'),
	 (5,'main','4611 Main Rd','Suite 913',2,'75203',2,NULL,NULL,'2019-01-01',NULL,'48113'),
	 (6,'main','823 Park Ave','—',4,'77004',4,NULL,NULL,'2019-01-01',NULL,'48201'),
	 (7,'main','1998 Park Ln','—',4,'77004',4,NULL,NULL,'2019-01-01',NULL,'48201'),
	 (8,'main','9805 Oak Ave','—',5,'78701',5,NULL,NULL,'2019-01-01',NULL,'48453'),
	 (9,'main','3064 Lake Dr','Suite 196',2,'75201',2,NULL,NULL,'2019-01-01',NULL,'48113'),
	 (10,'main','3579 Oak Pl','PO Box 187',2,'75203',2,NULL,NULL,'2019-01-01',NULL,'48113');
INSERT INTO portown.pp_addr (id,"type",addr1,addr2,city_id,zip,county_id,latitude,longitude,start_date,end_date,county_fips) VALUES
	 (11,'main','361 Elm Blvd','Suite 586',3,'78205',3,NULL,NULL,'2019-01-01',NULL,'48029'),
	 (12,'main','1201 Cedar Ln','—',4,'77003',4,NULL,NULL,'2019-01-01',NULL,'48201'),
	 (13,'main','5511 Oak St','Apt 23',4,'77003',4,NULL,NULL,'2019-01-01',NULL,'48201'),
	 (14,'main','3489 Sunset Pl','Apt 38',3,'78206',3,NULL,NULL,'2019-01-01',NULL,'48029'),
	 (15,'main','1268 Maple Blvd','PO Box 365',3,'78207',3,NULL,NULL,'2019-01-01',NULL,'48029'),
	 (16,'main','1591 Sunset Ave','Apt 47',2,'75202',2,NULL,NULL,'2019-01-01',NULL,'48113'),
	 (17,'main','4106 Maple Rd','PO Box 59',5,'78703',5,NULL,NULL,'2019-01-01',NULL,'48453'),
	 (18,'main','4645 Maple Pl','—',6,'61107',6,NULL,NULL,'2019-01-01',NULL,'17201'),
	 (19,'main','7665 Elm St','—',6,'61108',6,NULL,NULL,'2019-01-01',NULL,'17201'),
	 (20,'main','5430 Oak Ave','Suite 718',7,'62703',7,NULL,NULL,'2019-01-01',NULL,'17167');
INSERT INTO portown.pp_addr (id,"type",addr1,addr2,city_id,zip,county_id,latitude,longitude,start_date,end_date,county_fips) VALUES
	 (21,'main','3722 Cedar Pl','—',8,'61603',8,NULL,NULL,'2019-01-01',NULL,'17143'),
	 (22,'main','4139 Maple Rd','Suite 361',7,'62702',7,NULL,NULL,'2019-01-01',NULL,'17167'),
	 (23,'main','6543 Elm Rd','Suite 510',6,'61107',6,NULL,NULL,'2019-01-01',NULL,'17201'),
	 (24,'main','5097 Main Rd','Suite 302',6,'61107',6,NULL,NULL,'2019-01-01',NULL,'17201'),
	 (25,'main','9209 Cedar Ave','PO Box 60',9,'60618',9,NULL,NULL,'2019-01-01',NULL,'17031'),
	 (26,'main','406 Pine Dr','PO Box 59',8,'61602',8,NULL,NULL,'2019-01-01',NULL,'17143'),
	 (27,'main','9953 Lake Ave','—',6,'61108',6,NULL,NULL,'2019-01-01',NULL,'17201'),
	 (28,'main','6397 Oak Ave','Apt 5',8,'61603',8,NULL,NULL,'2019-01-01',NULL,'17143'),
	 (29,'main','3232 Park Dr','Apt 43',8,'61604',8,NULL,NULL,'2019-01-01',NULL,'17143'),
	 (30,'main','4290 Pine St','—',8,'61604',8,NULL,NULL,'2019-01-01',NULL,'17143');
INSERT INTO portown.pp_addr (id,"type",addr1,addr2,city_id,zip,county_id,latitude,longitude,start_date,end_date,county_fips) VALUES
	 (31,'main','4377 Elm Ave','Apt 10',9,'60618',9,NULL,NULL,'2019-01-01',NULL,'17031'),
	 (32,'main','8439 Main Ln','Suite 702',8,'61602',8,NULL,NULL,'2019-01-01',NULL,'17143'),
	 (33,'main','5791 Hill Rd','—',10,'31204',10,NULL,NULL,'2019-01-01',NULL,'13021'),
	 (34,'main','5861 Oak St','—',10,'31205',10,NULL,NULL,'2019-01-01',NULL,'13021'),
	 (35,'main','9039 Oak St','Apt 4',11,'31404',11,NULL,NULL,'2019-01-01',NULL,'13051'),
	 (36,'main','3166 Oak Blvd','PO Box 280',11,'31401',11,NULL,NULL,'2019-01-01',NULL,'13051'),
	 (37,'main','9289 Sunset Dr','Suite 472',11,'31401',11,NULL,NULL,'2019-01-01',NULL,'13051'),
	 (38,'main','2205 Park Pl','—',11,'31405',11,NULL,NULL,'2019-01-01',NULL,'13051'),
	 (39,'main','9709 Maple Blvd','Apt 8',11,'31404',11,NULL,NULL,'2019-01-01',NULL,'13051'),
	 (40,'main','5908 Main Dr','Suite 879',12,'30304',12,NULL,NULL,'2019-01-01',NULL,'13121');
INSERT INTO portown.pp_addr (id,"type",addr1,addr2,city_id,zip,county_id,latitude,longitude,start_date,end_date,county_fips) VALUES
	 (41,'main','2861 Hill Rd','—',13,'30905',13,NULL,NULL,'2019-01-01',NULL,'13245'),
	 (42,'main','2011 Maple Rd','Suite 890',13,'30901',13,NULL,NULL,'2019-01-01',NULL,'13245'),
	 (43,'main','3899 Pine St','—',12,'30303',12,NULL,NULL,'2019-01-01',NULL,'13121'),
	 (44,'main','8189 Sunset Ln','PO Box 144',11,'31404',11,NULL,NULL,'2019-01-01',NULL,'13051'),
	 (45,'main','2811 Main St','Suite 937',12,'30303',12,NULL,NULL,'2019-01-01',NULL,'13121'),
	 (46,'main','5113 Maple Ln','PO Box 204',13,'30904',13,NULL,NULL,'2019-01-01',NULL,'13245'),
	 (47,'main','2757 Maple Pl','Suite 203',13,'30901',13,NULL,NULL,'2019-01-01',NULL,'13245'),
	 (48,'main','1011 Oak Ave','PO Box 227',14,'94109',14,NULL,NULL,'2019-01-01',NULL,'06075'),
	 (49,'main','8502 Cedar Blvd','Apt 40',15,'90029',15,NULL,NULL,'2019-01-01',NULL,'06037'),
	 (50,'main','9135 Cedar Rd','Apt 25',16,'95814',16,NULL,NULL,'2019-01-01',NULL,'06067');
INSERT INTO portown.pp_addr (id,"type",addr1,addr2,city_id,zip,county_id,latitude,longitude,start_date,end_date,county_fips) VALUES
	 (51,'main','3329 Lake St','Suite 928',14,'94133',14,NULL,NULL,'2019-01-01',NULL,'06075'),
	 (52,'main','8986 Maple Dr','—',16,'95814',16,NULL,NULL,'2019-01-01',NULL,'06067'),
	 (53,'main','8539 Main Ave','Suite 924',16,'95816',16,NULL,NULL,'2019-01-01',NULL,'06067'),
	 (54,'main','7911 Pine Pl','PO Box 165',15,'90029',15,NULL,NULL,'2019-01-01',NULL,'06037'),
	 (55,'main','4546 Cedar Dr','Apt 15',16,'95815',16,NULL,NULL,'2019-01-01',NULL,'06067'),
	 (56,'main','741 Oak Ave','Apt 6',17,'92103',17,NULL,NULL,'2019-01-01',NULL,'06073'),
	 (57,'main','9949 Lake St','—',17,'92101',17,NULL,NULL,'2019-01-01',NULL,'06073'),
	 (58,'main','3668 Elm Pl','Apt 23',16,'95814',16,NULL,NULL,'2019-01-01',NULL,'06067'),
	 (59,'main','4150 Park Rd','Apt 10',14,'94110',14,NULL,NULL,'2019-01-01',NULL,'06075'),
	 (60,'main','8700 Main Dr','PO Box 241',15,'90029',15,NULL,NULL,'2019-01-01',NULL,'06037');
INSERT INTO portown.pp_addr (id,"type",addr1,addr2,city_id,zip,county_id,latitude,longitude,start_date,end_date,county_fips) VALUES
	 (61,'main','1606 Hill St','Apt 20',14,'94109',14,NULL,NULL,'2019-01-01',NULL,'06075'),
	 (62,'main','8257 Oak Ave','—',16,'95814',16,NULL,NULL,'2019-01-01',NULL,'06067');

-- Insert PP_PROV_TIN
INSERT INTO portown.pp_prov_tin (id,name,tin) VALUES
	 (1,'Kaptured Inc','43-5343234');

-- Insert PP_PHONES
INSERT INTO portown.pp_phones (id,"type",areacode,exchange,"num") VALUES
	 (1,'PHONE','813','357','9150'),
	 (2,'PHONE','212','555','1234'),
	 (3,'PHONE','305','789','4421'),
	 (4,'PHONE','415','672','9087'),
	 (5,'PHONE','512','431','7623'),
	 (6,'PHONE','617','384','1029'),
	 (7,'PHONE','702','648','9902'),
	 (8,'PHONE','808','733','5566'),
	 (9,'PHONE','904','845','2389'),
	 (10,'PHONE','202','476','1182');
INSERT INTO portown.pp_phones (id,"type",areacode,exchange,"num") VALUES
	 (11,'PHONE','213','692','4507'),
	 (12,'PHONE','312','547','8264'),
	 (13,'PHONE','404','368','9123'),
	 (14,'PHONE','503','417','6678'),
	 (15,'PHONE','602','355','2098'),
	 (16,'PHONE','713','726','7432'),
	 (17,'PHONE','801','529','3341'),
	 (18,'PHONE','914','615','2780'),
	 (19,'PHONE','971','448','1199'),
	 (20,'PHONE','984','762','4001');
INSERT INTO portown.pp_phones (id,"type",areacode,exchange,"num") VALUES
	 (21,'PHONE','229','814','6550'),
	 (22,'PHONE','319','507','9908'),
	 (23,'PHONE','406','283','1432'),
	 (24,'PHONE','502','672','7890'),
	 (25,'PHONE','601','334','9102'),
	 (26,'PHONE','716','845','3771'),
	 (27,'PHONE','812','929','5606'),
	 (28,'PHONE','909','683','2145'),
	 (29,'PHONE','972','477','6980'),
	 (30,'PHONE','217','392','8841');
INSERT INTO portown.pp_phones (id,"type",areacode,exchange,"num") VALUES
	 (31,'PHONE','307','284','6321'),
	 (32,'PHONE','408','715','9983'),
	 (33,'PHONE','505','821','2374'),
	 (34,'PHONE','606','498','5732'),
	 (35,'PHONE','701','667','8920'),
	 (36,'PHONE','785','382','4477'),
	 (37,'PHONE','828','990','3142'),
	 (38,'PHONE','901','483','2056'),
	 (39,'PHONE','937','624','8112'),
	 (40,'PHONE','979','751','3309');
INSERT INTO portown.pp_phones (id,"type",areacode,exchange,"num") VALUES
	 (41,'PHONE','234','673','1023'),
	 (42,'PHONE','276','905','4810'),
	 (43,'PHONE','325','448','7715'),
	 (44,'PHONE','423','589','6428'),
	 (45,'PHONE','530','736','9004'),
	 (46,'PHONE','620','851','2857'),
	 (47,'PHONE','731','404','9932'),
	 (48,'PHONE','765','312','1543'),
	 (49,'PHONE','812','567','7099'),
	 (50,'PHONE','859','429','8806');
INSERT INTO portown.pp_phones (id,"type",areacode,exchange,"num") VALUES
	 (51,'PHONE','901','632','4147'),
	 (52,'PHONE','918','508','2668'),
	 (53,'PHONE','936','751','9452'),
	 (54,'PHONE','970','816','7314'),
	 (55,'PHONE','985','633','2008'),
	 (56,'PHONE','209','542','9173'),
	 (57,'PHONE','319','805','6217'),
	 (58,'PHONE','406','911','8390'),
	 (59,'PHONE','512','702','1348'),
	 (60,'PHONE','623','487','5003');
INSERT INTO portown.pp_phones (id,"type",areacode,exchange,"num") VALUES
	 (61,'PHONE','701','254','9427');

-- Insert PP_PROV
INSERT INTO portown.pp_prov (id,"name",tin_id,prov_type_id,address_id,spec_id) VALUES
	 (1,'St.Joseph Hospital',1,155,1,2073),
	 (2,'St.Joseph Emergency Care',1,155,1,1908);

-- Insert PP_ADDR_PHONES
INSERT INTO portown.pp_addr_phones (address_id,phone_id) VALUES
	 (1,1),
	 (2,1),
	 (3,2),
	 (4,3),
	 (5,4),
	 (6,5),
	 (7,6),
	 (8,7),
	 (9,8),
	 (10,9);
INSERT INTO portown.pp_addr_phones (address_id,phone_id) VALUES
	 (11,10),
	 (12,11),
	 (13,12),
	 (14,13),
	 (15,14),
	 (16,15),
	 (17,16),
	 (18,17),
	 (19,18),
	 (20,19);
INSERT INTO portown.pp_addr_phones (address_id,phone_id) VALUES
	 (21,20),
	 (22,21),
	 (23,22),
	 (24,23),
	 (25,24),
	 (26,25),
	 (27,26),
	 (28,27),
	 (29,28),
	 (30,29);
INSERT INTO portown.pp_addr_phones (address_id,phone_id) VALUES
	 (31,30),
	 (32,31),
	 (33,32),
	 (34,33),
	 (35,34),
	 (36,35),
	 (37,36),
	 (38,37),
	 (39,38),
	 (40,39);
INSERT INTO portown.pp_addr_phones (address_id,phone_id) VALUES
	 (41,40),
	 (42,41),
	 (43,42),
	 (44,43),
	 (45,44),
	 (46,45),
	 (47,46),
	 (48,47),
	 (49,48),
	 (50,49);
INSERT INTO portown.pp_addr_phones (address_id,phone_id) VALUES
	 (51,50),
	 (52,51),
	 (53,52),
	 (54,53),
	 (55,54),
	 (56,55),
	 (57,56),
	 (58,57),
	 (59,58),
	 (60,59);
INSERT INTO portown.pp_addr_phones (address_id,phone_id) VALUES
	 (61,60),
	 (62,61);


-- Insert PP_PROV_ADDR
INSERT INTO portown.pp_prov_addr (prov_id,address_id) VALUES
	 (1,1),
	 (2,1),
	 (2,2);

-- Insert PP_PROV_ATTRIB
INSERT INTO portown.pp_prov_attrib (id,prov_id,attribute_id) VALUES
	 (4,1,100640),
	 (5,1,101277),
	 (6,1,100638),
	 (2,1,101278),
	 (1,1,502),
	 (3,1,100073),
	 (7,1,103277),
	 (8,2,502),
	 (9,2,103277);

-- Insert PP_PROV_ATTRIB_VALUES
INSERT INTO portown.pp_prov_attrib_values (id,prov_attribute_id,field_id,value,value_date,value_number) VALUES
	 (7,4,101143,'Y',NULL,NULL),
	 (8,4,101141,NULL,'2021-05-01',NULL),
	 (9,4,104380,'Breast MRI',NULL,NULL),
	 (10,5,101955,'Y',NULL,NULL),
	 (11,5,101956,NULL,'2022-10-01',NULL),
	 (13,6,101137,NULL,'2018-08-01',NULL),
	 (12,6,101136,'Y',NULL,NULL),
	 (14,6,104381,'Medicare Deemed Status',NULL,NULL),
	 (5,2,101958,'','2020-07-01',NULL),
	 (4,2,101957,'YES',NULL,NULL);
INSERT INTO portown.pp_prov_attrib_values (id,prov_attribute_id,field_id,value,value_date,value_number) VALUES
	 (1,1,706,'235625546',NULL,NULL),
	 (2,1,708,NULL,'2019-01-01',NULL),
	 (3,1,707,'type 1',NULL,NULL),
	 (6,3,100283,'FL34634359',NULL,NULL),
	 (15,7,106275,'N',NULL,NULL),
	 (16,7,106276,'Y',NULL,NULL),
	 (17,7,105835,'MS0912',NULL,NULL),
	 (18,8,706,'235625547',NULL,NULL),
	 (19,8,707,'type 1',NULL,NULL),
	 (20,8,708,NULL,'2019-01-01',NULL);
INSERT INTO portown.pp_prov_attrib_values (id,prov_attribute_id,field_id,value,value_date,value_number) VALUES
	 (21,9,106275,'Y',NULL,NULL),
	 (22,9,106276,'N',NULL,NULL),
	 (23,9,105835,'MS0913',NULL,NULL),
	 (24,9,105836,'MS0912',NULL,NULL);

-- Insert PP_PROV_TIN_LOC
INSERT INTO portown.pp_prov_tin_loc (id,tin_id,address_id,"name","PRIMARY",print_suppress,office_mgr,train,bus,transit_route,handicap,prov_tin_prc_cont_id) VALUES
	 (1,1,3,'Lone Star Family Health Center','N','N','Tim Miller','N',NULL,NULL,NULL,NULL),
	 (2,1,4,'Bluebonnet Community Clinic','N','N','Sam Stein','N',NULL,NULL,NULL,NULL),
	 (3,1,5,'North Texas Regional Medical Center','N','N','John Last','N',NULL,NULL,NULL,NULL),
	 (4,1,6,'Rio Grande Valley Children’s Hospital','N','N','David Thompson','N',NULL,NULL,NULL,NULL),
	 (5,1,7,'Hill Country Wellness Center','N','N','Sarah Longwell','N',NULL,NULL,NULL,NULL);

-- Insert PP_PROV_LOC
INSERT INTO portown.pp_prov_loc (prov_id,loc_id,name_usage,"PRIMARY",start_date,end_date,print_suppress) VALUES
	 (1,1,NULL,'N',NULL,NULL,NULL),
	 (1,2,NULL,'N',NULL,NULL,NULL),
	 (1,3,NULL,'Y',NULL,NULL,NULL),
	 (1,4,NULL,'N',NULL,NULL,NULL),
	 (1,5,NULL,'N',NULL,NULL,NULL),
	 (2,1,NULL,'N',NULL,NULL,NULL),
	 (2,2,NULL,'N',NULL,NULL,NULL),
	 (2,3,NULL,'N',NULL,NULL,NULL),
	 (2,4,NULL,'Y',NULL,NULL,NULL),
	 (2,5,NULL,'N',NULL,NULL,NULL);

-- Insert PP_PROV_LOC_OFHOURS
INSERT INTO portown.pp_prov_loc_ofhours (id,prov_id,loc_id,"event",dayofweek,"time") VALUES
	 (1,1,1,'O','MO','A0800'),
	 (2,1,1,'C','MO','P0500'),
	 (3,1,1,'O','TU','A0900'),
	 (4,1,1,'C','TU','P0600'),
	 (5,1,1,'O','WE','A0800'),
	 (6,1,1,'C','WE','P0500'),
	 (7,1,1,'O','TH','A0900'),
	 (8,1,1,'C','TH','P0600'),
	 (9,1,1,'O','FR','A1000'),
	 (10,1,1,'C','FR','P0200');
INSERT INTO portown.pp_prov_loc_ofhours (id,prov_id,loc_id,"event",dayofweek,"time") VALUES
	 (11,1,2,'O','MO','A0800'),
	 (12,1,2,'C','MO','P0500'),
	 (13,1,2,'O','TU','A0800'),
	 (14,1,2,'C','TU','P0500'),
	 (15,1,2,'O','WE','A0800'),
	 (16,1,2,'C','WE','P0500'),
	 (17,1,2,'O','TH','A0800'),
	 (18,1,2,'C','TH','P0500'),
	 (19,1,2,'O','FR','A0800'),
	 (20,1,2,'C','FR','P0500');
INSERT INTO portown.pp_prov_loc_ofhours (id,prov_id,loc_id,"event",dayofweek,"time") VALUES
	 (21,1,3,'O','MO','A0800'),
	 (22,1,3,'C','MO','P0500'),
	 (23,1,3,'O','TU','A0900'),
	 (24,1,3,'C','TU','P0700'),
	 (25,1,3,'O','WE','A0800'),
	 (26,1,3,'C','WE','P0500'),
	 (27,1,3,'O','TH','A0500'),
	 (28,1,3,'C','TH','P0200'),
	 (29,1,3,'O','FR','A0800'),
	 (30,1,3,'C','FR','P0500');
INSERT INTO portown.pp_prov_loc_ofhours (id,prov_id,loc_id,"event",dayofweek,"time") VALUES
	 (31,1,4,'O','MO','A0800'),
	 (32,1,4,'C','MO','P0500'),
	 (33,1,4,'O','TU','A1000'),
	 (34,1,4,'C','TU','P0800'),
	 (35,1,4,'O','WE','A0700'),
	 (36,1,4,'C','WE','P0400'),
	 (37,1,4,'O','TH','A0500'),
	 (38,1,4,'C','TH','P0300'),
	 (39,1,4,'O','FR','A0830'),
	 (40,1,4,'C','FR','P0530');
INSERT INTO portown.pp_prov_loc_ofhours (id,prov_id,loc_id,"event",dayofweek,"time") VALUES
	 (41,1,5,'O','MO','A0800'),
	 (42,1,5,'C','MO','P0500'),
	 (43,1,5,'O','TU','A1000'),
	 (44,1,5,'C','TU','P0800'),
	 (45,1,5,'O','WE','A0700'),
	 (46,1,5,'C','WE','P0400'),
	 (47,1,5,'O','TH','A0500'),
	 (48,1,5,'C','TH','P0300'),
	 (49,1,5,'O','FR','A0830'),
	 (50,1,5,'C','FR','P0530');
INSERT INTO portown.pp_prov_loc_ofhours (id,prov_id,loc_id,"event",dayofweek,"time") VALUES
	 (51,2,1,'O','MO','A0800'),
	 (52,2,1,'C','MO','P0500'),
	 (53,2,1,'O','TU','A0900'),
	 (54,2,1,'C','TU','P0600'),
	 (55,2,1,'O','WE','A0800'),
	 (56,2,1,'C','WE','P0500'),
	 (57,2,1,'O','TH','A0900'),
	 (58,2,1,'C','TH','P0600'),
	 (59,2,1,'O','FR','A1000'),
	 (60,2,1,'C','FR','P0200');
INSERT INTO portown.pp_prov_loc_ofhours (id,prov_id,loc_id,"event",dayofweek,"time") VALUES
	 (61,2,2,'O','MO','A0800'),
	 (62,2,2,'C','MO','P0500'),
	 (63,2,2,'O','TU','A0800'),
	 (64,2,2,'C','TU','P0500'),
	 (65,2,2,'O','WE','A0800'),
	 (66,2,2,'C','WE','P0500'),
	 (67,2,2,'O','TH','A0800'),
	 (68,2,2,'C','TH','P0500'),
	 (69,2,2,'O','FR','A0800'),
	 (70,2,2,'C','FR','P0500');
INSERT INTO portown.pp_prov_loc_ofhours (id,prov_id,loc_id,"event",dayofweek,"time") VALUES
	 (71,2,3,'O','MO','A0800'),
	 (72,2,3,'C','MO','P0500'),
	 (73,2,3,'O','TU','A0900'),
	 (74,2,3,'C','TU','P0700'),
	 (75,2,3,'O','WE','A0800'),
	 (76,2,3,'C','WE','P0500'),
	 (77,2,3,'O','TH','A0500'),
	 (78,2,3,'C','TH','P0200'),
	 (79,2,3,'O','FR','A0800'),
	 (80,2,3,'C','FR','P0500');
INSERT INTO portown.pp_prov_loc_ofhours (id,prov_id,loc_id,"event",dayofweek,"time") VALUES
	 (81,2,4,'O','MO','A0800'),
	 (82,2,4,'C','MO','P0500'),
	 (83,2,4,'O','TU','A1000'),
	 (84,2,4,'C','TU','P0800'),
	 (85,2,4,'O','WE','A0700'),
	 (86,2,4,'C','WE','P0400'),
	 (87,2,4,'O','TH','A0500'),
	 (88,2,4,'C','TH','P0300'),
	 (89,2,4,'O','FR','A0830'),
	 (90,2,4,'C','FR','P0530');
INSERT INTO portown.pp_prov_loc_ofhours (id,prov_id,loc_id,"event",dayofweek,"time") VALUES
	 (91,2,5,'O','MO','A0800'),
	 (92,2,5,'C','MO','P0500'),
	 (93,2,5,'O','TU','A1000'),
	 (94,2,5,'C','TU','P0800'),
	 (95,2,5,'O','WE','A0700'),
	 (96,2,5,'C','WE','P0400'),
	 (97,2,5,'O','TH','A0500'),
	 (98,2,5,'C','TH','P0300'),
	 (99,2,5,'O','FR','A0830'),
	 (100,2,5,'C','FR','P0530');

-- Insert PP_PROV_NET_CYCLE
INSERT INTO portown.pp_prov_net_cycle (id,prov_id,net_id,status,start_date,end_date) VALUES
	 (1,1,3258,'PAR','2001-06-01','4000-01-01'),
	 (2,1,7723,'PAR','2005-01-01','2018-12-31'),
	 (3,1,7723,'PAR','2020-01-01','4000-01-01'),
	 (4,1,14694,'PAR','2015-01-01','4000-01-01'),
	 (5,2,14694,'PAR','2020-01-01','4000-01-01');

-- Insert PP_PROV_NET_LOC_CYCLE
INSERT INTO portown.pp_prov_net_loc_cycle (id,prov_net_cycle_id,prov_id,loc_id,start_date,end_date,"PRIMARY") VALUES
	 (1,1,1,1,'2001-06-01','2010-10-31','N'),
	 (2,1,1,1,'2011-07-01','4000-01-01','Y'),
	 (3,1,1,2,'2015-08-01','4000-01-01','N'),
	 (4,2,1,3,'2005-01-01','2018-12-31','N'),
	 (5,3,1,4,'2020-01-01','4000-01-01','N'),
	 (6,4,1,5,'2015-01-01','4000-01-01','N'),
	 (7,4,1,4,'2020-01-01','4000-01-01','N'),
	 (8,5,2,1,'2020-01-01','4000-01-01','N'),
	 (9,5,2,2,'2020-01-01','4000-01-01','N'),
	 (10,5,2,3,'2020-01-01','4000-01-01','N');
INSERT INTO portown.pp_prov_net_loc_cycle (id,prov_net_cycle_id,prov_id,loc_id,start_date,end_date,"PRIMARY") VALUES
	 (11,5,2,4,'2020-01-01','4000-01-01','N'),
	 (12,5,2,5,'2020-01-01','4000-01-01','N');

-- Insert PP_PROV_LOC_ATTRIB
INSERT INTO portown.pp_prov_loc_attrib (id,prov_id,loc_id,attribute_id) VALUES
	 (1,1,1,106877),
	 (2,1,2,106877),
	 (3,1,3,106877),
	 (4,1,4,106877),
	 (5,1,5,106877),
	 (6,2,1,106877),
	 (7,2,2,106877),
	 (8,2,3,106877),
	 (9,2,4,106877),
	 (10,2,5,106877),
	 (11,2,1,103797);

-- Insert PP_PROV_LOC_ATTRIB_VALUES
INSERT INTO portown.pp_prov_loc_attrib_values (id,prov_loc_attribute_id,field_id,value,value_date,value_number) VALUES
	 ('1',1,111355,'Mutispecialty',NULL,NULL),
	 ('2',2,111355,'Mutispecialty',NULL,NULL),
	 ('3',3,111355,'Mutispecialty',NULL,NULL),
	 ('4',4,111355,'Mutispecialty',NULL,NULL),
	 ('5',5,111355,'Mutispecialty',NULL,NULL),
	 ('6',6,111355,'Emergency',NULL,NULL),
	 ('7',7,111355,'Emergency',NULL,NULL),
	 ('8',8,111355,'Emergency',NULL,NULL),
	 ('9',9,111355,'Emergency',NULL,NULL),
	 ('10',10,111355,'Emergency',NULL,NULL),
	 ('11',11,106675,'P',NULL,NULL),
	 ('12',11,106796,'CERT-NUM-1',NULL,NULL),
	 ('13',11,106797,NULL,'2018-09-06',NULL),
	 ('14',11,106798,NULL,'4000-01-01',NULL);

INSERT INTO portown.pp_prac (id,fname,mname,lname,xname,"degree",sex,dob,ssn,email,salutation,label_cluster_id,prac_type_id,narrative) VALUES
	 (1,'John',NULL,'Doe',NULL,'MD','M','2022-09-07','083-94-5235','john.doe@gmail.com',NULL,NULL,NULL,NULL);

INSERT INTO portown.pp_prac_loc (prac_id,prov_id,loc_id,"PRIMARY",print_suppress,start_date,end_date,label_cluster_id) VALUES
	 (1,1,1,'Y','N',NULL,NULL,NULL);

INSERT INTO portown.pp_prac_net_cycle (id,prac_id,net_id,start_date,end_date,status,label_cluster_id) VALUES
	 (1,1,3258,'2020-09-01','4000-01-01','PAR',NULL);

INSERT INTO portown.pp_prac_net_loc_cycle (id,prac_id,prov_id,loc_id,prac_net_cycle_id,start_date,end_date,"PRIMARY",label_cluster_id) VALUES
	 (1,1,1,1,1,'2020-09-01','4000-01-01','Y',NULL);

